KD.pubID	KD.geneSymbol	perturb_id	KD_eff.Inc	Inc_flag	KD_eff.CAGE	ASO_hit	localization	geneClass	expression
A1BG-AS1	A1BG-AS1	ASO_G0268895_01	89.413	1	77.512	exonic	Chromatin bound	lncRNA_divergent	11.406
A1BG-AS1	A1BG-AS1	ASO_G0268895_02	63.181	1	11.825	exonic	Chromatin bound	lncRNA_divergent	11.406
A1BG-AS1	A1BG-AS1	ASO_G0268895_03	82.811	1	70.716	exonic	Chromatin bound	lncRNA_divergent	11.406
A1BG-AS1	A1BG-AS1	ASO_G0268895_04	54.211	0	25.581	exonic	Chromatin bound	lncRNA_divergent	11.406
A1BG-AS1	A1BG-AS1	ASO_G0268895_10	10.907	0	45.84	exonic	Chromatin bound	lncRNA_divergent	11.406
AC004980.7	AC004980.7	ASO_G0205485_01	87.316	1	75.523	exonic	Chromatin bound	pseudogene	16.738
AC004980.7	AC004980.7	ASO_G0205485_02	77.485	1	56.978	exonic	Chromatin bound	pseudogene	16.738
AC004980.7	AC004980.7	ASO_G0205485_03	72.967	1	70.205	exonic	Chromatin bound	pseudogene	16.738
AC004980.7	AC004980.7	ASO_G0205485_05	50.783	0	-26.261	exonic	Chromatin bound	pseudogene	16.738
SPRY4-AS1	AC005592.2	ASO_G0231185_01	38.88	0	79.489	exonic	Chromatin bound	lncRNA_divergent	11.469
SPRY4-AS1	AC005592.2	ASO_G0231185_02	69.785	1	72.334	exonic	Chromatin bound	lncRNA_divergent	11.469
SPRY4-AS1	AC005592.2	ASO_G0231185_03	99.337	1	68.005	exonic	Chromatin bound	lncRNA_divergent	11.469
SPRY4-AS1	AC005592.2	ASO_G0231185_06	43.313	0	58.431	exonic	Chromatin bound	lncRNA_divergent	11.469
SPRY4-AS1	AC005592.2	ASO_G0231185_09	-18.552	0	53.107	exonic	Chromatin bound	lncRNA_divergent	11.469
MAP4K3-DT	AC007246.3	ASO_G0231312_01	39.385	0	29.893	exonic	Chromatin bound	lncRNA_divergent	14.108
MAP4K3-DT	AC007246.3	ASO_G0231312_02	93.053	1	91.703	exonic	Chromatin bound	lncRNA_divergent	14.108
MAP4K3-DT	AC007246.3	ASO_G0231312_03	44.655	0	39.067	exonic	Chromatin bound	lncRNA_divergent	14.108
MAP4K3-DT	AC007246.3	ASO_G0231312_04	79.557	1	83.336	exonic	Chromatin bound	lncRNA_divergent	14.108
MAP4K3-DT	AC007246.3	ASO_G0231312_05	63.497	1	32.764	exonic	Chromatin bound	lncRNA_divergent	14.108
AC007773.2	AC007773.2	ASO_G0267213_01	80.868	1	73.738	exonic	Nuclear soluble	lncRNA_divergent	2.38
AC007773.2	AC007773.2	ASO_G0267213_03	86.531	1	65.434	exonic	Nuclear soluble	lncRNA_divergent	2.38
AC007773.2	AC007773.2	ASO_G0267213_04	62.611	1	64.761	exonic	Nuclear soluble	lncRNA_divergent	2.38
AC007773.2	AC007773.2	ASO_G0267213_06	56.953	1	73.619	exonic	Nuclear soluble	lncRNA_divergent	2.38
AC007773.2	AC007773.2	ASO_G0267213_10	78.609	1	67.785	exonic	Nuclear soluble	lncRNA_divergent	2.38
MYOSLID	AC007879.7	ASO_G0229647_01	-1.574	0	38.647	exonic	Chromatin bound	lncRNA_intergenic	0.971
MYOSLID	AC007879.7	ASO_G0229647_02	21.628	0	22.028	exonic	Chromatin bound	lncRNA_intergenic	0.971
MYOSLID	AC007879.7	ASO_G0229647_03	4.774	0	37.606	exonic	Chromatin bound	lncRNA_intergenic	0.971
MYOSLID	AC007879.7	ASO_G0229647_04	48.178	1	51.818	exonic	Chromatin bound	lncRNA_intergenic	0.971
MYOSLID	AC007879.7	ASO_G0229647_06	12.182	0	59.209	exonic	Chromatin bound	lncRNA_intergenic	0.971
MYOSLID	AC007879.7	ASO_G0229647_AD_01	50.627	0	41.654	intronic	Chromatin bound	lncRNA_intergenic	0.971
MYOSLID	AC007879.7	ASO_G0229647_AD_04	45.456	0	37.052	intronic	Chromatin bound	lncRNA_intergenic	0.971
MYOSLID	AC007879.7	ASO_G0229647_AD_05	31.084	0	8.271	intronic	Chromatin bound	lncRNA_intergenic	0.971
MYOSLID	AC007879.7	ASO_G0229647_AD_06	44.626	0	15.44	intronic	Chromatin bound	lncRNA_intergenic	0.971
MYOSLID	AC007879.7	ASO_G0229647_AD_09	76.721	1	42.679	intronic	Chromatin bound	lncRNA_intergenic	0.971
AC009005.2	AC009005.2	ASO_G0267751_01	38.913	0	14.176	exonic	Nuclear soluble	lncRNA_divergent	2.033
AC009005.2	AC009005.2	ASO_G0267751_04	18.174	0	18.369	exonic	Nuclear soluble	lncRNA_divergent	2.033
AC009005.2	AC009005.2	ASO_G0267751_06	29.25	0	21.975	exonic	Nuclear soluble	lncRNA_divergent	2.033
AC009005.2	AC009005.2	ASO_G0267751_07	51.089	0	86.236	exonic	Nuclear soluble	lncRNA_divergent	2.033
AC009005.2	AC009005.2	ASO_G0267751_09	55.539	0	19.872	exonic	Nuclear soluble	lncRNA_divergent	2.033
AC009005.2	AC009005.2	ASO_G0267751_AD_01	66.387	1	35.507	exonic	Nuclear soluble	lncRNA_divergent	2.033
AC009005.2	AC009005.2	ASO_G0267751_AD_02	88.203	1	77.172	exonic	Nuclear soluble	lncRNA_divergent	2.033
AC009005.2	AC009005.2	ASO_G0267751_AD_04	49.061	1	23.306	exonic	Nuclear soluble	lncRNA_divergent	2.033
AC009005.2	AC009005.2	ASO_G0267751_AD_05	74.244	1	20.156	exonic	Nuclear soluble	lncRNA_divergent	2.033
AC009005.2	AC009005.2	ASO_G0267751_AD_09	37.927	0	12.333	exonic	Nuclear soluble	lncRNA_divergent	2.033
AC009237.8	AC009237.8	ASO_G0229689_01	0	0	15.849	exonic	Chromatin bound	pseudogene	7.893
AC009237.8	AC009237.8	ASO_G0229689_02	0	0	10.402	exonic	Chromatin bound	pseudogene	7.893
AC009237.8	AC009237.8	ASO_G0229689_03	0	0	16.582	exonic	Chromatin bound	pseudogene	7.893
AC009237.8	AC009237.8	ASO_G0229689_04	0	0	10.05	exonic	Chromatin bound	pseudogene	7.893
AC009237.8	AC009237.8	ASO_G0229689_07	0	0	5.385	exonic	Chromatin bound	pseudogene	7.893
CHROMR	AC009948.5	ASO_G0223960_01	57.212	1	19.96	exonic	Cytoplasmic	lncRNA_intergenic	14.033
CHROMR	AC009948.5	ASO_G0223960_03	88.606	1	47.076	exonic	Cytoplasmic	lncRNA_intergenic	14.033
CHROMR	AC009948.5	ASO_G0223960_04	85.557	1	43.112	exonic	Cytoplasmic	lncRNA_intergenic	14.033
CHROMR	AC009948.5	ASO_G0223960_08	86.17	1	66.914	exonic	Cytoplasmic	lncRNA_intergenic	14.033
CHROMR	AC009948.5	ASO_G0223960_AD_01	23.872	0	15.635	intronic	Cytoplasmic	lncRNA_intergenic	14.033
CHROMR	AC009948.5	ASO_G0223960_AD_03	60.667	1	24.502	intronic	Cytoplasmic	lncRNA_intergenic	14.033
CHROMR	AC009948.5	ASO_G0223960_AD_04	53.837	1	4.84	intronic	Cytoplasmic	lncRNA_intergenic	14.033
CHROMR	AC009948.5	ASO_G0223960_AD_05	75.457	1	11.451	intronic	Cytoplasmic	lncRNA_intergenic	14.033
CHROMR	AC009948.5	ASO_G0223960_AD_10	96.212	1	77.471	exonic	Cytoplasmic	lncRNA_intergenic	14.033
ZNF232-AS1	AC012146.7	ASO_G0234327_01	72.173	1	69.178	exonic	Cytoplasmic	lncRNA_divergent	14.884
ZNF232-AS1	AC012146.7	ASO_G0234327_06	9.1	0	17.396	exonic	Cytoplasmic	lncRNA_divergent	14.884
ZNF232-AS1	AC012146.7	ASO_G0234327_07	67.549	1	55.795	exonic	Cytoplasmic	lncRNA_divergent	14.884
ZNF232-AS1	AC012146.7	ASO_G0234327_08	-28.878	0	41.012	exonic	Cytoplasmic	lncRNA_divergent	14.884
ZNF232-AS1	AC012146.7	ASO_G0234327_10	-5.144	0	28.882	exonic	Cytoplasmic	lncRNA_divergent	14.884
LINC01535	AC012309.5	ASO_G0226686_01	34.45	0	32.949	exonic	Chromatin bound	lncRNA_intergenic	4.2
LINC01535	AC012309.5	ASO_G0226686_03	11.426	0	22.583	exonic	Chromatin bound	lncRNA_intergenic	4.2
LINC01535	AC012309.5	ASO_G0226686_04	-14.429	0	7.406	exonic	Chromatin bound	lncRNA_intergenic	4.2
LINC01535	AC012309.5	ASO_G0226686_05	48.189	0	18.003	exonic	Chromatin bound	lncRNA_intergenic	4.2
LINC01535	AC012309.5	ASO_G0226686_07	75.72	1	46.523	exonic	Chromatin bound	lncRNA_intergenic	4.2
LINC01578	AC013394.2	ASO_G0272888_01	4.214	0	30.255	exonic	Cytoplasmic	lncRNA_sense_intronic	52.322
LINC01578	AC013394.2	ASO_G0272888_02	32.732	0	26.636	exonic	Cytoplasmic	lncRNA_sense_intronic	52.322
LINC01578	AC013394.2	ASO_G0272888_04	18.926	0	59.942	exonic	Cytoplasmic	lncRNA_sense_intronic	52.322
LINC01578	AC013394.2	ASO_G0272888_05	24.232	0	-22.632	exonic	Cytoplasmic	lncRNA_sense_intronic	52.322
LINC01578	AC013394.2	ASO_G0272888_08	50.894	0	40.811	exonic	Cytoplasmic	lncRNA_sense_intronic	52.322
LINC01578	AC013394.2	ASO_G0272888_AD_04	71.473	1	15.14	exonic	Cytoplasmic	lncRNA_sense_intronic	52.322
LINC01578	AC013394.2	ASO_G0272888_AD_06	92.828	1	56.201	exonic	Cytoplasmic	lncRNA_sense_intronic	52.322
LINC01578	AC013394.2	ASO_G0272888_AD_07	98.923	1	95.399	exonic	Cytoplasmic	lncRNA_sense_intronic	52.322
LINC01578	AC013394.2	ASO_G0272888_AD_09	74.809	1	3.328	intronic	Cytoplasmic	lncRNA_sense_intronic	52.322
LINC01578	AC013394.2	ASO_G0272888_AD_10	92.71	1	77.501	exonic	Cytoplasmic	lncRNA_sense_intronic	52.322
AC016747.3	AC016747.3	ASO_G0212978_01	82.925	1	59.568	exonic	Cytoplasmic	lncRNA_divergent	14.125
AC016747.3	AC016747.3	ASO_G0212978_02	89.071	1	80.88	exonic	Cytoplasmic	lncRNA_divergent	14.125
AC016747.3	AC016747.3	ASO_G0212978_03	79.909	1	64.611	exonic	Cytoplasmic	lncRNA_divergent	14.125
AC016747.3	AC016747.3	ASO_G0212978_04	63.908	1	63.49	exonic	Cytoplasmic	lncRNA_divergent	14.125
AC016747.3	AC016747.3	ASO_G0212978_06	31.829	0	26.027	exonic	Cytoplasmic	lncRNA_divergent	14.125
LINC01116	AC017048.3	ASO_G0163364_01	62.449	1	30.269	exonic	Cytoplasmic	lncRNA_intergenic	4.805
LINC01116	AC017048.3	ASO_G0163364_02	43.941	0	49.533	exonic	Cytoplasmic	lncRNA_intergenic	4.805
LINC01116	AC017048.3	ASO_G0163364_03	63.928	1	60.111	exonic	Cytoplasmic	lncRNA_intergenic	4.805
LINC01116	AC017048.3	ASO_G0163364_04	77.664	1	92.009	exonic	Cytoplasmic	lncRNA_intergenic	4.805
LINC01116	AC017048.3	ASO_G0163364_06	86.575	1	75.993	exonic	Cytoplasmic	lncRNA_intergenic	4.805
LINC01116	AC017048.3	ASO_G0163364_AD_01	88.488	1	90.559	exonic	Cytoplasmic	lncRNA_intergenic	4.805
LINC01116	AC017048.3	ASO_G0163364_AD_02	73.049	1	50.249	exonic	Cytoplasmic	lncRNA_intergenic	4.805
LINC01116	AC017048.3	ASO_G0163364_AD_03	46.879	0	47.72	intronic	Cytoplasmic	lncRNA_intergenic	4.805
LINC01116	AC017048.3	ASO_G0163364_AD_09	72.115	1	57.721	intronic	Cytoplasmic	lncRNA_intergenic	4.805
LINC01116	AC017048.3	ASO_G0163364_AD_10	73.37	1	53.544	exonic	Cytoplasmic	lncRNA_intergenic	4.805
LINC01117	AC017048.4	ASO_G0224577_01	83.985	0	64.019	exonic	Chromatin bound	lncRNA_intergenic	1.863
LINC01117	AC017048.4	ASO_G0224577_02	67.93	1	73.349	exonic	Chromatin bound	lncRNA_intergenic	1.863
LINC01117	AC017048.4	ASO_G0224577_03	50.266	0	22.233	exonic	Chromatin bound	lncRNA_intergenic	1.863
LINC01117	AC017048.4	ASO_G0224577_04	72.388	0	32.2	exonic	Chromatin bound	lncRNA_intergenic	1.863
LINC01117	AC017048.4	ASO_G0224577_05	78.116	1	60.09	exonic	Chromatin bound	lncRNA_intergenic	1.863
LINC01117	AC017048.4	ASO_G0224577_AD_02	-63.146	0	0.11	exonic	Chromatin bound	lncRNA_intergenic	1.863
LINC01117	AC017048.4	ASO_G0224577_AD_05	62.575	1	79.08	intronic	Chromatin bound	lncRNA_intergenic	1.863
LINC01117	AC017048.4	ASO_G0224577_AD_08	90.976	1	-43142108.649	intronic	Chromatin bound	lncRNA_intergenic	1.863
LINC01117	AC017048.4	ASO_G0224577_AD_09	54.644	0	55.355	intronic	Chromatin bound	lncRNA_intergenic	1.863
LINC01117	AC017048.4	ASO_G0224577_AD_10	-38.276	0	4.732	intronic	Chromatin bound	lncRNA_intergenic	1.863
AC018464.3	AC018464.3	ASO_G0234520_01	44.038	0	36.004	exonic	Chromatin bound	lncRNA_intergenic	0.438
AC018464.3	AC018464.3	ASO_G0234520_04	61.855	1	16.076	exonic	Chromatin bound	lncRNA_intergenic	0.438
AC018464.3	AC018464.3	ASO_G0234520_05	50.215	0	-4.553	exonic	Chromatin bound	lncRNA_intergenic	0.438
AC018464.3	AC018464.3	ASO_G0234520_06	39.15	0	2.694	exonic	Chromatin bound	lncRNA_intergenic	0.438
AC018464.3	AC018464.3	ASO_G0234520_08	61.813	1	42.346	exonic	Chromatin bound	lncRNA_intergenic	0.438
LSP1P4	AC027612.6	ASO_G0143429_01	68.106	0	-19.349	exonic	Cytoplasmic	pseudogene	70.605
LSP1P4	AC027612.6	ASO_G0143429_03	64.68	1	40.73	exonic	Cytoplasmic	pseudogene	70.605
LSP1P4	AC027612.6	ASO_G0143429_04	54.654	1	52.72	exonic	Cytoplasmic	pseudogene	70.605
LSP1P4	AC027612.6	ASO_G0143429_05	72.395	0	69.254	exonic	Cytoplasmic	pseudogene	70.605
LSP1P4	AC027612.6	ASO_G0143429_06	20.527	0	-0.196	exonic	Cytoplasmic	pseudogene	70.605
LSP1P4	AC027612.6	ASO_G0143429_AD_01	53.805	1	45.064	exonic	Cytoplasmic	pseudogene	70.605
LSP1P4	AC027612.6	ASO_G0143429_AD_02	75.405	1	50.037	exonic	Cytoplasmic	pseudogene	70.605
LSP1P4	AC027612.6	ASO_G0143429_AD_03	66.202	1	45.075	exonic	Cytoplasmic	pseudogene	70.605
LSP1P4	AC027612.6	ASO_G0143429_AD_05	63.092	1	37.212	exonic	Cytoplasmic	pseudogene	70.605
LSP1P4	AC027612.6	ASO_G0143429_AD_06	79.032	1	43.215	exonic	Cytoplasmic	pseudogene	70.605
AC046143.3	AC046143.3	ASO_G0229334_03	2.463	0	16.727	exonic	Cytoplasmic	lncRNA_divergent	1.906
AC046143.3	AC046143.3	ASO_G0229334_05	-23.221	0	-6.187	exonic	Cytoplasmic	lncRNA_divergent	1.906
AC046143.3	AC046143.3	ASO_G0229334_06	6.537	0	16.016	exonic	Cytoplasmic	lncRNA_divergent	1.906
AC046143.3	AC046143.3	ASO_G0229334_08	4.679	0	1.902	exonic	Cytoplasmic	lncRNA_divergent	1.906
AC084219.4	AC084219.4	ASO_G0186019_01	34.905	0	33.328	exonic	Cytoplasmic	lncRNA_divergent	1.936
AC084219.4	AC084219.4	ASO_G0186019_02	-19.703	0	28.645	exonic	Cytoplasmic	lncRNA_divergent	1.936
AC084219.4	AC084219.4	ASO_G0186019_03	22.242	0	25.839	exonic	Cytoplasmic	lncRNA_divergent	1.936
AC084219.4	AC084219.4	ASO_G0186019_06	14.612	0	19.058	exonic	Cytoplasmic	lncRNA_divergent	1.936
AC084219.4	AC084219.4	ASO_G0186019_09	5.278	0	31.37	exonic	Cytoplasmic	lncRNA_divergent	1.936
ZFAND2A-DT	AC091729.9	ASO_G0229043_01	64.671	1	19.572	exonic	Nuclear soluble	lncRNA_divergent	7.114
ZFAND2A-DT	AC091729.9	ASO_G0229043_02	44.494	0	55.012	exonic	Nuclear soluble	lncRNA_divergent	7.114
ZFAND2A-DT	AC091729.9	ASO_G0229043_03	36.484	0	36.311	exonic	Nuclear soluble	lncRNA_divergent	7.114
ZFAND2A-DT	AC091729.9	ASO_G0229043_06	61.31	1	28.333	exonic	Nuclear soluble	lncRNA_divergent	7.114
ZFAND2A-DT	AC091729.9	ASO_G0229043_07	97.412	1	91.325	exonic	Nuclear soluble	lncRNA_divergent	7.114
ZFAND2A-DT	AC091729.9	ASO_G0229043_AD_01	60.298	1	-47697137.538	exonic	Nuclear soluble	lncRNA_divergent	7.114
ZFAND2A-DT	AC091729.9	ASO_G0229043_AD_04	42.553	0	26.242	exonic	Nuclear soluble	lncRNA_divergent	7.114
ZFAND2A-DT	AC091729.9	ASO_G0229043_AD_05	58.829	0	70.011	exonic	Nuclear soluble	lncRNA_divergent	7.114
ZFAND2A-DT	AC091729.9	ASO_G0229043_AD_06	45.035	0	17.891	exonic	Nuclear soluble	lncRNA_divergent	7.114
ZFAND2A-DT	AC091729.9	ASO_G0229043_AD_10	67.057	1	54.945	exonic	Nuclear soluble	lncRNA_divergent	7.114
ZNF529-AS1	AC092295.7	ASO_G0233527_01	44.14	0	47.351	exonic	Chromatin bound	lncRNA_divergent	8.619
ZNF529-AS1	AC092295.7	ASO_G0233527_02	47.155	0	63.986	exonic	Chromatin bound	lncRNA_divergent	8.619
ZNF529-AS1	AC092295.7	ASO_G0233527_03	18.743	0	58.473	exonic	Chromatin bound	lncRNA_divergent	8.619
ZNF529-AS1	AC092295.7	ASO_G0233527_05	47.435	1	57.957	exonic	Chromatin bound	lncRNA_divergent	8.619
ZNF529-AS1	AC092295.7	ASO_G0233527_07	59.378	1	69.651	exonic	Chromatin bound	lncRNA_divergent	8.619
ITGA9-AS1	AC093415.2	ASO_G0235257_01	66.499	1	24.296	exonic	Chromatin bound	lncRNA_divergent	9.312
ITGA9-AS1	AC093415.2	ASO_G0235257_04	38.832	0	43.592	exonic	Chromatin bound	lncRNA_divergent	9.312
ITGA9-AS1	AC093415.2	ASO_G0235257_06	30.744	0	24.695	exonic	Chromatin bound	lncRNA_divergent	9.312
ITGA9-AS1	AC093415.2	ASO_G0235257_07	56.597	0	23.562	exonic	Chromatin bound	lncRNA_divergent	9.312
ITGA9-AS1	AC093415.2	ASO_G0235257_09	58.94	1	21.228	exonic	Chromatin bound	lncRNA_divergent	9.312
AC093627.10	AC093627.10	ASO_G0240859_03	41.187	0	46.347	exonic	Cytoplasmic	lncRNA_intergenic	2.228
AC093627.10	AC093627.10	ASO_G0240859_04	30.718	0	27.452	exonic	Cytoplasmic	lncRNA_intergenic	2.228
AC093627.10	AC093627.10	ASO_G0240859_05	26.512	0	-0.089	exonic	Cytoplasmic	lncRNA_intergenic	2.228
AC093627.10	AC093627.10	ASO_G0240859_08	39.171	0	26.396	exonic	Cytoplasmic	lncRNA_intergenic	2.228
AC093627.10	AC093627.10	ASO_G0240859_09	29.693	0	44.967	exonic	Cytoplasmic	lncRNA_intergenic	2.228
AC093627.9	AC093627.9	ASO_G0242474_01	47.488	1	58.71	exonic	Nuclear soluble	lncRNA_intergenic	3.579
AC093627.9	AC093627.9	ASO_G0242474_02	67.731	1	34.211	exonic	Nuclear soluble	lncRNA_intergenic	3.579
AC093627.9	AC093627.9	ASO_G0242474_04	35.477	0	54.206	exonic	Nuclear soluble	lncRNA_intergenic	3.579
AC093627.9	AC093627.9	ASO_G0242474_05	43.088	0	39.991	exonic	Nuclear soluble	lncRNA_intergenic	3.579
AC093627.9	AC093627.9	ASO_G0242474_06	67.855	1	28.942	exonic	Nuclear soluble	lncRNA_intergenic	3.579
RNASEH1-AS1	AC108488.3	ASO_G0234171_01	76.461	1	64.288	exonic	Cytoplasmic	lncRNA_divergent	18.294
RNASEH1-AS1	AC108488.3	ASO_G0234171_02	86.159	1	79.83	exonic	Cytoplasmic	lncRNA_divergent	18.294
RNASEH1-AS1	AC108488.3	ASO_G0234171_03	62.72	1	59.256	exonic	Cytoplasmic	lncRNA_divergent	18.294
RNASEH1-AS1	AC108488.3	ASO_G0234171_06	76.737	1	87.917	exonic	Cytoplasmic	lncRNA_divergent	18.294
RNASEH1-AS1	AC108488.3	ASO_G0234171_09	73.964	1	79.226	exonic	Cytoplasmic	lncRNA_divergent	18.294
AC108488.4	AC108488.4	ASO_G0242282_06	6.808	0	5.993	exonic	Chromatin bound	lncRNA_sense_intronic	2.241
AC108488.4	AC108488.4	ASO_G0242282_07	29.873	0	31.39	exonic	Chromatin bound	lncRNA_sense_intronic	2.241
AC108488.4	AC108488.4	ASO_G0242282_08	28.817	0	24.897	exonic	Chromatin bound	lncRNA_sense_intronic	2.241
AC108488.4	AC108488.4	ASO_G0242282_09	23.314	0	31.807	exonic	Chromatin bound	lncRNA_sense_intronic	2.241
AC108488.4	AC108488.4	ASO_G0242282_10	50.189	1	47.264	exonic	Chromatin bound	lncRNA_sense_intronic	2.241
AC112721.2	AC112721.2	ASO_G0222032_01	62.397	1	0	exonic	other	lncRNA_intergenic	2.644
AC112721.2	AC112721.2	ASO_G0222032_02	58.624	0	0	exonic	other	lncRNA_intergenic	2.644
AC112721.2	AC112721.2	ASO_G0222032_03	77.373	1	0	exonic	other	lncRNA_intergenic	2.644
AC112721.2	AC112721.2	ASO_G0222032_06	65.237	1	0	exonic	other	lncRNA_intergenic	2.644
AC112721.2	AC112721.2	ASO_G0222032_10	30.118	0	0	exonic	other	lncRNA_intergenic	2.644
AC124789.1	AC124789.1	ASO_G0260833_01	41.92	0	11.604	exonic	Nuclear soluble	lncRNA_antisense	20.43
AC124789.1	AC124789.1	ASO_G0260833_02	29.212	0	14.799	exonic	Nuclear soluble	lncRNA_antisense	20.43
AC124789.1	AC124789.1	ASO_G0260833_03	15.821	0	32.324	exonic	Nuclear soluble	lncRNA_antisense	20.43
AC124789.1	AC124789.1	ASO_G0260833_06	79.006	1	80.075	exonic	Nuclear soluble	lncRNA_antisense	20.43
AC124789.1	AC124789.1	ASO_G0260833_07	39.192	0	14.755	exonic	Nuclear soluble	lncRNA_antisense	20.43
AC124789.1	AC124789.1	ASO_G0260833_AD_01	0	0	22.524	exonic	Nuclear soluble	lncRNA_antisense	20.43
AC124789.1	AC124789.1	ASO_G0260833_AD_05	0	0	4.657	intronic	Nuclear soluble	lncRNA_antisense	20.43
AC124789.1	AC124789.1	ASO_G0260833_AD_06	0	0	38.705	exonic	Nuclear soluble	lncRNA_antisense	20.43
AC124789.1	AC124789.1	ASO_G0260833_AD_07	0	0	7.735	exonic	Nuclear soluble	lncRNA_antisense	20.43
AC124789.1	AC124789.1	ASO_G0260833_AD_10	0	0	44.003	exonic	Nuclear soluble	lncRNA_antisense	20.43
AC144652.1	AC144652.1	ASO_G0273117_01	12.481	0	13.488	exonic	Nuclear soluble	lncRNA_divergent	2.861
AC144652.1	AC144652.1	ASO_G0273117_03	5.416	0	22.526	exonic	Nuclear soluble	lncRNA_divergent	2.861
AC144652.1	AC144652.1	ASO_G0273117_06	17.276	0	20.629	exonic	Nuclear soluble	lncRNA_divergent	2.861
AC144652.1	AC144652.1	ASO_G0273117_09	-40.957	0	-1.077	exonic	Nuclear soluble	lncRNA_divergent	2.861
AC144652.1	AC144652.1	ASO_G0273117_10	54.629	1	29.266	exonic	Nuclear soluble	lncRNA_divergent	2.861
AMZ2P1	AMZ2P1	ASO_G0214174_02	92.191	1	86.035	exonic	Chromatin bound	pseudogene	5.078
AMZ2P1	AMZ2P1	ASO_G0214174_03	26.435	0	18.794	exonic	Chromatin bound	pseudogene	5.078
AMZ2P1	AMZ2P1	ASO_G0214174_05	25.194	0	14.351	exonic	Chromatin bound	pseudogene	5.078
AMZ2P1	AMZ2P1	ASO_G0214174_06	73.313	1	59.965	exonic	Chromatin bound	pseudogene	5.078
AMZ2P1	AMZ2P1	ASO_G0214174_09	38.755	0	14.951	exonic	Chromatin bound	pseudogene	5.078
AP000704.5	AP000704.5	ASO_G0224790_02	0	0	8.32	exonic	Nuclear soluble	lncRNA_divergent	1.842
AP000704.5	AP000704.5	ASO_G0224790_03	0	0	18.251	exonic	Nuclear soluble	lncRNA_divergent	1.842
AP000704.5	AP000704.5	ASO_G0224790_07	0	0	37.028	exonic	Nuclear soluble	lncRNA_divergent	1.842
AP000704.5	AP000704.5	ASO_G0224790_08	0	0	62.085	exonic	Nuclear soluble	lncRNA_divergent	1.842
AP000704.5	AP000704.5	ASO_G0224790_10	0	0	28.426	exonic	Nuclear soluble	lncRNA_divergent	1.842
FAM111A-DT	AP001258.4	ASO_G0245571_01	32.242	0	28.725	exonic	Cytoplasmic	lncRNA_divergent	0.179
FAM111A-DT	AP001258.4	ASO_G0245571_03	37.786	0	56.876	exonic	Cytoplasmic	lncRNA_divergent	0.179
FAM111A-DT	AP001258.4	ASO_G0245571_05	23.674	0	25.781	exonic	Cytoplasmic	lncRNA_divergent	0.179
FAM111A-DT	AP001258.4	ASO_G0245571_06	75.367	1	68.637	exonic	Cytoplasmic	lncRNA_divergent	0.179
FAM111A-DT	AP001258.4	ASO_G0245571_08	61.423	1	23.142	exonic	Cytoplasmic	lncRNA_divergent	0.179
FAM111A-DT	AP001258.4	ASO_G0245571_AD_01	36.971	0	8.804	exonic	Cytoplasmic	lncRNA_divergent	0.179
FAM111A-DT	AP001258.4	ASO_G0245571_AD_02	55.625	0	23.772	intronic	Cytoplasmic	lncRNA_divergent	0.179
FAM111A-DT	AP001258.4	ASO_G0245571_AD_03	88.286	1	42.697	intronic	Cytoplasmic	lncRNA_divergent	0.179
FAM111A-DT	AP001258.4	ASO_G0245571_AD_07	38.854	0	13.137	intronic	Cytoplasmic	lncRNA_divergent	0.179
FAM111A-DT	AP001258.4	ASO_G0245571_AD_09	83.487	1	14.353	intronic	Cytoplasmic	lncRNA_divergent	0.179
ARHGAP5-AS1	ARHGAP5-AS1	ASO_G0258655_01	22.36	0	23.138	exonic	Cytoplasmic	lncRNA_divergent	1.579
ARHGAP5-AS1	ARHGAP5-AS1	ASO_G0258655_02	20.307	0	19.401	exonic	Cytoplasmic	lncRNA_divergent	1.579
ARHGAP5-AS1	ARHGAP5-AS1	ASO_G0258655_05	8.688	0	26.21	exonic	Cytoplasmic	lncRNA_divergent	1.579
ARHGAP5-AS1	ARHGAP5-AS1	ASO_G0258655_07	30.483	0	-4.55	exonic	Cytoplasmic	lncRNA_divergent	1.579
ARHGAP5-AS1	ARHGAP5-AS1	ASO_G0258655_08	59.602	1	43.693	exonic	Cytoplasmic	lncRNA_divergent	1.579
BOLA3-AS1	BOLA3-AS1	ASO_G0225439_01	40.596	0	1.161	exonic	Cytoplasmic	lncRNA_divergent	6.184
BOLA3-AS1	BOLA3-AS1	ASO_G0225439_03	53.924	1	37.409	exonic	Cytoplasmic	lncRNA_divergent	6.184
BOLA3-AS1	BOLA3-AS1	ASO_G0225439_06	72.526	1	79.85	exonic	Cytoplasmic	lncRNA_divergent	6.184
BOLA3-AS1	BOLA3-AS1	ASO_G0225439_08	43.095	0	8.36	exonic	Cytoplasmic	lncRNA_divergent	6.184
BOLA3-AS1	BOLA3-AS1	ASO_G0225439_09	53.679	1	30.964	exonic	Cytoplasmic	lncRNA_divergent	6.184
BOLA3-AS1	BOLA3-AS1	ASO_G0225439_AD_01	39.541	0	17.04	exonic	Cytoplasmic	lncRNA_divergent	6.184
BOLA3-AS1	BOLA3-AS1	ASO_G0225439_AD_02	67.586	1	19.724	exonic	Cytoplasmic	lncRNA_divergent	6.184
BOLA3-AS1	BOLA3-AS1	ASO_G0225439_AD_03	36.47	0	4.132	exonic	Cytoplasmic	lncRNA_divergent	6.184
BOLA3-AS1	BOLA3-AS1	ASO_G0225439_AD_04	45.893	1	21.177	intronic	Cytoplasmic	lncRNA_divergent	6.184
BOLA3-AS1	BOLA3-AS1	ASO_G0225439_AD_08	72.992	1	52.533	exonic	Cytoplasmic	lncRNA_divergent	6.184
BX322557.10	BX322557.10	ASO_G0215447_01	94.669	1	86.186	exonic	Nuclear soluble	lncRNA_divergent	14.648
BX322557.10	BX322557.10	ASO_G0215447_02	46.74	1	14.089	exonic	Nuclear soluble	lncRNA_divergent	14.648
BX322557.10	BX322557.10	ASO_G0215447_03	74.181	1	62.18	exonic	Nuclear soluble	lncRNA_divergent	14.648
BX322557.10	BX322557.10	ASO_G0215447_05	37.159	0	10.803	exonic	Nuclear soluble	lncRNA_divergent	14.648
BX322557.10	BX322557.10	ASO_G0215447_08	83.243	1	42.967	exonic	Nuclear soluble	lncRNA_divergent	14.648
C11orf95	C11orf95	ASO_G0188070_01	17.09	0	19.451	exonic	Cytoplasmic	lncRNA_divergent	18.244
C11orf95	C11orf95	ASO_G0188070_02	52.842	0	27.837	exonic	Cytoplasmic	lncRNA_divergent	18.244
C11orf95	C11orf95	ASO_G0188070_03	58.279	1	41.891	exonic	Cytoplasmic	lncRNA_divergent	18.244
C11orf95	C11orf95	ASO_G0188070_04	29.553	0	-18.948	exonic	Cytoplasmic	lncRNA_divergent	18.244
C11orf95	C11orf95	ASO_G0188070_05	73.587	1	37.25	exonic	Cytoplasmic	lncRNA_divergent	18.244
C11orf95	C11orf95	ASO_G0188070_AD_02	79.893	1	49.621	exonic	Cytoplasmic	lncRNA_divergent	18.244
C11orf95	C11orf95	ASO_G0188070_AD_05	93.198	1	89.703	intronic	Cytoplasmic	lncRNA_divergent	18.244
C11orf95	C11orf95	ASO_G0188070_AD_06	10.659	0	32.694	exonic	Cytoplasmic	lncRNA_divergent	18.244
C11orf95	C11orf95	ASO_G0188070_AD_07	67.746	1	42.998	exonic	Cytoplasmic	lncRNA_divergent	18.244
C11orf95	C11orf95	ASO_G0188070_AD_08	18.652	0	6.639	exonic	Cytoplasmic	lncRNA_divergent	18.244
PCOTH	C1QTNF9B-AS1	ASO_G0205861_03	66.07	1	51.004	exonic	Cytoplasmic	lncRNA_divergent	4.851
PCOTH	C1QTNF9B-AS1	ASO_G0205861_04	42.399	1	-1.874	exonic	Cytoplasmic	lncRNA_divergent	4.851
PCOTH	C1QTNF9B-AS1	ASO_G0205861_05	74.923	1	59.588	exonic	Cytoplasmic	lncRNA_divergent	4.851
PCOTH	C1QTNF9B-AS1	ASO_G0205861_07	74.766	1	44.032	exonic	Cytoplasmic	lncRNA_divergent	4.851
PCOTH	C1QTNF9B-AS1	ASO_G0205861_10	59.911	1	21.759	exonic	Cytoplasmic	lncRNA_divergent	4.851
CATG00000011013.1	CATG00000011013.1	ASO_C0018982_01	62.884	1	33.489	exonic	Nuclear soluble	lncRNA_antisense	3.98
CATG00000011013.1	CATG00000011013.1	ASO_C0018982_02	48.012	0	11.566	exonic	Nuclear soluble	lncRNA_antisense	3.98
CATG00000011013.1	CATG00000011013.1	ASO_C0018982_04	45.247	0	12.865	exonic	Nuclear soluble	lncRNA_antisense	3.98
CATG00000011013.1	CATG00000011013.1	ASO_C0018982_06	43.897	0	41.194	exonic	Nuclear soluble	lncRNA_antisense	3.98
CATG00000011013.1	CATG00000011013.1	ASO_C0018982_09	41.2	1	23.56	exonic	Nuclear soluble	lncRNA_antisense	3.98
CATG00000016989.1	CATG00000016989.1	ASO_C0020443_01	44.475	0	25.925	exonic	Cytoplasmic	lncRNA_intergenic	2.855
CATG00000016989.1	CATG00000016989.1	ASO_C0020443_02	36.353	0	28.077	exonic	Cytoplasmic	lncRNA_intergenic	2.855
CATG00000016989.1	CATG00000016989.1	ASO_C0020443_03	53.986	0	70.415	exonic	Cytoplasmic	lncRNA_intergenic	2.855
CATG00000016989.1	CATG00000016989.1	ASO_C0020443_06	56.064	1	70.796	exonic	Cytoplasmic	lncRNA_intergenic	2.855
CATG00000016989.1	CATG00000016989.1	ASO_C0020443_10	18.82	0	44.604	exonic	Cytoplasmic	lncRNA_intergenic	2.855
CATG00000020700.1	CATG00000020700.1	ASO_C0020984_01	66.578	1	43.811	exonic	Chromatin bound	lncRNA_intergenic	1.228
CATG00000020700.1	CATG00000020700.1	ASO_C0020984_02	87.393	1	74.412	exonic	Chromatin bound	lncRNA_intergenic	1.228
CATG00000020700.1	CATG00000020700.1	ASO_C0020984_05	38.237	0	40.041	exonic	Chromatin bound	lncRNA_intergenic	1.228
CATG00000020700.1	CATG00000020700.1	ASO_C0020984_08	-2.63	0	49.526	exonic	Chromatin bound	lncRNA_intergenic	1.228
CATG00000020700.1	CATG00000020700.1	ASO_C0020984_09	74.73	1	70.065	exonic	Chromatin bound	lncRNA_intergenic	1.228
CATG00000034824.1	CATG00000034824.1	ASO_C0025760_01	27.898	0	33.586	exonic	Cytoplasmic	lncRNA_antisense	15.848
CATG00000034824.1	CATG00000034824.1	ASO_C0025760_02	29.495	0	16.681	exonic	Cytoplasmic	lncRNA_antisense	15.848
CATG00000034824.1	CATG00000034824.1	ASO_C0025760_03	20.647	0	29.059	exonic	Cytoplasmic	lncRNA_antisense	15.848
CATG00000034824.1	CATG00000034824.1	ASO_C0025760_07	43.638	0	35.633	exonic	Cytoplasmic	lncRNA_antisense	15.848
CATG00000034824.1	CATG00000034824.1	ASO_C0025760_10	49.287	0	-7.253	exonic	Cytoplasmic	lncRNA_antisense	15.848
CATG00000035089.1	CATG00000035089.1	ASO_C0025854_01	0	0	24.857	exonic	Cytoplasmic	lncRNA_intergenic	2.488
CATG00000035089.1	CATG00000035089.1	ASO_C0025854_02	0	0	33.415	exonic	Cytoplasmic	lncRNA_intergenic	2.488
CATG00000035089.1	CATG00000035089.1	ASO_C0025854_04	0	0	5.215	exonic	Cytoplasmic	lncRNA_intergenic	2.488
CATG00000035089.1	CATG00000035089.1	ASO_C0025854_05	0	0	14.671	exonic	Cytoplasmic	lncRNA_intergenic	2.488
CATG00000035089.1	CATG00000035089.1	ASO_C0025854_09	0	0	20.886	exonic	Cytoplasmic	lncRNA_intergenic	2.488
CATG00000073509.1	CATG00000073509.1	ASO_C0007786_01	54.436	1	38.208	exonic	Cytoplasmic	lncRNA_intergenic	5.188
CATG00000073509.1	CATG00000073509.1	ASO_C0007786_02	58.947	1	47.309	exonic	Cytoplasmic	lncRNA_intergenic	5.188
CATG00000073509.1	CATG00000073509.1	ASO_C0007786_03	49.749	1	54.433	exonic	Cytoplasmic	lncRNA_intergenic	5.188
CATG00000073509.1	CATG00000073509.1	ASO_C0007786_04	52.301	1	21.226	exonic	Cytoplasmic	lncRNA_intergenic	5.188
CATG00000073509.1	CATG00000073509.1	ASO_C0007786_08	61.123	1	45.678	exonic	Cytoplasmic	lncRNA_intergenic	5.188
CATG00000076290.1	CATG00000076290.1	ASO_C0008822_02	27.977	0	9.756	exonic	Cytoplasmic	lncRNA_intergenic	4.302
CATG00000076290.1	CATG00000076290.1	ASO_C0008822_03	36.297	0	9.678	exonic	Cytoplasmic	lncRNA_intergenic	4.302
CATG00000076290.1	CATG00000076290.1	ASO_C0008822_04	13.356	0	9.194	exonic	Cytoplasmic	lncRNA_intergenic	4.302
CATG00000076290.1	CATG00000076290.1	ASO_C0008822_07	34.821	0	51.259	exonic	Cytoplasmic	lncRNA_intergenic	4.302
CATG00000076290.1	CATG00000076290.1	ASO_C0008822_10	10.681	0	18.839	exonic	Cytoplasmic	lncRNA_intergenic	4.302
CATG00000079799.1	CATG00000079799.1	ASO_C0008586_03	-5.924	0	55.444	exonic	Chromatin bound	lncRNA_intergenic	1.869
CATG00000079799.1	CATG00000079799.1	ASO_C0008586_04	2.02	0	24.453	exonic	Chromatin bound	lncRNA_intergenic	1.869
CATG00000079799.1	CATG00000079799.1	ASO_C0008586_05	-7.472	0	51.493	exonic	Chromatin bound	lncRNA_intergenic	1.869
CATG00000079799.1	CATG00000079799.1	ASO_C0008586_07	24.602	0	44.769	exonic	Chromatin bound	lncRNA_intergenic	1.869
CATG00000079799.1	CATG00000079799.1	ASO_C0008586_10	19.588	0	26.868	exonic	Chromatin bound	lncRNA_intergenic	1.869
CATG00000079799.1	CATG00000079799.1	ASO_C0008586_AD_01	38.564	0	4.783	intronic	Chromatin bound	lncRNA_intergenic	1.869
CATG00000079799.1	CATG00000079799.1	ASO_C0008586_AD_02	43.365	0	33.699	intronic	Chromatin bound	lncRNA_intergenic	1.869
CATG00000079799.1	CATG00000079799.1	ASO_C0008586_AD_03	53.449	1	40.387	exonic	Chromatin bound	lncRNA_intergenic	1.869
CATG00000079799.1	CATG00000079799.1	ASO_C0008586_AD_06	38.401	0	3.657	intronic	Chromatin bound	lncRNA_intergenic	1.869
CATG00000079799.1	CATG00000079799.1	ASO_C0008586_AD_09	32.414	0	29.782	exonic	Chromatin bound	lncRNA_intergenic	1.869
CATG00000083589.1	CATG00000083589.1	ASO_C0010207_02	40.45	0	12.317	exonic	Cytoplasmic	lncRNA_intergenic	10.846
CATG00000083589.1	CATG00000083589.1	ASO_C0010207_03	28.691	0	37.905	exonic	Cytoplasmic	lncRNA_intergenic	10.846
CATG00000083589.1	CATG00000083589.1	ASO_C0010207_04	-20.246	0	32.478	exonic	Cytoplasmic	lncRNA_intergenic	10.846
CATG00000083589.1	CATG00000083589.1	ASO_C0010207_06	16.379	0	30.063	exonic	Cytoplasmic	lncRNA_intergenic	10.846
CATG00000083589.1	CATG00000083589.1	ASO_C0010207_07	65.523	1	18.026	exonic	Cytoplasmic	lncRNA_intergenic	10.846
CATG00000089639.1	CATG00000089639.1	ASO_G0223811_01	96.655	1	23.058	exonic	Chromatin bound	lncRNA_intergenic	2.214
CATG00000089639.1	CATG00000089639.1	ASO_G0223811_03	35.473	0	32.823	exonic	Chromatin bound	lncRNA_intergenic	2.214
CATG00000089639.1	CATG00000089639.1	ASO_G0223811_04	56.725	0	64.199	exonic	Chromatin bound	lncRNA_intergenic	2.214
CATG00000089639.1	CATG00000089639.1	ASO_G0223811_05	36.958	0	48.431	exonic	Chromatin bound	lncRNA_intergenic	2.214
CATG00000089639.1	CATG00000089639.1	ASO_G0223811_06	83.681	1	72.958	exonic	Chromatin bound	lncRNA_intergenic	2.214
CATG00000089639.1	CATG00000089639.1	ASO_G0223811_AD_02	0	0	8.403	exonic	Chromatin bound	lncRNA_intergenic	2.214
CATG00000089639.1	CATG00000089639.1	ASO_G0223811_AD_05	0	0	10.509	exonic	Chromatin bound	lncRNA_intergenic	2.214
CATG00000089639.1	CATG00000089639.1	ASO_G0223811_AD_06	0	0	4.055	intronic	Chromatin bound	lncRNA_intergenic	2.214
CATG00000089639.1	CATG00000089639.1	ASO_G0223811_AD_07	0	0	0.658	exonic	Chromatin bound	lncRNA_intergenic	2.214
CATG00000089639.1	CATG00000089639.1	ASO_G0223811_AD_10	0	0	19.966	exonic	Chromatin bound	lncRNA_intergenic	2.214
CATG00000095991.1	CATG00000095991.1	ASO_C0012015_01	56.317	1	38.655	exonic	Chromatin bound	lncRNA_divergent	4.591
CATG00000095991.1	CATG00000095991.1	ASO_C0012015_03	41.548	0	23.369	exonic	Chromatin bound	lncRNA_divergent	4.591
CATG00000095991.1	CATG00000095991.1	ASO_C0012015_07	63.642	1	56.206	exonic	Chromatin bound	lncRNA_divergent	4.591
CATG00000095991.1	CATG00000095991.1	ASO_C0012015_09	43.739	0	17.999	exonic	Chromatin bound	lncRNA_divergent	4.591
CATG00000095991.1	CATG00000095991.1	ASO_C0012015_10	62.554	1	17.085	exonic	Chromatin bound	lncRNA_divergent	4.591
CATG00000095991.1	CATG00000095991.1	ASO_C0012015_AD_02	84.098	1	73.059	intronic	Chromatin bound	lncRNA_divergent	4.591
CATG00000095991.1	CATG00000095991.1	ASO_C0012015_AD_04	81.677	1	43.797	intronic	Chromatin bound	lncRNA_divergent	4.591
CATG00000095991.1	CATG00000095991.1	ASO_C0012015_AD_05	76.852	1	64.398	intronic	Chromatin bound	lncRNA_divergent	4.591
CATG00000095991.1	CATG00000095991.1	ASO_C0012015_AD_06	75.514	1	59.088	intronic	Chromatin bound	lncRNA_divergent	4.591
CATG00000095991.1	CATG00000095991.1	ASO_C0012015_AD_09	28.085	0	12.042	intronic	Chromatin bound	lncRNA_divergent	4.591
CATG00000098665.1	CATG00000098665.1	ASO_C0013450_01	44.244	0	59.45	exonic	Nuclear soluble	lncRNA_antisense	2.573
CATG00000098665.1	CATG00000098665.1	ASO_C0013450_02	53.593	1	46.62	exonic	Nuclear soluble	lncRNA_antisense	2.573
CATG00000098665.1	CATG00000098665.1	ASO_C0013450_03	71.462	1	30.047	exonic	Nuclear soluble	lncRNA_antisense	2.573
CATG00000098665.1	CATG00000098665.1	ASO_C0013450_06	71.703	1	50.507	exonic	Nuclear soluble	lncRNA_antisense	2.573
CATG00000098665.1	CATG00000098665.1	ASO_C0013450_07	54.501	0	34.578	exonic	Nuclear soluble	lncRNA_antisense	2.573
CATG00000098665.1	CATG00000098665.1	ASO_C0013450_AD_01	53.676	0	4.403	exonic	Nuclear soluble	lncRNA_antisense	2.573
CATG00000098665.1	CATG00000098665.1	ASO_C0013450_AD_02	39.558	0	-0.791	exonic	Nuclear soluble	lncRNA_antisense	2.573
CATG00000098665.1	CATG00000098665.1	ASO_C0013450_AD_03	67.764	1	7.691	exonic	Nuclear soluble	lncRNA_antisense	2.573
CATG00000098665.1	CATG00000098665.1	ASO_C0013450_AD_04	41.825	0	8.72	exonic	Nuclear soluble	lncRNA_antisense	2.573
CATG00000098665.1	CATG00000098665.1	ASO_C0013450_AD_09	74.534	1	50.49	exonic	Nuclear soluble	lncRNA_antisense	2.573
CATG00000098831.1	CATG00000098831.1	ASO_C0013510_01	58.057	1	38.8	exonic	Nuclear soluble	lncRNA_antisense	6.554
CATG00000098831.1	CATG00000098831.1	ASO_C0013510_03	52.503	1	40.238	exonic	Nuclear soluble	lncRNA_antisense	6.554
CATG00000098831.1	CATG00000098831.1	ASO_C0013510_06	59.769	1	86.833	exonic	Nuclear soluble	lncRNA_antisense	6.554
CATG00000098831.1	CATG00000098831.1	ASO_C0013510_07	34.814	0	30.121	exonic	Nuclear soluble	lncRNA_antisense	6.554
CATG00000098831.1	CATG00000098831.1	ASO_C0013510_08	45.951	0	8.384	exonic	Nuclear soluble	lncRNA_antisense	6.554
CATG00000098831.1	CATG00000098831.1	ASO_C0013510_AD_02	3.561	0	24.86	exonic	Nuclear soluble	lncRNA_antisense	6.554
CATG00000098831.1	CATG00000098831.1	ASO_C0013510_AD_04	-3.324	0	-18.448	exonic	Nuclear soluble	lncRNA_antisense	6.554
CATG00000098831.1	CATG00000098831.1	ASO_C0013510_AD_05	61.711	1	38.765	exonic	Nuclear soluble	lncRNA_antisense	6.554
CATG00000098831.1	CATG00000098831.1	ASO_C0013510_AD_08	12.096	0	21.526	exonic	Nuclear soluble	lncRNA_antisense	6.554
CATG00000098831.1	CATG00000098831.1	ASO_C0013510_AD_10	12.701	0	41.173	exonic	Nuclear soluble	lncRNA_antisense	6.554
CATG00000106837.1	CATG00000106837.1	ASO_C0015153_01	24.882	0	13.162	exonic	Chromatin bound	lncRNA_intergenic	4.199
CATG00000106837.1	CATG00000106837.1	ASO_C0015153_03	56.067	0	46.39	exonic	Chromatin bound	lncRNA_intergenic	4.199
CATG00000106837.1	CATG00000106837.1	ASO_C0015153_04	-15.961	0	20.627	exonic	Chromatin bound	lncRNA_intergenic	4.199
CATG00000106837.1	CATG00000106837.1	ASO_C0015153_07	25.837	0	22.785	exonic	Chromatin bound	lncRNA_intergenic	4.199
CATG00000106837.1	CATG00000106837.1	ASO_C0015153_08	6.812	0	19.642	exonic	Chromatin bound	lncRNA_intergenic	4.199
CATG00000108369.1	CATG00000108369.1	ASO_C014559_01	32.15	0	38.826	exonic	Chromatin bound	lncRNA_divergent	5.424
CATG00000108369.1	CATG00000108369.1	ASO_C014559_02	19.95	0	42.209	exonic	Chromatin bound	lncRNA_divergent	5.424
CATG00000108369.1	CATG00000108369.1	ASO_C014559_06	72.301	1	69.778	exonic	Chromatin bound	lncRNA_divergent	5.424
CATG00000108369.1	CATG00000108369.1	ASO_C014559_07	-0.286	0	16.527	exonic	Chromatin bound	lncRNA_divergent	5.424
CATG00000108369.1	CATG00000108369.1	ASO_C014559_AD_01	54.965	1	7.793	intronic	Chromatin bound	lncRNA_divergent	5.424
CATG00000108369.1	CATG00000108369.1	ASO_C014559_AD_03	32.254	0	-4.099	exonic	Chromatin bound	lncRNA_divergent	5.424
CATG00000108369.1	CATG00000108369.1	ASO_C014559_AD_05	45.698	1	25.742	intronic	Chromatin bound	lncRNA_divergent	5.424
CATG00000108369.1	CATG00000108369.1	ASO_C014559_AD_06	81.949	1	55.294	intronic	Chromatin bound	lncRNA_divergent	5.424
CATG00000108369.1	CATG00000108369.1	ASO_C014559_AD_07	44.032	0	21.272	intronic	Chromatin bound	lncRNA_divergent	5.424
CATGC0000023317	CATGC0000023317	ASO_C023317_01	16.396	0	32.32	exonic	other	lncRNA_intergenic	1.071
CATGC0000023317	CATGC0000023317	ASO_C023317_02	38.584	0	36.143	exonic	other	lncRNA_intergenic	1.071
CATGC0000023317	CATGC0000023317	ASO_C023317_03	26.167	0	29.769	exonic	other	lncRNA_intergenic	1.071
CATGC0000023317	CATGC0000023317	ASO_C023317_04	29.424	0	34.56	exonic	other	lncRNA_intergenic	1.071
CATGC0000023317	CATGC0000023317	ASO_C023317_07	21.174	0	29.886	exonic	other	lncRNA_intergenic	1.071
CATGE0000171943	CATGE0000171943	ASO_G0236933_03	69.653	1	57.216	exonic	other	lncRNA_divergent	0.62
CATGE0000171943	CATGE0000171943	ASO_G0236933_05	85.226	1	18.675	exonic	other	lncRNA_divergent	0.62
CATGE0000171943	CATGE0000171943	ASO_G0236933_06	86.559	1	45.264	exonic	other	lncRNA_divergent	0.62
CATGE0000171943	CATGE0000171943	ASO_G0236933_07	70.55	1	44.031	exonic	other	lncRNA_divergent	0.62
CATGE0000171943	CATGE0000171943	ASO_G0236933_08	68.104	1	22.411	exonic	other	lncRNA_divergent	0.62
CD27-AS1	CD27-AS1	ASO_G0215039_01	79.332	1	73.745	exonic	Nuclear soluble	lncRNA_divergent	19.6
CD27-AS1	CD27-AS1	ASO_G0215039_03	-1.843	0	7.121	exonic	Nuclear soluble	lncRNA_divergent	19.6
CD27-AS1	CD27-AS1	ASO_G0215039_05	30.561	0	11.712	exonic	Nuclear soluble	lncRNA_divergent	19.6
CD27-AS1	CD27-AS1	ASO_G0215039_06	13.736	0	31.533	exonic	Nuclear soluble	lncRNA_divergent	19.6
CD27-AS1	CD27-AS1	ASO_G0215039_08	40.563	0	41.174	exonic	Nuclear soluble	lncRNA_divergent	19.6
CD27-AS1	CD27-AS1	ASO_G0215039_AD_01	12.72	0	6.638	intronic	Nuclear soluble	lncRNA_divergent	19.6
CD27-AS1	CD27-AS1	ASO_G0215039_AD_05	55.194	0	38.137	exonic	Nuclear soluble	lncRNA_divergent	19.6
CD27-AS1	CD27-AS1	ASO_G0215039_AD_07	-21.136	0	12.115	exonic	Nuclear soluble	lncRNA_divergent	19.6
CD27-AS1	CD27-AS1	ASO_G0215039_AD_08	76.789	1	26.99	exonic	Nuclear soluble	lncRNA_divergent	19.6
CD27-AS1	CD27-AS1	ASO_G0215039_AD_09	50.434	1	31.824	exonic	Nuclear soluble	lncRNA_divergent	19.6
CD99P1	CD99P1	ASO_G0223773_01	56.401	1	17.178	exonic	Chromatin bound	pseudogene	2.321
CD99P1	CD99P1	ASO_G0223773_05	84.668	1	56.461	intronic	Chromatin bound	pseudogene	2.321
CD99P1	CD99P1	ASO_G0223773_06	87.848	1	60.968	exonic	Chromatin bound	pseudogene	2.321
CD99P1	CD99P1	ASO_G0223773_07	96.361	1	76.612	exonic	Chromatin bound	pseudogene	2.321
CD99P1	CD99P1	ASO_G0223773_10	55.724	1	36.336	intronic	Chromatin bound	pseudogene	2.321
CKMT2-AS1	CKMT2-AS1	ASO_G0247572_01	27.086	0	15.499	exonic	Chromatin bound	lncRNA_divergent	13.098
CKMT2-AS1	CKMT2-AS1	ASO_G0247572_03	50.306	1	26.237	exonic	Chromatin bound	lncRNA_divergent	13.098
CKMT2-AS1	CKMT2-AS1	ASO_G0247572_07	0	0	20.634	exonic	Chromatin bound	lncRNA_divergent	13.098
CKMT2-AS1	CKMT2-AS1	ASO_G0247572_08	86.021	1	72.641	exonic	Chromatin bound	lncRNA_divergent	13.098
CKMT2-AS1	CKMT2-AS1	ASO_G0247572_09	73.805	1	70.27	exonic	Chromatin bound	lncRNA_divergent	13.098
COX10-AS1	COX10-AS1	ASO_G0236088_02	59.305	1	19.63	exonic	Chromatin bound	lncRNA_divergent	13.291
COX10-AS1	COX10-AS1	ASO_G0236088_03	31.048	0	2.014	exonic	Chromatin bound	lncRNA_divergent	13.291
COX10-AS1	COX10-AS1	ASO_G0236088_07	46.079	0	31.814	exonic	Chromatin bound	lncRNA_divergent	13.291
COX10-AS1	COX10-AS1	ASO_G0236088_08	58.19	0	36.218	exonic	Chromatin bound	lncRNA_divergent	13.291
COX10-AS1	COX10-AS1	ASO_G0236088_10	11.329	0	22.548	exonic	Chromatin bound	lncRNA_divergent	13.291
MIATNB	CTA-211A9.5	ASO_G0244625_02	49.655	1	22.154	exonic	Chromatin bound	lncRNA_intergenic	6.15
MIATNB	CTA-211A9.5	ASO_G0244625_04	69.615	1	63.49	exonic	Chromatin bound	lncRNA_intergenic	6.15
MIATNB	CTA-211A9.5	ASO_G0244625_06	63.624	1	21.744	exonic	Chromatin bound	lncRNA_intergenic	6.15
MIATNB	CTA-211A9.5	ASO_G0244625_08	34.183	0	4.717	exonic	Chromatin bound	lncRNA_intergenic	6.15
MIATNB	CTA-211A9.5	ASO_G0244625_09	73.367	1	62.343	exonic	Chromatin bound	lncRNA_intergenic	6.15
MIATNB	CTA-211A9.5	ASO_G0244625_AD_05	0	0	10.987	intronic	Chromatin bound	lncRNA_intergenic	6.15
MIATNB	CTA-211A9.5	ASO_G0244625_AD_07	0	0	24.199	intronic	Chromatin bound	lncRNA_intergenic	6.15
MIATNB	CTA-211A9.5	ASO_G0244625_AD_08	0	1	57.097	intronic	Chromatin bound	lncRNA_intergenic	6.15
MIATNB	CTA-211A9.5	ASO_G0244625_AD_09	0	1	60.122	intronic	Chromatin bound	lncRNA_intergenic	6.15
MIATNB	CTA-211A9.5	ASO_G0244625_AD_10	0	0	18.237	intronic	Chromatin bound	lncRNA_intergenic	6.15
NUP50-DT	CTA-217C2.1	ASO_G0226328_02	47.419	1	0	exonic	Chromatin bound	lncRNA_divergent	11.109
NUP50-DT	CTA-217C2.1	ASO_G0226328_03	23.458	0	11.728	exonic	Chromatin bound	lncRNA_divergent	11.109
NUP50-DT	CTA-217C2.1	ASO_G0226328_04	72.923	1	21.156	exonic	Chromatin bound	lncRNA_divergent	11.109
NUP50-DT	CTA-217C2.1	ASO_G0226328_07	7.268	0	22.085	exonic	Chromatin bound	lncRNA_divergent	11.109
NUP50-DT	CTA-217C2.1	ASO_G0226328_10	73.625	1	45.856	exonic	Chromatin bound	lncRNA_divergent	11.109
CTB-31O20.2	CTB-31O20.2	ASO_G0261526_01	35.301	0	2.871	exonic	Nuclear soluble	lncRNA_intergenic	4.12
CTB-31O20.2	CTB-31O20.2	ASO_G0261526_02	-61.592	0	15.867	exonic	Nuclear soluble	lncRNA_intergenic	4.12
CTB-31O20.2	CTB-31O20.2	ASO_G0261526_03	19.24	0	24.365	exonic	Nuclear soluble	lncRNA_intergenic	4.12
CTB-31O20.2	CTB-31O20.2	ASO_G0261526_06	16.973	0	19.336	exonic	Nuclear soluble	lncRNA_intergenic	4.12
CTB-31O20.2	CTB-31O20.2	ASO_G0261526_08	35.871	0	5.145	exonic	Nuclear soluble	lncRNA_intergenic	4.12
CTB-55O6.12	CTB-55O6.12	ASO_G0267169_03	0	0	0.336	exonic	Chromatin bound	lncRNA_divergent	7.558
CTB-55O6.12	CTB-55O6.12	ASO_G0267169_04	0	0	21.109	exonic	Chromatin bound	lncRNA_divergent	7.558
CTB-55O6.12	CTB-55O6.12	ASO_G0267169_05	0	0	10.376	exonic	Chromatin bound	lncRNA_divergent	7.558
CTB-55O6.12	CTB-55O6.12	ASO_G0267169_07	0	0	34.812	exonic	Chromatin bound	lncRNA_divergent	7.558
CTB-55O6.12	CTB-55O6.12	ASO_G0267169_10	0	0	20.34	exonic	Chromatin bound	lncRNA_divergent	7.558
LINC01184	CTC-228N24.3	ASO_G0245937_01	93.111	1	69.536	exonic	Chromatin bound	lncRNA_divergent	21.912
LINC01184	CTC-228N24.3	ASO_G0245937_02	50.242	1	24.621	exonic	Chromatin bound	lncRNA_divergent	21.912
LINC01184	CTC-228N24.3	ASO_G0245937_04	84.059	1	43.242	exonic	Chromatin bound	lncRNA_divergent	21.912
LINC01184	CTC-228N24.3	ASO_G0245937_05	53.401	0	25.333	exonic	Chromatin bound	lncRNA_divergent	21.912
LINC01184	CTC-228N24.3	ASO_G0245937_07	44.48	0	21.353	exonic	Chromatin bound	lncRNA_divergent	21.912
LINC01184	CTC-228N24.3	ASO_G0245937_AD_02	97.001	1	80.754	intronic	Chromatin bound	lncRNA_divergent	21.912
LINC01184	CTC-228N24.3	ASO_G0245937_AD_03	54.624	0	28.035	exonic	Chromatin bound	lncRNA_divergent	21.912
LINC01184	CTC-228N24.3	ASO_G0245937_AD_05	92	1	61.82	intronic	Chromatin bound	lncRNA_divergent	21.912
LINC01184	CTC-228N24.3	ASO_G0245937_AD_07	35.608	0	16.293	exonic	Chromatin bound	lncRNA_divergent	21.912
LINC01184	CTC-228N24.3	ASO_G0245937_AD_09	93.875	1	54.999	exonic	Chromatin bound	lncRNA_divergent	21.912
TMEM220-AS1	CTC-297N7.5	ASO_G0263400_03	75.533	1	21.334	exonic	Chromatin bound	lncRNA_divergent	1.22
TMEM220-AS1	CTC-297N7.5	ASO_G0263400_04	65.901	1	20.442	exonic	Chromatin bound	lncRNA_divergent	1.22
TMEM220-AS1	CTC-297N7.5	ASO_G0263400_06	78.146	1	15.522	exonic	Chromatin bound	lncRNA_divergent	1.22
TMEM220-AS1	CTC-297N7.5	ASO_G0263400_09	75.205	1	19.019	exonic	Chromatin bound	lncRNA_divergent	1.22
TMEM220-AS1	CTC-297N7.5	ASO_G0263400_10	73.875	1	27.787	exonic	Chromatin bound	lncRNA_divergent	1.22
CTC-338M12.4	CTC-338M12.4	ASO_G0233937_01	35.203	0	31.829	exonic	Nuclear soluble	lncRNA_divergent	8.535
CTC-338M12.4	CTC-338M12.4	ASO_G0233937_02	74.998	1	-8.301	exonic	Nuclear soluble	lncRNA_divergent	8.535
CTC-338M12.4	CTC-338M12.4	ASO_G0233937_04	20.607	0	6.657	exonic	Nuclear soluble	lncRNA_divergent	8.535
CTC-338M12.4	CTC-338M12.4	ASO_G0233937_05	57.274	1	59.378	exonic	Nuclear soluble	lncRNA_divergent	8.535
CTC-338M12.4	CTC-338M12.4	ASO_G0233937_10	33.313	0	1.702	exonic	Nuclear soluble	lncRNA_divergent	8.535
CTC-338M12.4	CTC-338M12.4	ASO_G0233937_AD_03	52.968	1	18.921	exonic	Nuclear soluble	lncRNA_divergent	8.535
CTC-338M12.4	CTC-338M12.4	ASO_G0233937_AD_05	52.365	0	6.545	exonic	Nuclear soluble	lncRNA_divergent	8.535
CTC-338M12.4	CTC-338M12.4	ASO_G0233937_AD_08	50.244	1	27.831	exonic	Nuclear soluble	lncRNA_divergent	8.535
CTC-338M12.4	CTC-338M12.4	ASO_G0233937_AD_09	26.282	0	5.081	exonic	Nuclear soluble	lncRNA_divergent	8.535
CTC-338M12.4	CTC-338M12.4	ASO_G0233937_AD_10	86.597	1	36.835	exonic	Nuclear soluble	lncRNA_divergent	8.535
CTC-338M12.5	CTC-338M12.5	ASO_G0250222_01	69.448	1	45.654	exonic	Nuclear soluble	lncRNA_intergenic	4.024
CTC-338M12.5	CTC-338M12.5	ASO_G0250222_02	39.15	0	30.452	exonic	Nuclear soluble	lncRNA_intergenic	4.024
CTC-338M12.5	CTC-338M12.5	ASO_G0250222_03	25.703	0	31.209	exonic	Nuclear soluble	lncRNA_intergenic	4.024
CTC-338M12.5	CTC-338M12.5	ASO_G0250222_06	27.641	0	36.951	exonic	Nuclear soluble	lncRNA_intergenic	4.024
CTC-338M12.5	CTC-338M12.5	ASO_G0250222_07	25.899	0	42.573	exonic	Nuclear soluble	lncRNA_intergenic	4.024
CTC-338M12.5	CTC-338M12.5	ASO_G0250222_AD_02	14.078	0	40.685	exonic	Nuclear soluble	lncRNA_intergenic	4.024
CTC-338M12.5	CTC-338M12.5	ASO_G0250222_AD_05	10.735	0	10.378	exonic	Nuclear soluble	lncRNA_intergenic	4.024
CTC-338M12.5	CTC-338M12.5	ASO_G0250222_AD_06	-8.67	0	-4813.989	exonic	Nuclear soluble	lncRNA_intergenic	4.024
CTC-338M12.5	CTC-338M12.5	ASO_G0250222_AD_07	17.603	0	55.087	exonic	Nuclear soluble	lncRNA_intergenic	4.024
CTC-338M12.5	CTC-338M12.5	ASO_G0250222_AD_10	32.138	0	48.988	exonic	Nuclear soluble	lncRNA_intergenic	4.024
CTC-459F4.3	CTC-459F4.3	ASO_G0267575_01	34.227	0	9.067	exonic	Nuclear soluble	lncRNA_sense_intronic	11.484
CTC-459F4.3	CTC-459F4.3	ASO_G0267575_02	27.142	0	-20.152	exonic	Nuclear soluble	lncRNA_sense_intronic	11.484
CTC-459F4.3	CTC-459F4.3	ASO_G0267575_03	39.732	0	5.867	exonic	Nuclear soluble	lncRNA_sense_intronic	11.484
CTC-459F4.3	CTC-459F4.3	ASO_G0267575_04	39.151	0	11.672	exonic	Nuclear soluble	lncRNA_sense_intronic	11.484
ZNF56	CTC-559E9.6	ASO_G0267419_02	78.371	1	88.811	exonic	Chromatin bound	lncRNA_divergent	3.764
ZNF56	CTC-559E9.6	ASO_G0267419_03	4.886	0	17.078	exonic	Chromatin bound	lncRNA_divergent	3.764
ZNF56	CTC-559E9.6	ASO_G0267419_04	15.356	0	36.035	exonic	Chromatin bound	lncRNA_divergent	3.764
ZNF56	CTC-559E9.6	ASO_G0267419_05	40.494	0	37.25	exonic	Chromatin bound	lncRNA_divergent	3.764
ZNF56	CTC-559E9.6	ASO_G0267419_08	79.271	1	52.9	exonic	Chromatin bound	lncRNA_divergent	3.764
ZNF56	CTC-559E9.6	ASO_G0267419_AD_03	64.042	1	40.373	intronic	Chromatin bound	lncRNA_divergent	3.764
ZNF56	CTC-559E9.6	ASO_G0267419_AD_04	94.374	1	87.169	intronic	Chromatin bound	lncRNA_divergent	3.764
ZNF56	CTC-559E9.6	ASO_G0267419_AD_05	39.374	0	4.932	intronic	Chromatin bound	lncRNA_divergent	3.764
ZNF56	CTC-559E9.6	ASO_G0267419_AD_06	97.165	1	78.378	exonic	Chromatin bound	lncRNA_divergent	3.764
ZNF56	CTC-559E9.6	ASO_G0267419_AD_08	79.097	1	29.151	exonic	Chromatin bound	lncRNA_divergent	3.764
ZNF433-AS1	CTD-2006C1.2	ASO_G0219665_01	66.041	1	42.841	exonic	Chromatin bound	lncRNA_intergenic	6.167
ZNF433-AS1	CTD-2006C1.2	ASO_G0219665_02	7.002	0	10.937	exonic	Chromatin bound	lncRNA_intergenic	6.167
ZNF433-AS1	CTD-2006C1.2	ASO_G0219665_06	37.814	0	33.659	exonic	Chromatin bound	lncRNA_intergenic	6.167
ZNF433-AS1	CTD-2006C1.2	ASO_G0219665_07	71.974	1	50.536	exonic	Chromatin bound	lncRNA_intergenic	6.167
ZNF433-AS1	CTD-2006C1.2	ASO_G0219665_08	50.789	0	75.383	exonic	Chromatin bound	lncRNA_intergenic	6.167
ZNF433-AS1	CTD-2006C1.2	ASO_G0219665_AD_02	42.451	0	27.874	exonic	Chromatin bound	lncRNA_intergenic	6.167
ZNF433-AS1	CTD-2006C1.2	ASO_G0219665_AD_03	6.578	0	9.488	exonic	Chromatin bound	lncRNA_intergenic	6.167
ZNF433-AS1	CTD-2006C1.2	ASO_G0219665_AD_04	92.534	1	71.806	exonic	Chromatin bound	lncRNA_intergenic	6.167
ZNF433-AS1	CTD-2006C1.2	ASO_G0219665_AD_05	22.382	0	29.84	intronic	Chromatin bound	lncRNA_intergenic	6.167
ZNF433-AS1	CTD-2006C1.2	ASO_G0219665_AD_08	90.259	1	75.52	exonic	Chromatin bound	lncRNA_intergenic	6.167
CTD-2015H6.3	CTD-2015H6.3	ASO_G0249042_01	52.289	1	20.197	exonic	Cytoplasmic	lncRNA_divergent	10.929
CTD-2015H6.3	CTD-2015H6.3	ASO_G0249042_02	37.954	0	5.409	exonic	Cytoplasmic	lncRNA_divergent	10.929
CTD-2015H6.3	CTD-2015H6.3	ASO_G0249042_03	91.984	1	42.217	exonic	Cytoplasmic	lncRNA_divergent	10.929
CTD-2015H6.3	CTD-2015H6.3	ASO_G0249042_08	58.333	1	41.771	exonic	Cytoplasmic	lncRNA_divergent	10.929
CTD-2015H6.3	CTD-2015H6.3	ASO_G0249042_09	3.31	0	-5.245	exonic	Cytoplasmic	lncRNA_divergent	10.929
SCAMP1-AS1	CTD-2037K23.2	ASO_G0245556_01	21.213	0	37.802	exonic	Nuclear soluble	lncRNA_divergent	3.342
SCAMP1-AS1	CTD-2037K23.2	ASO_G0245556_03	33.694	0	32.8	exonic	Nuclear soluble	lncRNA_divergent	3.342
SCAMP1-AS1	CTD-2037K23.2	ASO_G0245556_04	11.093	0	39.591	exonic	Nuclear soluble	lncRNA_divergent	3.342
SCAMP1-AS1	CTD-2037K23.2	ASO_G0245556_05	10.519	0	25.179	exonic	Nuclear soluble	lncRNA_divergent	3.342
SCAMP1-AS1	CTD-2037K23.2	ASO_G0245556_07	70.523	1	40.673	exonic	Nuclear soluble	lncRNA_divergent	3.342
LINC02104	CTD-2078B5.2	ASO_G0271334_02	35.256	0	31.932	exonic	Cytoplasmic	lncRNA_intergenic	3.218
LINC02104	CTD-2078B5.2	ASO_G0271334_05	45.277	0	-19.401	exonic	Cytoplasmic	lncRNA_intergenic	3.218
LINC02104	CTD-2078B5.2	ASO_G0271334_07	18.834	0	24.606	exonic	Cytoplasmic	lncRNA_intergenic	3.218
LINC02104	CTD-2078B5.2	ASO_G0271334_08	29.447	0	-25.035	exonic	Cytoplasmic	lncRNA_intergenic	3.218
LINC02104	CTD-2078B5.2	ASO_G0271334_10	28.16	0	9.078	exonic	Cytoplasmic	lncRNA_intergenic	3.218
ZNF790-AS1	CTD-2162K18.5	ASO_G0267254_02	38.325	0	30.199	exonic	Chromatin bound	lncRNA_sense_intronic	4.198
ZNF790-AS1	CTD-2162K18.5	ASO_G0267254_04	77.779	1	47.372	exonic	Chromatin bound	lncRNA_sense_intronic	4.198
ZNF790-AS1	CTD-2162K18.5	ASO_G0267254_05	19.098	0	36.318	exonic	Chromatin bound	lncRNA_sense_intronic	4.198
ZNF790-AS1	CTD-2162K18.5	ASO_G0267254_06	45.139	1	34.843	exonic	Chromatin bound	lncRNA_sense_intronic	4.198
ZNF790-AS1	CTD-2162K18.5	ASO_G0267254_07	52.16	1	59.478	exonic	Chromatin bound	lncRNA_sense_intronic	4.198
ZNF790-AS1	CTD-2162K18.5	ASO_G0267254_AD_01	40.223	0	11.251	intronic	Chromatin bound	lncRNA_sense_intronic	4.198
ZNF790-AS1	CTD-2162K18.5	ASO_G0267254_AD_02	58.55	0	9.552	intronic	Chromatin bound	lncRNA_sense_intronic	4.198
ZNF790-AS1	CTD-2162K18.5	ASO_G0267254_AD_03	45.971	0	25.111	intronic	Chromatin bound	lncRNA_sense_intronic	4.198
ZNF790-AS1	CTD-2162K18.5	ASO_G0267254_AD_07	21.43	0	27.937	intronic	Chromatin bound	lncRNA_sense_intronic	4.198
ZNF790-AS1	CTD-2162K18.5	ASO_G0267254_AD_09	-1.185	0	23.979	intronic	Chromatin bound	lncRNA_sense_intronic	4.198
WFDC21P	CTD-2319I12.1	ASO_G0261040_01	21.633	0	-26.752	exonic	Cytoplasmic	lncRNA_intergenic	16.21
WFDC21P	CTD-2319I12.1	ASO_G0261040_05	24.346	0	38.126	exonic	Cytoplasmic	lncRNA_intergenic	16.21
WFDC21P	CTD-2319I12.1	ASO_G0261040_06	31.134	0	29.233	exonic	Cytoplasmic	lncRNA_intergenic	16.21
WFDC21P	CTD-2319I12.1	ASO_G0261040_08	28.202	0	7.065	exonic	Cytoplasmic	lncRNA_intergenic	16.21
WFDC21P	CTD-2319I12.1	ASO_G0261040_10	62.117	1	38.725	exonic	Cytoplasmic	lncRNA_intergenic	16.21
CTD-2319I12.4	CTD-2319I12.4	ASO_G0267248_01	76.838	1	-54941096.807	exonic	Chromatin bound	lncRNA_intergenic	5.976
CTD-2319I12.4	CTD-2319I12.4	ASO_G0267248_02	95.607	1	86.433	exonic	Chromatin bound	lncRNA_intergenic	5.976
CTD-2319I12.4	CTD-2319I12.4	ASO_G0267248_05	40.369	0	28.928	exonic	Chromatin bound	lncRNA_intergenic	5.976
CTD-2319I12.4	CTD-2319I12.4	ASO_G0267248_08	76.073	1	41.727	exonic	Chromatin bound	lncRNA_intergenic	5.976
CTD-2319I12.4	CTD-2319I12.4	ASO_G0267248_AD_02	34.736	0	36.297	exonic	Chromatin bound	lncRNA_intergenic	5.976
CTD-2319I12.4	CTD-2319I12.4	ASO_G0267248_AD_03	84.391	1	72.414	exonic	Chromatin bound	lncRNA_intergenic	5.976
CTD-2319I12.4	CTD-2319I12.4	ASO_G0267248_AD_05	68.589	1	52.992	exonic	Chromatin bound	lncRNA_intergenic	5.976
CTD-2319I12.4	CTD-2319I12.4	ASO_G0267248_AD_07	68.694	1	68.49	exonic	Chromatin bound	lncRNA_intergenic	5.976
CTD-2319I12.4	CTD-2319I12.4	ASO_G0267248_AD_08	65.196	1	50.229	exonic	Chromatin bound	lncRNA_intergenic	5.976
CTD-2336O2.1	CTD-2336O2.1	ASO_G0253982_01	44.453	0	16.383	exonic	Cytoplasmic	lncRNA_divergent	23.074
CTD-2336O2.1	CTD-2336O2.1	ASO_G0253982_02	32.345	0	-4.876	exonic	Cytoplasmic	lncRNA_divergent	23.074
CTD-2336O2.1	CTD-2336O2.1	ASO_G0253982_05	26.919	0	11.19	exonic	Cytoplasmic	lncRNA_divergent	23.074
CTD-2336O2.1	CTD-2336O2.1	ASO_G0253982_06	39.866	0	5.816	exonic	Cytoplasmic	lncRNA_divergent	23.074
CTD-2336O2.1	CTD-2336O2.1	ASO_G0253982_08	88.196	1	64.724	exonic	Cytoplasmic	lncRNA_divergent	23.074
CTD-2336O2.1	CTD-2336O2.1	ASO_G0253982_AD_01	56.235	1	72.869	exonic	Cytoplasmic	lncRNA_divergent	23.074
CTD-2336O2.1	CTD-2336O2.1	ASO_G0253982_AD_04	77.209	1	11.422	exonic	Cytoplasmic	lncRNA_divergent	23.074
CTD-2336O2.1	CTD-2336O2.1	ASO_G0253982_AD_06	14.782	0	15.615	exonic	Cytoplasmic	lncRNA_divergent	23.074
CTD-2336O2.1	CTD-2336O2.1	ASO_G0253982_AD_08	22.933	0	-2953.1	intronic	Cytoplasmic	lncRNA_divergent	23.074
CTD-2336O2.1	CTD-2336O2.1	ASO_G0253982_AD_10	40.629	0	41.621	exonic	Cytoplasmic	lncRNA_divergent	23.074
CTD-2366F13.1	CTD-2366F13.1	ASO_G0247796_02	71.874	1	33.424	exonic	Cytoplasmic	lncRNA_divergent	2.997
CTD-2366F13.1	CTD-2366F13.1	ASO_G0247796_04	52.468	0	15.372	exonic	Cytoplasmic	lncRNA_divergent	2.997
CTD-2366F13.1	CTD-2366F13.1	ASO_G0247796_05	79.649	1	26.319	exonic	Cytoplasmic	lncRNA_divergent	2.997
CTD-2366F13.1	CTD-2366F13.1	ASO_G0247796_07	60.269	1	26.983	exonic	Cytoplasmic	lncRNA_divergent	2.997
CTD-2366F13.1	CTD-2366F13.1	ASO_G0247796_10	19.331	0	27.6	exonic	Cytoplasmic	lncRNA_divergent	2.997
CTD-2532K18.2	CTD-2532K18.2	ASO_G0251144_04	57.492	1	35.202	exonic	Cytoplasmic	lncRNA_sense_intronic	0.395
CTD-2532K18.2	CTD-2532K18.2	ASO_G0251144_05	40.962	0	48.575	exonic	Cytoplasmic	lncRNA_sense_intronic	0.395
CTD-2532K18.2	CTD-2532K18.2	ASO_G0251144_06	87.563	1	24.509	exonic	Cytoplasmic	lncRNA_sense_intronic	0.395
CTD-2532K18.2	CTD-2532K18.2	ASO_G0251144_07	83.4	1	35.402	exonic	Cytoplasmic	lncRNA_sense_intronic	0.395
CTD-2587H24.5	CTD-2587H24.5	ASO_G0267577_01	95.631	1	77.185	exonic	Cytoplasmic	lncRNA_divergent	3.652
CTD-2587H24.5	CTD-2587H24.5	ASO_G0267577_03	66.789	1	96.072	exonic	Cytoplasmic	lncRNA_divergent	3.652
CTD-2587H24.5	CTD-2587H24.5	ASO_G0267577_07	54.008	0	45.414	exonic	Cytoplasmic	lncRNA_divergent	3.652
CTD-2587H24.5	CTD-2587H24.5	ASO_G0267577_08	33.063	0	13.082	exonic	Cytoplasmic	lncRNA_divergent	3.652
CTD-2587H24.5	CTD-2587H24.5	ASO_G0267577_10	54.29	0	8.98	exonic	Cytoplasmic	lncRNA_divergent	3.652
CTD-2651B20.3	CTD-2651B20.3	ASO_G0259520_01	81.113	1	21.21	exonic	Chromatin bound	lncRNA_divergent	0.482
CTD-2651B20.3	CTD-2651B20.3	ASO_G0259520_02	19.329	0	-17.72	exonic	Chromatin bound	lncRNA_divergent	0.482
CTD-2651B20.3	CTD-2651B20.3	ASO_G0259520_04	65.716	1	38.789	exonic	Chromatin bound	lncRNA_divergent	0.482
CTD-2651B20.3	CTD-2651B20.3	ASO_G0259520_06	69.764	1	22.274	exonic	Chromatin bound	lncRNA_divergent	0.482
CTD-2651B20.3	CTD-2651B20.3	ASO_G0259520_07	82.117	1	63.976	exonic	Chromatin bound	lncRNA_divergent	0.482
CTD-2651B20.3	CTD-2651B20.3	ASO_G0259520_AD_03	42.567	0	-123.598	intronic	Chromatin bound	lncRNA_divergent	0.482
CTD-2651B20.3	CTD-2651B20.3	ASO_G0259520_AD_04	93.293	1	53.27	intronic	Chromatin bound	lncRNA_divergent	0.482
CTD-2651B20.3	CTD-2651B20.3	ASO_G0259520_AD_05	88.878	1	48.076	intronic	Chromatin bound	lncRNA_divergent	0.482
CTD-2651B20.3	CTD-2651B20.3	ASO_G0259520_AD_08	91.074	1	53.783	intronic	Chromatin bound	lncRNA_divergent	0.482
CTD-2651B20.3	CTD-2651B20.3	ASO_G0259520_AD_09	66.259	1	22.494	intronic	Chromatin bound	lncRNA_divergent	0.482
ZNF528-AS1	CTD-3018O17.3	ASO_G0269834_01	-25.19	0	41.36	exonic	Chromatin bound	lncRNA_divergent	3.925
ZNF528-AS1	CTD-3018O17.3	ASO_G0269834_02	-14.216	0	75.797	exonic	Chromatin bound	lncRNA_divergent	3.925
ZNF528-AS1	CTD-3018O17.3	ASO_G0269834_04	-35.838	0	51.457	exonic	Chromatin bound	lncRNA_divergent	3.925
ZNF528-AS1	CTD-3018O17.3	ASO_G0269834_05	-15.17	0	40.39	exonic	Chromatin bound	lncRNA_divergent	3.925
ZNF528-AS1	CTD-3018O17.3	ASO_G0269834_09	-28.566	0	42.566	exonic	Chromatin bound	lncRNA_divergent	3.925
ZNF528-AS1	CTD-3018O17.3	ASO_G0269834_AD_01	74.118	1	30.887	exonic	Chromatin bound	lncRNA_divergent	3.925
ZNF528-AS1	CTD-3018O17.3	ASO_G0269834_AD_02	70.485	1	74.903	exonic	Chromatin bound	lncRNA_divergent	3.925
ZNF528-AS1	CTD-3018O17.3	ASO_G0269834_AD_05	53.231	0	42.267	exonic	Chromatin bound	lncRNA_divergent	3.925
ZNF528-AS1	CTD-3018O17.3	ASO_G0269834_AD_06	75.779	1	57.424	exonic	Chromatin bound	lncRNA_divergent	3.925
ZNF528-AS1	CTD-3018O17.3	ASO_G0269834_AD_08	43.706	0	14.026	exonic	Chromatin bound	lncRNA_divergent	3.925
CTD-3074O7.5	CTD-3074O7.5	ASO_G0255517_01	84.619	1	62.635	exonic	Nuclear soluble	lncRNA_divergent	7.381
CTD-3074O7.5	CTD-3074O7.5	ASO_G0255517_02	9.551	0	39.697	exonic	Nuclear soluble	lncRNA_divergent	7.381
CTD-3074O7.5	CTD-3074O7.5	ASO_G0255517_05	44.598	0	47.431	exonic	Nuclear soluble	lncRNA_divergent	7.381
CTD-3074O7.5	CTD-3074O7.5	ASO_G0255517_07	56.205	0	52.69	exonic	Nuclear soluble	lncRNA_divergent	7.381
CTD-3074O7.5	CTD-3074O7.5	ASO_G0255517_09	32.06	0	39.808	exonic	Nuclear soluble	lncRNA_divergent	7.381
CTD-3131K8.2	CTD-3131K8.2	ASO_G0269439_02	42.07	0	18.94	exonic	Chromatin bound	lncRNA_divergent	8.491
CTD-3131K8.2	CTD-3131K8.2	ASO_G0269439_05	63.648	1	47.23	exonic	Chromatin bound	lncRNA_divergent	8.491
CTD-3131K8.2	CTD-3131K8.2	ASO_G0269439_07	62.248	1	52.133	exonic	Chromatin bound	lncRNA_divergent	8.491
CTD-3131K8.2	CTD-3131K8.2	ASO_G0269439_08	33.576	0	16.638	exonic	Chromatin bound	lncRNA_divergent	8.491
CTD-3131K8.2	CTD-3131K8.2	ASO_G0269439_09	78.322	1	61.543	exonic	Chromatin bound	lncRNA_divergent	8.491
CTD-3131K8.2	CTD-3131K8.2	ASO_G0269439_AD_01	43.101	0	18.786	exonic	Chromatin bound	lncRNA_divergent	8.491
CTD-3131K8.2	CTD-3131K8.2	ASO_G0269439_AD_02	46.216	1	28.885	exonic	Chromatin bound	lncRNA_divergent	8.491
CTD-3131K8.2	CTD-3131K8.2	ASO_G0269439_AD_03	31.687	0	32.021	exonic	Chromatin bound	lncRNA_divergent	8.491
CTD-3131K8.2	CTD-3131K8.2	ASO_G0269439_AD_04	74.358	1	46.138	intronic	Chromatin bound	lncRNA_divergent	8.491
CTD-3131K8.2	CTD-3131K8.2	ASO_G0269439_AD_05	73.346	1	44.802	intronic	Chromatin bound	lncRNA_divergent	8.491
CTD-3138B18.5	CTD-3138B18.5	ASO_G0268516_02	44.786	0	35.499	exonic	Chromatin bound	lncRNA_divergent	11.574
CTD-3138B18.5	CTD-3138B18.5	ASO_G0268516_03	49.859	0	34.222	exonic	Chromatin bound	lncRNA_divergent	11.574
CTD-3138B18.5	CTD-3138B18.5	ASO_G0268516_04	32.681	0	20.744	exonic	Chromatin bound	lncRNA_divergent	11.574
CTD-3138B18.5	CTD-3138B18.5	ASO_G0268516_07	47.346	0	28.316	exonic	Chromatin bound	lncRNA_divergent	11.574
CTD-3138B18.5	CTD-3138B18.5	ASO_G0268516_10	39.786	0	28.836	exonic	Chromatin bound	lncRNA_divergent	11.574
MHENCR	CTD-3184A7.4	ASO_G0232442_01	82.02	1	40.663	exonic	Nuclear soluble	lncRNA_divergent	7.524
MHENCR	CTD-3184A7.4	ASO_G0232442_02	72.593	1	26.23	exonic	Nuclear soluble	lncRNA_divergent	7.524
MHENCR	CTD-3184A7.4	ASO_G0232442_03	52.55	0	52.29	exonic	Nuclear soluble	lncRNA_divergent	7.524
MHENCR	CTD-3184A7.4	ASO_G0232442_04	66.988	1	31.704	exonic	Nuclear soluble	lncRNA_divergent	7.524
MHENCR	CTD-3184A7.4	ASO_G0232442_07	70.221	1	5.275	exonic	Nuclear soluble	lncRNA_divergent	7.524
DANCR	DANCR	ASO_G0226950_01	81.763	1	51.647	exonic	Cytoplasmic	lncRNA_intergenic	16.82
DANCR	DANCR	ASO_G0226950_02	94.299	1	76.073	exonic	Cytoplasmic	lncRNA_intergenic	16.82
DANCR	DANCR	ASO_G0226950_03	45.668	1	18.765	exonic	Cytoplasmic	lncRNA_intergenic	16.82
DANCR	DANCR	ASO_G0226950_04	90.293	1	86.894	exonic	Cytoplasmic	lncRNA_intergenic	16.82
DANCR	DANCR	ASO_G0226950_05	96.139	1	78.3	exonic	Cytoplasmic	lncRNA_intergenic	16.82
DANCR	DANCR	ASO_G0226950_AD_01	59.732	1	43.798	exonic	Cytoplasmic	lncRNA_intergenic	16.82
DANCR	DANCR	ASO_G0226950_AD_03	18.237	0	8.279	exonic	Cytoplasmic	lncRNA_intergenic	16.82
DANCR	DANCR	ASO_G0226950_AD_04	43.964	0	0	exonic	Cytoplasmic	lncRNA_intergenic	16.82
DANCR	DANCR	ASO_G0226950_AD_07	93.598	1	73.554	exonic	Cytoplasmic	lncRNA_intergenic	16.82
DANCR	DANCR	ASO_G0226950_AD_08	40.101	0	0	exonic	Cytoplasmic	lncRNA_intergenic	16.82
DGUOK-AS1	DGUOK-AS1	ASO_G0237883_01	58.636	0	29.809	exonic	Chromatin bound	lncRNA_intergenic	2.362
DGUOK-AS1	DGUOK-AS1	ASO_G0237883_02	-26.405	0	33.346	exonic	Chromatin bound	lncRNA_intergenic	2.362
DGUOK-AS1	DGUOK-AS1	ASO_G0237883_03	13.964	0	44.5	exonic	Chromatin bound	lncRNA_intergenic	2.362
DGUOK-AS1	DGUOK-AS1	ASO_G0237883_04	32.549	0	21.52	exonic	Chromatin bound	lncRNA_intergenic	2.362
DGUOK-AS1	DGUOK-AS1	ASO_G0237883_07	27.385	0	40.181	exonic	Chromatin bound	lncRNA_intergenic	2.362
DLGAP1-AS1	DLGAP1-AS1	ASO_G0177337_01	0	0	-7.722	exonic	Nuclear soluble	lncRNA_antisense	11.899
DLGAP1-AS1	DLGAP1-AS1	ASO_G0177337_02	0	0	29.425	exonic	Nuclear soluble	lncRNA_antisense	11.899
DLGAP1-AS1	DLGAP1-AS1	ASO_G0177337_03	0	0	1.749	exonic	Nuclear soluble	lncRNA_antisense	11.899
DLGAP1-AS1	DLGAP1-AS1	ASO_G0177337_04	0	0	22.719	exonic	Nuclear soluble	lncRNA_antisense	11.899
DLGAP1-AS1	DLGAP1-AS1	ASO_G0177337_09	0	0	21.571	exonic	Nuclear soluble	lncRNA_antisense	11.899
DNAJC27-AS1	DNAJC27-AS1	ASO_G0224165_01	53.34	1	13.856	exonic	Nuclear soluble	lncRNA_divergent	2.779
DNAJC27-AS1	DNAJC27-AS1	ASO_G0224165_04	54.137	0	23.904	exonic	Nuclear soluble	lncRNA_divergent	2.779
DNAJC27-AS1	DNAJC27-AS1	ASO_G0224165_06	45.162	1	18.439	exonic	Nuclear soluble	lncRNA_divergent	2.779
DNAJC27-AS1	DNAJC27-AS1	ASO_G0224165_09	39.662	0	48.612	exonic	Nuclear soluble	lncRNA_divergent	2.779
DNAJC27-AS1	DNAJC27-AS1	ASO_G0224165_10	77.98	1	75.842	exonic	Nuclear soluble	lncRNA_divergent	2.779
DNAJC27-AS1	DNAJC27-AS1	ASO_G0224165_AD_01	61.717	1	16.482	exonic	Nuclear soluble	lncRNA_divergent	2.779
DNAJC27-AS1	DNAJC27-AS1	ASO_G0224165_AD_03	52.206	1	19.648	exonic	Nuclear soluble	lncRNA_divergent	2.779
DNAJC27-AS1	DNAJC27-AS1	ASO_G0224165_AD_07	70.811	1	54.964	exonic	Nuclear soluble	lncRNA_divergent	2.779
DNAJC27-AS1	DNAJC27-AS1	ASO_G0224165_AD_08	34.662	0	11.53	exonic	Nuclear soluble	lncRNA_divergent	2.779
DNAJC27-AS1	DNAJC27-AS1	ASO_G0224165_AD_10	63.147	1	14.386	exonic	Nuclear soluble	lncRNA_divergent	2.779
DNM3OS	DNM3OS	ASO_G0230630_01	33.444	0	41.641	exonic	Nuclear soluble	lncRNA_antisense	7.061
DNM3OS	DNM3OS	ASO_G0230630_02	39.664	0	28.356	exonic	Nuclear soluble	lncRNA_antisense	7.061
DNM3OS	DNM3OS	ASO_G0230630_03	42.996	0	29.749	exonic	Nuclear soluble	lncRNA_antisense	7.061
DNM3OS	DNM3OS	ASO_G0230630_05	57.271	0	6.947	exonic	Nuclear soluble	lncRNA_antisense	7.061
DNM3OS	DNM3OS	ASO_G0230630_06	71.68	1	36.811	exonic	Nuclear soluble	lncRNA_antisense	7.061
DNM3OS	DNM3OS	ASO_G0230630_AD_01	56.553	0	33.438	exonic	Nuclear soluble	lncRNA_antisense	7.061
DNM3OS	DNM3OS	ASO_G0230630_AD_02	90.293	1	62.584	exonic	Nuclear soluble	lncRNA_antisense	7.061
DNM3OS	DNM3OS	ASO_G0230630_AD_04	98.049	1	90.391	exonic	Nuclear soluble	lncRNA_antisense	7.061
DNM3OS	DNM3OS	ASO_G0230630_AD_09	87.123	1	51.015	exonic	Nuclear soluble	lncRNA_antisense	7.061
DNM3OS	DNM3OS	ASO_G0230630_AD_10	55.519	0	70.815	exonic	Nuclear soluble	lncRNA_antisense	7.061
NRAV	DYNLL1-AS1	ASO_G0248008_01	47.908	1	6.135	exonic	Cytoplasmic	lncRNA_divergent	8.442
NRAV	DYNLL1-AS1	ASO_G0248008_02	67.692	1	21.633	exonic	Cytoplasmic	lncRNA_divergent	8.442
NRAV	DYNLL1-AS1	ASO_G0248008_04	21.078	0	25.465	exonic	Cytoplasmic	lncRNA_divergent	8.442
NRAV	DYNLL1-AS1	ASO_G0248008_08	35.064	0	22.476	exonic	Cytoplasmic	lncRNA_divergent	8.442
NRAV	DYNLL1-AS1	ASO_G0248008_10	31.068	0	14.066	exonic	Cytoplasmic	lncRNA_divergent	8.442
EIF3J-DT	EIF3J-AS1	ASO_G0179523_04	8.281	0	10.308	exonic	Nuclear soluble	lncRNA_divergent	7.704
EIF3J-DT	EIF3J-AS1	ASO_G0179523_08	-9.703	0	13.293	exonic	Nuclear soluble	lncRNA_divergent	7.704
EIF3J-DT	EIF3J-AS1	ASO_G0179523_09	66.083	1	44.347	exonic	Nuclear soluble	lncRNA_divergent	7.704
EMX2OS	EMX2OS	ASO_G0229847_01	91.078	1	71.879	exonic	Cytoplasmic	lncRNA_divergent	10.797
EMX2OS	EMX2OS	ASO_G0229847_02	69.608	1	34.225	exonic	Cytoplasmic	lncRNA_divergent	10.797
EMX2OS	EMX2OS	ASO_G0229847_03	90.143	1	57.723	exonic	Cytoplasmic	lncRNA_divergent	10.797
EMX2OS	EMX2OS	ASO_G0229847_04	88.897	1	29.508	exonic	Cytoplasmic	lncRNA_divergent	10.797
EMX2OS	EMX2OS	ASO_G0229847_05	98.026	1	92.88	exonic	Cytoplasmic	lncRNA_divergent	10.797
EMX2OS	EMX2OS	ASO_G0229847_AD_02	90.622	1	78.523	intronic	Cytoplasmic	lncRNA_divergent	10.797
EMX2OS	EMX2OS	ASO_G0229847_AD_03	77.225	1	38.168	exonic	Cytoplasmic	lncRNA_divergent	10.797
EMX2OS	EMX2OS	ASO_G0229847_AD_04	95.833	1	95.553	intronic	Cytoplasmic	lncRNA_divergent	10.797
EMX2OS	EMX2OS	ASO_G0229847_AD_05	84.413	1	64.942	intronic	Cytoplasmic	lncRNA_divergent	10.797
EMX2OS	EMX2OS	ASO_G0229847_AD_06	72.237	1	26.904	exonic	Cytoplasmic	lncRNA_divergent	10.797
ERVK13-1	ERVK13-1	ASO_G0260565_01	0	0	-14009.014	exonic	Chromatin bound	lncRNA_intergenic	12.164
ERVK13-1	ERVK13-1	ASO_G0260565_02	0	0	13.407	exonic	Chromatin bound	lncRNA_intergenic	12.164
ERVK13-1	ERVK13-1	ASO_G0260565_03	0	0	-30234.989	exonic	Chromatin bound	lncRNA_intergenic	12.164
ERVK13-1	ERVK13-1	ASO_G0260565_04	0	0	35.82	exonic	Chromatin bound	lncRNA_intergenic	12.164
ERVK13-1	ERVK13-1	ASO_G0260565_07	0	0	-9778.841	exonic	Chromatin bound	lncRNA_intergenic	12.164
ERVK13-1	ERVK13-1	ASO_G0260565_AD_02	89.454	1	66.659	exonic	Chromatin bound	lncRNA_intergenic	12.164
ERVK13-1	ERVK13-1	ASO_G0260565_AD_04	64.513	1	42.207	exonic	Chromatin bound	lncRNA_intergenic	12.164
ERVK13-1	ERVK13-1	ASO_G0260565_AD_06	98.108	1	96.485	exonic	Chromatin bound	lncRNA_intergenic	12.164
ERVK13-1	ERVK13-1	ASO_G0260565_AD_07	74.673	1	64.167	exonic	Chromatin bound	lncRNA_intergenic	12.164
ERVK13-1	ERVK13-1	ASO_G0260565_AD_08	93.951	1	91.783	exonic	Chromatin bound	lncRNA_intergenic	12.164
ERVK3-1	ERVK3-1	ASO_G0142396_01	57.461	1	24.116	exonic	Nuclear soluble	lncRNA_sense_intronic	44.431
ERVK3-1	ERVK3-1	ASO_G0142396_02	77.491	1	31.998	exonic	Nuclear soluble	lncRNA_sense_intronic	44.431
ERVK3-1	ERVK3-1	ASO_G0142396_03	62.186	1	44.429	exonic	Nuclear soluble	lncRNA_sense_intronic	44.431
ERVK3-1	ERVK3-1	ASO_G0142396_06	36.928	0	27.016	exonic	Nuclear soluble	lncRNA_sense_intronic	44.431
ERVK3-1	ERVK3-1	ASO_G0142396_08	76.51	1	57.231	exonic	Nuclear soluble	lncRNA_sense_intronic	44.431
ERVK3-1	ERVK3-1	ASO_G0142396_AD_01	96.089	1	84.392	exonic	Nuclear soluble	lncRNA_sense_intronic	44.431
ERVK3-1	ERVK3-1	ASO_G0142396_AD_02	88.915	1	63.399	exonic	Nuclear soluble	lncRNA_sense_intronic	44.431
ERVK3-1	ERVK3-1	ASO_G0142396_AD_05	36.072	0	21.129	exonic	Nuclear soluble	lncRNA_sense_intronic	44.431
ERVK3-1	ERVK3-1	ASO_G0142396_AD_07	97.73	1	83.448	exonic	Nuclear soluble	lncRNA_sense_intronic	44.431
ERVK3-1	ERVK3-1	ASO_G0142396_AD_08	39.039	0	45.272	exonic	Nuclear soluble	lncRNA_sense_intronic	44.431
FBXL19-AS1	FBXL19-AS1	ASO_G0260852_01	18.296	0	7.73	exonic	Nuclear soluble	lncRNA_divergent	2.212
FBXL19-AS1	FBXL19-AS1	ASO_G0260852_02	60.677	1	61.722	exonic	Nuclear soluble	lncRNA_divergent	2.212
FBXL19-AS1	FBXL19-AS1	ASO_G0260852_04	-15.518	0	16.016	exonic	Nuclear soluble	lncRNA_divergent	2.212
FBXL19-AS1	FBXL19-AS1	ASO_G0260852_07	25.494	0	7.456	exonic	Nuclear soluble	lncRNA_divergent	2.212
FBXL19-AS1	FBXL19-AS1	ASO_G0260852_08	16.744	0	45.333	exonic	Nuclear soluble	lncRNA_divergent	2.212
FBXL19-AS1	FBXL19-AS1	ASO_G0260852_AD_01	0	0	42.109	exonic	Nuclear soluble	lncRNA_divergent	2.212
FBXL19-AS1	FBXL19-AS1	ASO_G0260852_AD_02	0	0	22.749	exonic	Nuclear soluble	lncRNA_divergent	2.212
FBXL19-AS1	FBXL19-AS1	ASO_G0260852_AD_03	0	0	-11.04	exonic	Nuclear soluble	lncRNA_divergent	2.212
FBXL19-AS1	FBXL19-AS1	ASO_G0260852_AD_05	0	0	26.405	exonic	Nuclear soluble	lncRNA_divergent	2.212
FBXL19-AS1	FBXL19-AS1	ASO_G0260852_AD_09	0	0	21.05	exonic	Nuclear soluble	lncRNA_divergent	2.212
FGD5-AS1	FGD5-AS1	ASO_G0225733_01	45.23	0	38.004	exonic	Cytoplasmic	lncRNA_divergent	77.283
FGD5-AS1	FGD5-AS1	ASO_G0225733_02	54.745	1	31.088	exonic	Cytoplasmic	lncRNA_divergent	77.283
FGD5-AS1	FGD5-AS1	ASO_G0225733_03	86.62	1	76.063	exonic	Cytoplasmic	lncRNA_divergent	77.283
FGD5-AS1	FGD5-AS1	ASO_G0225733_04	92.686	1	82.291	exonic	Cytoplasmic	lncRNA_divergent	77.283
FGD5-AS1	FGD5-AS1	ASO_G0225733_05	82.944	1	59.768	exonic	Cytoplasmic	lncRNA_divergent	77.283
FGD5-AS1	FGD5-AS1	ASO_G0225733_AD_03	97.556	1	87.806	exonic	Cytoplasmic	lncRNA_divergent	77.283
FGD5-AS1	FGD5-AS1	ASO_G0225733_AD_04	78.153	1	18.627	intronic	Cytoplasmic	lncRNA_divergent	77.283
FGD5-AS1	FGD5-AS1	ASO_G0225733_AD_06	85.353	1	81.686	exonic	Cytoplasmic	lncRNA_divergent	77.283
FGD5-AS1	FGD5-AS1	ASO_G0225733_AD_07	76.54	1	31.915	exonic	Cytoplasmic	lncRNA_divergent	77.283
FGD5-AS1	FGD5-AS1	ASO_G0225733_AD_08	63.441	1	-4.091	intronic	Cytoplasmic	lncRNA_divergent	77.283
FLVCR1-DT	FLVCR1-AS1	ASO_G0198468_01	43.244	0	59.124	exonic	Nuclear soluble	lncRNA_divergent	2.587
FLVCR1-DT	FLVCR1-AS1	ASO_G0198468_03	62.566	1	75.391	exonic	Nuclear soluble	lncRNA_divergent	2.587
FLVCR1-DT	FLVCR1-AS1	ASO_G0198468_06	26.587	0	42.586	exonic	Nuclear soluble	lncRNA_divergent	2.587
FLVCR1-DT	FLVCR1-AS1	ASO_G0198468_07	22.803	0	63.095	exonic	Nuclear soluble	lncRNA_divergent	2.587
FLVCR1-DT	FLVCR1-AS1	ASO_G0198468_09	36.813	0	43.882	exonic	Nuclear soluble	lncRNA_divergent	2.587
FOXN3-AS1	FOXN3-AS1	ASO_G0258920_01	93.642	1	71.505	exonic	Cytoplasmic	lncRNA_divergent	3.287
FOXN3-AS1	FOXN3-AS1	ASO_G0258920_02	23.971	0	15.604	exonic	Cytoplasmic	lncRNA_divergent	3.287
FOXN3-AS1	FOXN3-AS1	ASO_G0258920_03	35.617	0	48.615	exonic	Cytoplasmic	lncRNA_divergent	3.287
FOXN3-AS1	FOXN3-AS1	ASO_G0258920_07	22.458	0	24.974	exonic	Cytoplasmic	lncRNA_divergent	3.287
FOXN3-AS1	FOXN3-AS1	ASO_G0258920_08	-8.768	0	21.646	exonic	Cytoplasmic	lncRNA_divergent	3.287
FOXN3-AS1	FOXN3-AS1	ASO_G0258920_AD_02	3.217	0	32.151	exonic	Cytoplasmic	lncRNA_divergent	3.287
FOXN3-AS1	FOXN3-AS1	ASO_G0258920_AD_07	0.536	0	36.906	intronic	Cytoplasmic	lncRNA_divergent	3.287
FOXN3-AS1	FOXN3-AS1	ASO_G0258920_AD_09	56.868	0	28.276	exonic	Cytoplasmic	lncRNA_divergent	3.287
FOXN3-AS1	FOXN3-AS1	ASO_G0258920_AD_10	41.634	0	13.303	intronic	Cytoplasmic	lncRNA_divergent	3.287
FTX	FTX	ASO_G0230590_01	82.226	1	31.885	exonic	Chromatin bound	lncRNA_intergenic	29.951
FTX	FTX	ASO_G0230590_02	42.499	0	-138.848	exonic	Chromatin bound	lncRNA_intergenic	29.951
FTX	FTX	ASO_G0230590_03	83.137	1	-4.978	exonic	Chromatin bound	lncRNA_intergenic	29.951
FTX	FTX	ASO_G0230590_05	56.267	1	-101.309	exonic	Chromatin bound	lncRNA_intergenic	29.951
FTX	FTX	ASO_G0230590_06	86.514	1	-33.957	exonic	Chromatin bound	lncRNA_intergenic	29.951
FTX	FTX	ASO_G0230590_AD_02	92.101	1	79.456	intronic	Chromatin bound	lncRNA_intergenic	29.951
FTX	FTX	ASO_G0230590_AD_03	80.769	1	75.671	exonic	Chromatin bound	lncRNA_intergenic	29.951
FTX	FTX	ASO_G0230590_AD_04	68.169	1	16.997	exonic	Chromatin bound	lncRNA_intergenic	29.951
FTX	FTX	ASO_G0230590_AD_07	46.47	1	29.142	exonic	Chromatin bound	lncRNA_intergenic	29.951
FTX	FTX	ASO_G0230590_AD_08	42.454	0	28.925	intronic	Chromatin bound	lncRNA_intergenic	29.951
GAS6-DT	GAS6-AS2	ASO_G0272695_01	33.428	0	25.326	exonic	Cytoplasmic	lncRNA_divergent	8.197
GAS6-DT	GAS6-AS2	ASO_G0272695_02	8.263	0	50.295	exonic	Cytoplasmic	lncRNA_divergent	8.197
GAS6-DT	GAS6-AS2	ASO_G0272695_03	-4.892	0	0.114	exonic	Cytoplasmic	lncRNA_divergent	8.197
GAS6-DT	GAS6-AS2	ASO_G0272695_04	28.391	0	21.657	exonic	Cytoplasmic	lncRNA_divergent	8.197
GAS6-DT	GAS6-AS2	ASO_G0272695_05	18.218	0	22.747	exonic	Cytoplasmic	lncRNA_divergent	8.197
GS1-124K5.4	GS1-124K5.4	ASO_G0237310_05	64.141	1	68.315	exonic	Nuclear soluble	lncRNA_intergenic	5.573
GS1-124K5.4	GS1-124K5.4	ASO_G0237310_06	50.069	1	35.332	exonic	Nuclear soluble	lncRNA_intergenic	5.573
GS1-124K5.4	GS1-124K5.4	ASO_G0237310_07	-3.288	0	9.422	exonic	Nuclear soluble	lncRNA_intergenic	5.573
GS1-124K5.4	GS1-124K5.4	ASO_G0237310_08	-8.126	0	12.603	exonic	Nuclear soluble	lncRNA_intergenic	5.573
GS1-124K5.4	GS1-124K5.4	ASO_G0237310_09	32.642	0	13.878	exonic	Nuclear soluble	lncRNA_intergenic	5.573
GS1-124K5.4	GS1-124K5.4	ASO_G0237310_AD_02	15.57	0	-30918844.182	exonic	Nuclear soluble	lncRNA_intergenic	5.573
GS1-124K5.4	GS1-124K5.4	ASO_G0237310_AD_03	66.325	1	42.097	exonic	Nuclear soluble	lncRNA_intergenic	5.573
GS1-124K5.4	GS1-124K5.4	ASO_G0237310_AD_05	-26.261	0	47.56	exonic	Nuclear soluble	lncRNA_intergenic	5.573
GS1-124K5.4	GS1-124K5.4	ASO_G0237310_AD_08	31.876	0	44.95	exonic	Nuclear soluble	lncRNA_intergenic	5.573
GS1-124K5.4	GS1-124K5.4	ASO_G0237310_AD_10	18.538	0	11.876	exonic	Nuclear soluble	lncRNA_intergenic	5.573
OTUD6B-AS1	GS1-251I9.4	ASO_G0253738_01	67.499	1	44.346	exonic	Cytoplasmic	lncRNA_divergent	24.611
OTUD6B-AS1	GS1-251I9.4	ASO_G0253738_02	80.875	1	54.539	exonic	Cytoplasmic	lncRNA_divergent	24.611
OTUD6B-AS1	GS1-251I9.4	ASO_G0253738_03	68.351	1	18.317	exonic	Cytoplasmic	lncRNA_divergent	24.611
OTUD6B-AS1	GS1-251I9.4	ASO_G0253738_05	63.468	1	5.007	exonic	Cytoplasmic	lncRNA_divergent	24.611
OTUD6B-AS1	GS1-251I9.4	ASO_G0253738_07	77.079	1	42.581	exonic	Cytoplasmic	lncRNA_divergent	24.611
HCG11	HCG11	ASO_G0228223_01	35.897	0	16.384	exonic	Cytoplasmic	lncRNA_intergenic	5.69
HCG11	HCG11	ASO_G0228223_02	71.626	1	50.928	exonic	Cytoplasmic	lncRNA_intergenic	5.69
HCG11	HCG11	ASO_G0228223_03	35.472	0	11.054	exonic	Cytoplasmic	lncRNA_intergenic	5.69
HCG11	HCG11	ASO_G0228223_05	38.128	0	4.17	exonic	Cytoplasmic	lncRNA_intergenic	5.69
HCG11	HCG11	ASO_G0228223_06	31.177	0	13.436	exonic	Cytoplasmic	lncRNA_intergenic	5.69
HCG11	HCG11	ASO_G0228223_AD_01	26.753	0	33.297	exonic	Cytoplasmic	lncRNA_intergenic	5.69
HCG11	HCG11	ASO_G0228223_AD_07	35.936	0	15.866	exonic	Cytoplasmic	lncRNA_intergenic	5.69
HCG11	HCG11	ASO_G0228223_AD_08	12.633	0	46.594	exonic	Cytoplasmic	lncRNA_intergenic	5.69
HCG11	HCG11	ASO_G0228223_AD_09	17.662	0	8.386	exonic	Cytoplasmic	lncRNA_intergenic	5.69
HCG11	HCG11	ASO_G0228223_AD_10	9.072	0	30.017	exonic	Cytoplasmic	lncRNA_intergenic	5.69
HOXB-AS1	HOXB-AS1	ASO_G0230148_02	41.644	0	17.184	exonic	Nuclear soluble	lncRNA_intergenic	1.815
HOXB-AS1	HOXB-AS1	ASO_G0230148_05	31.443	0	-5.69	exonic	Nuclear soluble	lncRNA_intergenic	1.815
HOXB-AS1	HOXB-AS1	ASO_G0230148_06	40.331	0	-7.337	exonic	Nuclear soluble	lncRNA_intergenic	1.815
HOXB-AS1	HOXB-AS1	ASO_G0230148_07	42.067	0	40.485	exonic	Nuclear soluble	lncRNA_intergenic	1.815
HOXB-AS1	HOXB-AS1	ASO_G0230148_09	25.65	0	-8.699	exonic	Nuclear soluble	lncRNA_intergenic	1.815
HOXD-AS2	HOXD-AS2	ASO_G0237380_01	97.571	1	87.941	exonic	Cytoplasmic	lncRNA_divergent	11.79
HOXD-AS2	HOXD-AS2	ASO_G0237380_02	0.586	0	14.702	exonic	Cytoplasmic	lncRNA_divergent	11.79
HOXD-AS2	HOXD-AS2	ASO_G0237380_04	23.468	0	-13.03	exonic	Cytoplasmic	lncRNA_divergent	11.79
HOXD-AS2	HOXD-AS2	ASO_G0237380_05	30.588	0	24.142	exonic	Cytoplasmic	lncRNA_divergent	11.79
HOXD-AS2	HOXD-AS2	ASO_G0237380_07	18.722	0	21.69	exonic	Cytoplasmic	lncRNA_divergent	11.79
HOXD-AS2	HOXD-AS2	ASO_G0237380_AD_01	0	0	12.03	intronic	Cytoplasmic	lncRNA_divergent	11.79
HOXD-AS2	HOXD-AS2	ASO_G0237380_AD_02	0	0	44.199	intronic	Cytoplasmic	lncRNA_divergent	11.79
HOXD-AS2	HOXD-AS2	ASO_G0237380_AD_03	0	0	6.822	intronic	Cytoplasmic	lncRNA_divergent	11.79
HOXD-AS2	HOXD-AS2	ASO_G0237380_AD_04	0	0	17.881	exonic	Cytoplasmic	lncRNA_divergent	11.79
HOXD-AS2	HOXD-AS2	ASO_G0237380_AD_08	0	0	40.528	intronic	Cytoplasmic	lncRNA_divergent	11.79
JPX	JPX	ASO_G0225470_01	65.988	1	43.995	exonic	Chromatin bound	lncRNA_intergenic	34.183
JPX	JPX	ASO_G0225470_02	57.658	1	14.186	exonic	Chromatin bound	lncRNA_intergenic	34.183
JPX	JPX	ASO_G0225470_03	22.151	0	8.938	exonic	Chromatin bound	lncRNA_intergenic	34.183
JPX	JPX	ASO_G0225470_04	32.637	0	13.607	exonic	Chromatin bound	lncRNA_intergenic	34.183
JPX	JPX	ASO_G0225470_05	74.33	1	71.595	exonic	Chromatin bound	lncRNA_intergenic	34.183
JPX	JPX	ASO_G0225470_AD_03	41.483	0	27.385	intronic	Chromatin bound	lncRNA_intergenic	34.183
JPX	JPX	ASO_G0225470_AD_04	97.42	1	84.913	exonic	Chromatin bound	lncRNA_intergenic	34.183
JPX	JPX	ASO_G0225470_AD_05	62.723	1	44.706	exonic	Chromatin bound	lncRNA_intergenic	34.183
JPX	JPX	ASO_G0225470_AD_09	61.772	1	41.109	exonic	Chromatin bound	lncRNA_intergenic	34.183
JPX	JPX	ASO_G0225470_AD_10	25.135	0	25.462	exonic	Chromatin bound	lncRNA_intergenic	34.183
KANSL1-AS1	KANSL1-AS1	ASO_G0214401_01	70.41	1	29.932	exonic	Cytoplasmic	lncRNA_divergent	2.477
KANSL1-AS1	KANSL1-AS1	ASO_G0214401_02	60.183	1	7.986	exonic	Cytoplasmic	lncRNA_divergent	2.477
KANSL1-AS1	KANSL1-AS1	ASO_G0214401_03	61.246	1	1.332	exonic	Cytoplasmic	lncRNA_divergent	2.477
KANSL1-AS1	KANSL1-AS1	ASO_G0214401_06	71.403	1	0	exonic	Cytoplasmic	lncRNA_divergent	2.477
KANSL1-AS1	KANSL1-AS1	ASO_G0214401_10	-6.651	0	0	exonic	Cytoplasmic	lncRNA_divergent	2.477
KTN1-AS1	KTN1-AS1	ASO_G0186615_03	49.343	0	55.327	exonic	Chromatin bound	lncRNA_divergent	3.145
KTN1-AS1	KTN1-AS1	ASO_G0186615_04	66.562	1	77.991	exonic	Chromatin bound	lncRNA_divergent	3.145
KTN1-AS1	KTN1-AS1	ASO_G0186615_06	35.358	0	56.797	exonic	Chromatin bound	lncRNA_divergent	3.145
KTN1-AS1	KTN1-AS1	ASO_G0186615_09	49.043	0	60.014	exonic	Chromatin bound	lncRNA_divergent	3.145
KTN1-AS1	KTN1-AS1	ASO_G0186615_10	63.592	1	56.895	exonic	Chromatin bound	lncRNA_divergent	3.145
CYTOR	LINC00152	ASO_G0222041_01	53.601	1	37.566	exonic	Chromatin bound	lncRNA_intergenic	191.35
CYTOR	LINC00152	ASO_G0222041_02	57.275	1	38.877	exonic	Chromatin bound	lncRNA_intergenic	191.35
CYTOR	LINC00152	ASO_G0222041_03	41.039	0	50.374	exonic	Chromatin bound	lncRNA_intergenic	191.35
CYTOR	LINC00152	ASO_G0222041_04	81.248	1	67.311	exonic	Chromatin bound	lncRNA_intergenic	191.35
CYTOR	LINC00152	ASO_G0222041_06	13.648	0	28.158	exonic	Chromatin bound	lncRNA_intergenic	191.35
CYTOR	LINC00152	ASO_G0222041_AD_01	64.807	1	63.613	exonic	Chromatin bound	lncRNA_intergenic	191.35
CYTOR	LINC00152	ASO_G0222041_AD_06	7.869	0	21.635	intronic	Chromatin bound	lncRNA_intergenic	191.35
CYTOR	LINC00152	ASO_G0222041_AD_07	80.1	1	78.747	intronic	Chromatin bound	lncRNA_intergenic	191.35
CYTOR	LINC00152	ASO_G0222041_AD_08	89.361	1	58.939	exonic	Chromatin bound	lncRNA_intergenic	191.35
CYTOR	LINC00152	ASO_G0222041_AD_10	60.467	1	20.782	intronic	Chromatin bound	lncRNA_intergenic	191.35
OLMALINC	LINC00263	ASO_G0235823_01	33.394	0	31.441	exonic	Nuclear soluble	lncRNA_intergenic	5.577
OLMALINC	LINC00263	ASO_G0235823_03	-20.214	0	66.194	exonic	Nuclear soluble	lncRNA_intergenic	5.577
OLMALINC	LINC00263	ASO_G0235823_06	-17.979	0	39.328	exonic	Nuclear soluble	lncRNA_intergenic	5.577
OLMALINC	LINC00263	ASO_G0235823_07	10.913	0	47.143	exonic	Nuclear soluble	lncRNA_intergenic	5.577
OLMALINC	LINC00263	ASO_G0235823_10	65.745	1	49.996	exonic	Nuclear soluble	lncRNA_intergenic	5.577
OLMALINC	LINC00263	ASO_G0235823_AD_01	0	0	69.425	exonic	Nuclear soluble	lncRNA_intergenic	5.577
OLMALINC	LINC00263	ASO_G0235823_AD_04	0	0	61.427	exonic	Nuclear soluble	lncRNA_intergenic	5.577
OLMALINC	LINC00263	ASO_G0235823_AD_06	0	0	58.248	intronic	Nuclear soluble	lncRNA_intergenic	5.577
OLMALINC	LINC00263	ASO_G0235823_AD_08	0	0	55.566	intronic	Nuclear soluble	lncRNA_intergenic	5.577
OLMALINC	LINC00263	ASO_G0235823_AD_10	0	0	62.248	exonic	Nuclear soluble	lncRNA_intergenic	5.577
LINC00339	LINC00339	ASO_G0218510_01	55.731	0	15.647	exonic	Nuclear soluble	lncRNA_intergenic	11.139
LINC00339	LINC00339	ASO_G0218510_02	13.666	0	16.834	exonic	Nuclear soluble	lncRNA_intergenic	11.139
LINC00339	LINC00339	ASO_G0218510_03	44.299	0	21.939	exonic	Nuclear soluble	lncRNA_intergenic	11.139
LINC00339	LINC00339	ASO_G0218510_04	83.318	1	80.544	exonic	Nuclear soluble	lncRNA_intergenic	11.139
LINC00339	LINC00339	ASO_G0218510_05	60.106	1	43.136	exonic	Nuclear soluble	lncRNA_intergenic	11.139
LINC00339	LINC00339	ASO_G0218510_AD_03	91.961	1	74.926	exonic	Nuclear soluble	lncRNA_intergenic	11.139
LINC00339	LINC00339	ASO_G0218510_AD_05	75.722	1	40.722	exonic	Nuclear soluble	lncRNA_intergenic	11.139
LINC00339	LINC00339	ASO_G0218510_AD_06	95.002	1	76.078	exonic	Nuclear soluble	lncRNA_intergenic	11.139
LINC00339	LINC00339	ASO_G0218510_AD_09	93.554	1	54.524	exonic	Nuclear soluble	lncRNA_intergenic	11.139
LINC00339	LINC00339	ASO_G0218510_AD_10	50.849	0	38.837	exonic	Nuclear soluble	lncRNA_intergenic	11.139
LINC00467	LINC00467	ASO_G0153363_02	55.584	1	46.807	exonic	Cytoplasmic	lncRNA_intergenic	23.03
LINC00467	LINC00467	ASO_G0153363_03	36.86	0	1.921	exonic	Cytoplasmic	lncRNA_intergenic	23.03
LINC00467	LINC00467	ASO_G0153363_05	24.85	0	54.75	exonic	Cytoplasmic	lncRNA_intergenic	23.03
LINC00467	LINC00467	ASO_G0153363_08	27.617	0	17.726	exonic	Cytoplasmic	lncRNA_intergenic	23.03
LINC00467	LINC00467	ASO_G0153363_09	33.576	0	52.119	exonic	Cytoplasmic	lncRNA_intergenic	23.03
SMIM26	LINC00493	ASO_G0232388_03	38.177	0	8.083	exonic	Cytoplasmic	lncRNA_intergenic	40.021
SMIM26	LINC00493	ASO_G0232388_04	63.576	1	9.49	exonic	Cytoplasmic	lncRNA_intergenic	40.021
SMIM26	LINC00493	ASO_G0232388_05	39.044	0	14.919	exonic	Cytoplasmic	lncRNA_intergenic	40.021
SMIM26	LINC00493	ASO_G0232388_06	5.049	0	11.268	exonic	Cytoplasmic	lncRNA_intergenic	40.021
SMIM26	LINC00493	ASO_G0232388_07	20.158	0	-2.343	exonic	Cytoplasmic	lncRNA_intergenic	40.021
SMIM26	LINC00493	ASO_G0232388_AD_02	9.682	0	54.431	exonic	Cytoplasmic	lncRNA_intergenic	40.021
SMIM26	LINC00493	ASO_G0232388_AD_03	73.019	1	58.498	exonic	Cytoplasmic	lncRNA_intergenic	40.021
SMIM26	LINC00493	ASO_G0232388_AD_04	-2.834	0	37.17	intronic	Cytoplasmic	lncRNA_intergenic	40.021
SMIM26	LINC00493	ASO_G0232388_AD_08	35.14	0	56.509	exonic	Cytoplasmic	lncRNA_intergenic	40.021
SMIM26	LINC00493	ASO_G0232388_AD_09	-27.643	0	51.692	exonic	Cytoplasmic	lncRNA_intergenic	40.021
LINC00511	LINC00511	ASO_G0227036_01	36.343	0	14.988	exonic	Chromatin bound	lncRNA_intergenic	2.901
LINC00511	LINC00511	ASO_G0227036_02	61.511	1	35.595	exonic	Chromatin bound	lncRNA_intergenic	2.901
LINC00511	LINC00511	ASO_G0227036_03	-5.195	0	21.723	exonic	Chromatin bound	lncRNA_intergenic	2.901
LINC00511	LINC00511	ASO_G0227036_04	58.474	0	72.119	exonic	Chromatin bound	lncRNA_intergenic	2.901
LINC00511	LINC00511	ASO_G0227036_08	40.689	0	24.93	exonic	Chromatin bound	lncRNA_intergenic	2.901
LINC00511	LINC00511	ASO_G0227036_AD_03	36.266	0	30.382	intronic	Chromatin bound	lncRNA_intergenic	2.901
LINC00511	LINC00511	ASO_G0227036_AD_04	3.137	0	25.366	intronic	Chromatin bound	lncRNA_intergenic	2.901
LINC00511	LINC00511	ASO_G0227036_AD_05	46.743	1	45.976	intronic	Chromatin bound	lncRNA_intergenic	2.901
LINC00511	LINC00511	ASO_G0227036_AD_07	38.462	0	69.24	intronic	Chromatin bound	lncRNA_intergenic	2.901
LINC00511	LINC00511	ASO_G0227036_AD_10	65.024	1	63.126	intronic	Chromatin bound	lncRNA_intergenic	2.901
LINC00517	LINC00517	ASO_G0259091_01	43.115	0	75.59	exonic	Cytoplasmic	lncRNA_antisense	6.505
LINC00517	LINC00517	ASO_G0259091_02	75.625	1	28.385	exonic	Cytoplasmic	lncRNA_antisense	6.505
LINC00517	LINC00517	ASO_G0259091_05	72.202	1	46.099	exonic	Cytoplasmic	lncRNA_antisense	6.505
LINC00517	LINC00517	ASO_G0259091_06	78.23	1	27.813	exonic	Cytoplasmic	lncRNA_antisense	6.505
LINC00517	LINC00517	ASO_G0259091_09	5.046	0	42.27	exonic	Cytoplasmic	lncRNA_antisense	6.505
LINC00517	LINC00517	ASO_G0259091_AD_03	34.238	0	-0.433	intronic	Cytoplasmic	lncRNA_antisense	6.505
LINC00517	LINC00517	ASO_G0259091_AD_04	94.145	1	85.579	intronic	Cytoplasmic	lncRNA_antisense	6.505
LINC00517	LINC00517	ASO_G0259091_AD_06	29.228	0	1.078	exonic	Cytoplasmic	lncRNA_antisense	6.505
LINC00517	LINC00517	ASO_G0259091_AD_07	67.12	1	38.759	exonic	Cytoplasmic	lncRNA_antisense	6.505
LINC00517	LINC00517	ASO_G0259091_AD_10	58.587	1	5.736	intronic	Cytoplasmic	lncRNA_antisense	6.505
LINC00630	LINC00630	ASO_G0223546_01	74.402	1	64.278	exonic	Chromatin bound	lncRNA_sense_intronic	17.944
LINC00630	LINC00630	ASO_G0223546_02	99.048	1	98.509	exonic	Chromatin bound	lncRNA_sense_intronic	17.944
LINC00630	LINC00630	ASO_G0223546_04	62.756	1	53.955	exonic	Chromatin bound	lncRNA_sense_intronic	17.944
LINC00630	LINC00630	ASO_G0223546_05	8.57	0	20.045	exonic	Chromatin bound	lncRNA_sense_intronic	17.944
LINC00630	LINC00630	ASO_G0223546_09	73.449	1	41.829	exonic	Chromatin bound	lncRNA_sense_intronic	17.944
LINC00654	LINC00654	ASO_G0205181_01	83.305	1	83.651	exonic	Cytoplasmic	lncRNA_intergenic	8.384
LINC00654	LINC00654	ASO_G0205181_02	47.092	0	32.401	exonic	Cytoplasmic	lncRNA_intergenic	8.384
LINC00654	LINC00654	ASO_G0205181_03	55.679	0	36.049	exonic	Cytoplasmic	lncRNA_intergenic	8.384
LINC00654	LINC00654	ASO_G0205181_04	47.84	0	37.639	exonic	Cytoplasmic	lncRNA_intergenic	8.384
LINC00654	LINC00654	ASO_G0205181_05	30.717	0	39.844	exonic	Cytoplasmic	lncRNA_intergenic	8.384
LINC00654	LINC00654	ASO_G0205181_AD_01	61.55	1	5.872	exonic	Cytoplasmic	lncRNA_intergenic	8.384
LINC00654	LINC00654	ASO_G0205181_AD_02	49.656	1	2.12	exonic	Cytoplasmic	lncRNA_intergenic	8.384
LINC00654	LINC00654	ASO_G0205181_AD_03	62.176	1	-7.796	exonic	Cytoplasmic	lncRNA_intergenic	8.384
LINC00654	LINC00654	ASO_G0205181_AD_05	62.044	1	47.132	intronic	Cytoplasmic	lncRNA_intergenic	8.384
LINC00654	LINC00654	ASO_G0205181_AD_10	18.614	0	3.793	intronic	Cytoplasmic	lncRNA_intergenic	8.384
NORAD	LINC00657	ASO_G0260032_01	0	0	16.374	exonic	Cytoplasmic	lncRNA_intergenic	57.561
NORAD	LINC00657	ASO_G0260032_02	0	0	8.501	exonic	Cytoplasmic	lncRNA_intergenic	57.561
NORAD	LINC00657	ASO_G0260032_04	0	0	13.722	exonic	Cytoplasmic	lncRNA_intergenic	57.561
NORAD	LINC00657	ASO_G0260032_05	0	0	12.851	exonic	Cytoplasmic	lncRNA_intergenic	57.561
NORAD	LINC00657	ASO_G0260032_06	0	0	14.352	exonic	Cytoplasmic	lncRNA_intergenic	57.561
NORAD	LINC00657	ASO_G0260032_AD_01	91.385	1	83.974	exonic	Cytoplasmic	lncRNA_intergenic	57.561
NORAD	LINC00657	ASO_G0260032_AD_06	77.046	1	79.761	exonic	Cytoplasmic	lncRNA_intergenic	57.561
NORAD	LINC00657	ASO_G0260032_AD_07	20.762	0	24.713	exonic	Cytoplasmic	lncRNA_intergenic	57.561
NORAD	LINC00657	ASO_G0260032_AD_08	70.33	1	48.932	exonic	Cytoplasmic	lncRNA_intergenic	57.561
NORAD	LINC00657	ASO_G0260032_AD_10	88.753	1	49.463	exonic	Cytoplasmic	lncRNA_intergenic	57.561
LINC00662	LINC00662	ASO_G0261824_02	38.376	0	-20.983	exonic	Chromatin bound	lncRNA_intergenic	10.11
LINC00662	LINC00662	ASO_G0261824_04	44.151	0	-3.224	exonic	Chromatin bound	lncRNA_intergenic	10.11
LINC00662	LINC00662	ASO_G0261824_05	40.439	0	-19.781	exonic	Chromatin bound	lncRNA_intergenic	10.11
LINC00662	LINC00662	ASO_G0261824_07	30.554	0	1.992	exonic	Chromatin bound	lncRNA_intergenic	10.11
LINC00662	LINC00662	ASO_G0261824_08	66.783	1	-17.49	exonic	Chromatin bound	lncRNA_intergenic	10.11
LINC00667	LINC00667	ASO_G0263753_01	73.54	1	73.422	exonic	Cytoplasmic	lncRNA_intergenic	31.264
LINC00667	LINC00667	ASO_G0263753_05	55.851	1	36.714	exonic	Cytoplasmic	lncRNA_intergenic	31.264
LINC00667	LINC00667	ASO_G0263753_06	39.14	0	37.909	exonic	Cytoplasmic	lncRNA_intergenic	31.264
LINC00667	LINC00667	ASO_G0263753_08	49.231	1	32.443	exonic	Cytoplasmic	lncRNA_intergenic	31.264
LINC00667	LINC00667	ASO_G0263753_10	58.456	1	42.187	exonic	Cytoplasmic	lncRNA_intergenic	31.264
LINC00667	LINC00667	ASO_G0263753_AD_01	96.191	1	94.814	exonic	Cytoplasmic	lncRNA_intergenic	31.264
LINC00667	LINC00667	ASO_G0263753_AD_02	66.009	1	31.415	exonic	Cytoplasmic	lncRNA_intergenic	31.264
LINC00667	LINC00667	ASO_G0263753_AD_04	65.428	1	19.767	exonic	Cytoplasmic	lncRNA_intergenic	31.264
LINC00667	LINC00667	ASO_G0263753_AD_06	95.049	1	80.432	exonic	Cytoplasmic	lncRNA_intergenic	31.264
LINC00667	LINC00667	ASO_G0263753_AD_09	70.675	1	25.359	exonic	Cytoplasmic	lncRNA_intergenic	31.264
LINC00674	LINC00674	ASO_G0237854_02	77.891	0	39.998	exonic	Nuclear soluble	pseudogene	25.568
LINC00674	LINC00674	ASO_G0237854_04	23.936	0	13.367	exonic	Nuclear soluble	pseudogene	25.568
LINC00674	LINC00674	ASO_G0237854_05	90.453	0	60.621	exonic	Nuclear soluble	pseudogene	25.568
LINC00674	LINC00674	ASO_G0237854_06	20.384	0	-1.28	exonic	Nuclear soluble	pseudogene	25.568
LINC00674	LINC00674	ASO_G0237854_10	39.882	0	7.45	exonic	Nuclear soluble	pseudogene	25.568
LINC00674	LINC00674	ASO_G0237854_AD_02	75.814	1	56.888	exonic	Nuclear soluble	pseudogene	25.568
LINC00674	LINC00674	ASO_G0237854_AD_04	84.899	1	71.79	intronic	Nuclear soluble	pseudogene	25.568
LINC00674	LINC00674	ASO_G0237854_AD_06	27.974	0	61.924	exonic	Nuclear soluble	pseudogene	25.568
LINC00674	LINC00674	ASO_G0237854_AD_08	62.179	1	52.053	intronic	Nuclear soluble	pseudogene	25.568
LINC00674	LINC00674	ASO_G0237854_AD_10	70.234	1	48.957	exonic	Nuclear soluble	pseudogene	25.568
LINC00702	LINC00702	ASO_G0233117_01	39.202	0	42.302	exonic	Nuclear soluble	lncRNA_intergenic	1.005
LINC00702	LINC00702	ASO_G0233117_02	84.24	1	97.264	exonic	Nuclear soluble	lncRNA_intergenic	1.005
LINC00702	LINC00702	ASO_G0233117_03	5.162	0	46.009	exonic	Nuclear soluble	lncRNA_intergenic	1.005
LINC00702	LINC00702	ASO_G0233117_04	81.478	1	88.905	exonic	Nuclear soluble	lncRNA_intergenic	1.005
LINC00702	LINC00702	ASO_G0233117_10	55.173	0	45.396	exonic	Nuclear soluble	lncRNA_intergenic	1.005
LINC00702	LINC00702	ASO_G0233117_AD_03	53.972	0	42.165	exonic	Nuclear soluble	lncRNA_intergenic	1.005
LINC00702	LINC00702	ASO_G0233117_AD_04	46.574	0	34.578	exonic	Nuclear soluble	lncRNA_intergenic	1.005
LINC00702	LINC00702	ASO_G0233117_AD_07	89.539	1	62.312	exonic	Nuclear soluble	lncRNA_intergenic	1.005
LINC00702	LINC00702	ASO_G0233117_AD_08	47.4	0	41.124	intronic	Nuclear soluble	lncRNA_intergenic	1.005
LINC00702	LINC00702	ASO_G0233117_AD_09	85.044	1	65.853	intronic	Nuclear soluble	lncRNA_intergenic	1.005
LINC00707	LINC00707	ASO_G0238266_01	17.065	0	7.013	exonic	Cytoplasmic	lncRNA_intergenic	0.752
LINC00707	LINC00707	ASO_G0238266_03	40.222	0	66.814	exonic	Cytoplasmic	lncRNA_intergenic	0.752
LINC00707	LINC00707	ASO_G0238266_04	35.729	0	9.493	exonic	Cytoplasmic	lncRNA_intergenic	0.752
LINC00707	LINC00707	ASO_G0238266_05	28.086	0	0.361	exonic	Cytoplasmic	lncRNA_intergenic	0.752
LINC00707	LINC00707	ASO_G0238266_06	47.442	0	46.141	exonic	Cytoplasmic	lncRNA_intergenic	0.752
LINC00707	LINC00707	ASO_G0238266_AD_02	59.769	0	-1.546	exonic	Cytoplasmic	lncRNA_intergenic	0.752
LINC00707	LINC00707	ASO_G0238266_AD_03	78.763	1	45.348	intronic	Cytoplasmic	lncRNA_intergenic	0.752
LINC00707	LINC00707	ASO_G0238266_AD_05	81.404	1	22.807	intronic	Cytoplasmic	lncRNA_intergenic	0.752
LINC00707	LINC00707	ASO_G0238266_AD_06	62.059	1	56.132	intronic	Cytoplasmic	lncRNA_intergenic	0.752
LINC00707	LINC00707	ASO_G0238266_AD_08	72.563	1	48.977	intronic	Cytoplasmic	lncRNA_intergenic	0.752
LINC00847	LINC00847	ASO_G0245060_01	7.357	0	31.694	exonic	Cytoplasmic	lncRNA_divergent	6.643
LINC00847	LINC00847	ASO_G0245060_02	25.318	0	46.913	exonic	Cytoplasmic	lncRNA_divergent	6.643
LINC00847	LINC00847	ASO_G0245060_03	9.084	0	38.953	exonic	Cytoplasmic	lncRNA_divergent	6.643
LINC00847	LINC00847	ASO_G0245060_06	14.5	0	14.864	exonic	Cytoplasmic	lncRNA_divergent	6.643
LINC00847	LINC00847	ASO_G0245060_10	6.425	0	29.062	exonic	Cytoplasmic	lncRNA_divergent	6.643
LINC00856	LINC00856	ASO_G0230417_01	90.804	1	86.901	exonic	Cytoplasmic	lncRNA_intergenic	1.829
LINC00856	LINC00856	ASO_G0230417_02	66.557	1	29.061	exonic	Cytoplasmic	lncRNA_intergenic	1.829
LINC00856	LINC00856	ASO_G0230417_04	21.695	0	21.895	exonic	Cytoplasmic	lncRNA_intergenic	1.829
LINC00856	LINC00856	ASO_G0230417_05	11.317	0	35.857	exonic	Cytoplasmic	lncRNA_intergenic	1.829
LINC00856	LINC00856	ASO_G0230417_07	-1.668	0	53.991	exonic	Cytoplasmic	lncRNA_intergenic	1.829
LINC00862	LINC00862	ASO_G0203721_01	52.766	1	24.593	exonic	Chromatin bound	lncRNA_intergenic	0.935
LINC00862	LINC00862	ASO_G0203721_02	96.265	1	89.071	exonic	Chromatin bound	lncRNA_intergenic	0.935
LINC00862	LINC00862	ASO_G0203721_03	44.318	1	30.015	exonic	Chromatin bound	lncRNA_intergenic	0.935
LINC00862	LINC00862	ASO_G0203721_04	66.508	1	58.417	exonic	Chromatin bound	lncRNA_intergenic	0.935
LINC00862	LINC00862	ASO_G0203721_05	90.6	1	89.554	exonic	Chromatin bound	lncRNA_intergenic	0.935
DUBR	LINC00883	ASO_G0243701_01	98.305	1	94.337	exonic	Cytoplasmic	lncRNA_intergenic	9.372
DUBR	LINC00883	ASO_G0243701_02	60.661	1	31.479	exonic	Cytoplasmic	lncRNA_intergenic	9.372
DUBR	LINC00883	ASO_G0243701_03	40.425	0	19.761	exonic	Cytoplasmic	lncRNA_intergenic	9.372
DUBR	LINC00883	ASO_G0243701_04	66.109	1	25.745	exonic	Cytoplasmic	lncRNA_intergenic	9.372
DUBR	LINC00883	ASO_G0243701_05	5.551	0	6.781	exonic	Cytoplasmic	lncRNA_intergenic	9.372
DUBR	LINC00883	ASO_G0243701_AD_01	41.835	1	4.252	exonic	Cytoplasmic	lncRNA_intergenic	9.372
DUBR	LINC00883	ASO_G0243701_AD_05	38.216	0	27.521	exonic	Cytoplasmic	lncRNA_intergenic	9.372
DUBR	LINC00883	ASO_G0243701_AD_07	96.814	1	52.685	exonic	Cytoplasmic	lncRNA_intergenic	9.372
DUBR	LINC00883	ASO_G0243701_AD_08	91.401	1	52.493	exonic	Cytoplasmic	lncRNA_intergenic	9.372
DUBR	LINC00883	ASO_G0243701_AD_09	12.797	0	59.561	intronic	Cytoplasmic	lncRNA_intergenic	9.372
LINC00886	LINC00886	ASO_G0240875_01	67.092	1	70.094	exonic	Chromatin bound	lncRNA_intergenic	4.385
LINC00886	LINC00886	ASO_G0240875_02	81.385	1	80.394	exonic	Chromatin bound	lncRNA_intergenic	4.385
LINC00886	LINC00886	ASO_G0240875_03	80.046	1	91.626	exonic	Chromatin bound	lncRNA_intergenic	4.385
LINC00886	LINC00886	ASO_G0240875_04	50.102	1	66.466	exonic	Chromatin bound	lncRNA_intergenic	4.385
LINC00886	LINC00886	ASO_G0240875_10	72.807	1	79.449	exonic	Chromatin bound	lncRNA_intergenic	4.385
LINC00899	LINC00899	ASO_G0231711_01	50.283	1	-21.825	exonic	Nuclear soluble	lncRNA_divergent	4.518
LINC00899	LINC00899	ASO_G0231711_03	56.825	1	13.283	exonic	Nuclear soluble	lncRNA_divergent	4.518
LINC00899	LINC00899	ASO_G0231711_04	57.52	0	39.297	exonic	Nuclear soluble	lncRNA_divergent	4.518
LINC00899	LINC00899	ASO_G0231711_05	43.601	0	41.867	exonic	Nuclear soluble	lncRNA_divergent	4.518
LINC00899	LINC00899	ASO_G0231711_06	42.697	0	-6.612	exonic	Nuclear soluble	lncRNA_divergent	4.518
LINC00909	LINC00909	ASO_G0264247_01	11.388	0	38.491	exonic	Nuclear soluble	lncRNA_divergent	7.303
LINC00909	LINC00909	ASO_G0264247_03	18.862	0	11.409	exonic	Nuclear soluble	lncRNA_divergent	7.303
LINC00909	LINC00909	ASO_G0264247_04	57.131	0	30.917	exonic	Nuclear soluble	lncRNA_divergent	7.303
LINC00909	LINC00909	ASO_G0264247_05	25.379	0	38.759	exonic	Nuclear soluble	lncRNA_divergent	7.303
LINC00909	LINC00909	ASO_G0264247_09	30.234	0	24.016	exonic	Nuclear soluble	lncRNA_divergent	7.303
LINC00938	LINC00938	ASO_G0273015_01	48.685	1	35.152	exonic	Nuclear soluble	lncRNA_intergenic	9.837
LINC00938	LINC00938	ASO_G0273015_02	40.755	0	20.865	exonic	Nuclear soluble	lncRNA_intergenic	9.837
LINC00938	LINC00938	ASO_G0273015_03	75.819	1	40.626	exonic	Nuclear soluble	lncRNA_intergenic	9.837
LINC00938	LINC00938	ASO_G0273015_04	66.06	1	40.478	exonic	Nuclear soluble	lncRNA_intergenic	9.837
LINC00938	LINC00938	ASO_G0273015_05	63.849	1	72.134	exonic	Nuclear soluble	lncRNA_intergenic	9.837
LINC00938	LINC00938	ASO_G0273015_AD_04	15.569	0	15.16	exonic	Nuclear soluble	lncRNA_intergenic	9.837
LINC00938	LINC00938	ASO_G0273015_AD_05	56.365	1	30.561	exonic	Nuclear soluble	lncRNA_intergenic	9.837
LINC00938	LINC00938	ASO_G0273015_AD_07	75.155	1	50.962	exonic	Nuclear soluble	lncRNA_intergenic	9.837
LINC00938	LINC00938	ASO_G0273015_AD_08	20.756	0	13.26	exonic	Nuclear soluble	lncRNA_intergenic	9.837
LINC00938	LINC00938	ASO_G0273015_AD_10	82.838	1	47.535	exonic	Nuclear soluble	lncRNA_intergenic	9.837
LINC00941	LINC00941	ASO_G0235884_01	-22.727	0	13.718	exonic	Cytoplasmic	lncRNA_intergenic	9.03
LINC00941	LINC00941	ASO_G0235884_02	-15.035	0	26.871	exonic	Cytoplasmic	lncRNA_intergenic	9.03
LINC00941	LINC00941	ASO_G0235884_04	15.934	0	43.77	exonic	Cytoplasmic	lncRNA_intergenic	9.03
LINC00941	LINC00941	ASO_G0235884_07	-6.683	0	43.727	exonic	Cytoplasmic	lncRNA_intergenic	9.03
LINC00941	LINC00941	ASO_G0235884_08	-65.297	0	26.308	exonic	Cytoplasmic	lncRNA_intergenic	9.03
C10orf143	LINC00959	ASO_G0237489_02	55.419	1	41.02	exonic	Chromatin bound	lncRNA_intergenic	5.246
C10orf143	LINC00959	ASO_G0237489_03	55.75	1	24.836	exonic	Chromatin bound	lncRNA_intergenic	5.246
C10orf143	LINC00959	ASO_G0237489_04	59.214	1	36.44	exonic	Chromatin bound	lncRNA_intergenic	5.246
C10orf143	LINC00959	ASO_G0237489_05	52.037	1	22.887	exonic	Chromatin bound	lncRNA_intergenic	5.246
C10orf143	LINC00959	ASO_G0237489_09	77.3	1	56.813	exonic	Chromatin bound	lncRNA_intergenic	5.246
C10orf143	LINC00959	ASO_G0237489_AD_01	0	1	27.508	intronic	Chromatin bound	lncRNA_intergenic	5.246
C10orf143	LINC00959	ASO_G0237489_AD_04	0	0	12.072	intronic	Chromatin bound	lncRNA_intergenic	5.246
C10orf143	LINC00959	ASO_G0237489_AD_05	0	1	21.957	exonic	Chromatin bound	lncRNA_intergenic	5.246
C10orf143	LINC00959	ASO_G0237489_AD_07	0	1	38.253	intronic	Chromatin bound	lncRNA_intergenic	5.246
C10orf143	LINC00959	ASO_G0237489_AD_09	0	1	32.79	intronic	Chromatin bound	lncRNA_intergenic	5.246
LINC00963	LINC00963	ASO_G0204054_01	88.776	1	86.694	exonic	Cytoplasmic	lncRNA_intergenic	23.436
LINC00963	LINC00963	ASO_G0204054_02	63.607	1	48.07	exonic	Cytoplasmic	lncRNA_intergenic	23.436
LINC00963	LINC00963	ASO_G0204054_05	49.245	1	43.366	exonic	Cytoplasmic	lncRNA_intergenic	23.436
LINC00963	LINC00963	ASO_G0204054_06	80.9	1	80.562	exonic	Cytoplasmic	lncRNA_intergenic	23.436
LINC00963	LINC00963	ASO_G0204054_10	64.777	1	83.318	exonic	Cytoplasmic	lncRNA_intergenic	23.436
LINC00968	LINC00968	ASO_G0246430_01	60.209	1	43.233	exonic	Cytoplasmic	lncRNA_divergent	5.287
LINC00968	LINC00968	ASO_G0246430_02	60.747	1	37.504	exonic	Cytoplasmic	lncRNA_divergent	5.287
LINC00968	LINC00968	ASO_G0246430_03	97.388	1	81.755	exonic	Cytoplasmic	lncRNA_divergent	5.287
LINC00968	LINC00968	ASO_G0246430_04	68.723	1	52.032	exonic	Cytoplasmic	lncRNA_divergent	5.287
LINC00968	LINC00968	ASO_G0246430_05	39.143	0	30.994	exonic	Cytoplasmic	lncRNA_divergent	5.287
LINC00968	LINC00968	ASO_G0246430_AD_03	93.499	1	90.703	intronic	Cytoplasmic	lncRNA_divergent	5.287
LINC00968	LINC00968	ASO_G0246430_AD_04	59.336	0	48.75	intronic	Cytoplasmic	lncRNA_divergent	5.287
LINC00968	LINC00968	ASO_G0246430_AD_05	38.571	0	11.054	intronic	Cytoplasmic	lncRNA_divergent	5.287
LINC00968	LINC00968	ASO_G0246430_AD_08	48.11	1	57.455	intronic	Cytoplasmic	lncRNA_divergent	5.287
LINC00968	LINC00968	ASO_G0246430_AD_10	24.256	0	45.182	intronic	Cytoplasmic	lncRNA_divergent	5.287
LINC01023	LINC01023	ASO_G0272523_01	19.557	0	61.019	exonic	Nuclear soluble	lncRNA_intergenic	3.754
LINC01023	LINC01023	ASO_G0272523_06	35.162	0	5.209	exonic	Nuclear soluble	lncRNA_intergenic	3.754
LINC01023	LINC01023	ASO_G0272523_08	16.739	0	39.143	exonic	Nuclear soluble	lncRNA_intergenic	3.754
LINC01023	LINC01023	ASO_G0272523_09	45.576	0	3.329	exonic	Nuclear soluble	lncRNA_intergenic	3.754
LINC01023	LINC01023	ASO_G0272523_10	36.452	0	38.258	exonic	Nuclear soluble	lncRNA_intergenic	3.754
LINC01085	LINC01085	ASO_G0248698_01	32.072	0	37.758	exonic	Cytoplasmic	lncRNA_intergenic	8.364
LINC01085	LINC01085	ASO_G0248698_04	22.915	0	38.481	exonic	Cytoplasmic	lncRNA_intergenic	8.364
LINC01085	LINC01085	ASO_G0248698_05	74.618	1	52.499	exonic	Cytoplasmic	lncRNA_intergenic	8.364
LINC01085	LINC01085	ASO_G0248698_07	11.27	0	35.805	exonic	Cytoplasmic	lncRNA_intergenic	8.364
LINC01085	LINC01085	ASO_G0248698_08	8.082	0	28.425	exonic	Cytoplasmic	lncRNA_intergenic	8.364
PPM1F-AS1	LL22NC03-86G7.1	ASO_G0224086_03	27.486	0	70.916	exonic	Cytoplasmic	lncRNA_divergent	3.682
PPM1F-AS1	LL22NC03-86G7.1	ASO_G0224086_04	34.208	0	83.592	exonic	Cytoplasmic	lncRNA_divergent	3.682
PPM1F-AS1	LL22NC03-86G7.1	ASO_G0224086_05	28.416	0	41.381	exonic	Cytoplasmic	lncRNA_divergent	3.682
PPM1F-AS1	LL22NC03-86G7.1	ASO_G0224086_06	69.669	1	67.665	exonic	Cytoplasmic	lncRNA_divergent	3.682
PPM1F-AS1	LL22NC03-86G7.1	ASO_G0224086_09	79.707	1	36.168	exonic	Cytoplasmic	lncRNA_divergent	3.682
LOXL1-AS1	LOXL1-AS1	ASO_G0261801_01	0	0	0	exonic	Cytoplasmic	lncRNA_divergent	25.143
LOXL1-AS1	LOXL1-AS1	ASO_G0261801_02	0	1	23.01	exonic	Cytoplasmic	lncRNA_divergent	25.143
LOXL1-AS1	LOXL1-AS1	ASO_G0261801_04	0	1	0	exonic	Cytoplasmic	lncRNA_divergent	25.143
LOXL1-AS1	LOXL1-AS1	ASO_G0261801_07	0	0	47.816	exonic	Cytoplasmic	lncRNA_divergent	25.143
MAGI2-AS3	MAGI2-AS3	ASO_G0234456_01	70.313	1	56.962	exonic	Chromatin bound	lncRNA_divergent	85.791
MAGI2-AS3	MAGI2-AS3	ASO_G0234456_02	14.457	0	21.565	exonic	Chromatin bound	lncRNA_divergent	85.791
MAGI2-AS3	MAGI2-AS3	ASO_G0234456_03	27.35	0	27.734	exonic	Chromatin bound	lncRNA_divergent	85.791
MAGI2-AS3	MAGI2-AS3	ASO_G0234456_04	93.647	1	91.44	exonic	Chromatin bound	lncRNA_divergent	85.791
MAGI2-AS3	MAGI2-AS3	ASO_G0234456_06	64.637	1	33.136	exonic	Chromatin bound	lncRNA_divergent	85.791
MAPKAPK5-AS1	MAPKAPK5-AS1	ASO_G0234608_03	55.888	1	50.647	exonic	Cytoplasmic	lncRNA_divergent	10.237
MAPKAPK5-AS1	MAPKAPK5-AS1	ASO_G0234608_05	49.564	0	48.291	exonic	Cytoplasmic	lncRNA_divergent	10.237
MAPKAPK5-AS1	MAPKAPK5-AS1	ASO_G0234608_06	80.455	1	69.46	exonic	Cytoplasmic	lncRNA_divergent	10.237
MAPKAPK5-AS1	MAPKAPK5-AS1	ASO_G0234608_07	31.732	0	28.86	exonic	Cytoplasmic	lncRNA_divergent	10.237
MAPKAPK5-AS1	MAPKAPK5-AS1	ASO_G0234608_09	56.905	1	21.429	exonic	Cytoplasmic	lncRNA_divergent	10.237
MAPKAPK5-AS1	MAPKAPK5-AS1	ASO_G0234608_AD_01	80.974	1	58.444	exonic	Cytoplasmic	lncRNA_divergent	10.237
MAPKAPK5-AS1	MAPKAPK5-AS1	ASO_G0234608_AD_04	95.666	1	82.069	exonic	Cytoplasmic	lncRNA_divergent	10.237
MAPKAPK5-AS1	MAPKAPK5-AS1	ASO_G0234608_AD_05	3.64	0	12.851	exonic	Cytoplasmic	lncRNA_divergent	10.237
MAPKAPK5-AS1	MAPKAPK5-AS1	ASO_G0234608_AD_08	74.548	1	37.887	exonic	Cytoplasmic	lncRNA_divergent	10.237
MAPKAPK5-AS1	MAPKAPK5-AS1	ASO_G0234608_AD_09	35.006	0	19.765	exonic	Cytoplasmic	lncRNA_divergent	10.237
MEG3	MEG3	ASO_G0214548_01	98.736	1	96.757	exonic	Chromatin bound	lncRNA_intergenic	117.654
MEG3	MEG3	ASO_G0214548_03	-14.107	0	16.884	exonic	Chromatin bound	lncRNA_intergenic	117.654
MEG3	MEG3	ASO_G0214548_04	26.463	0	38.114	exonic	Chromatin bound	lncRNA_intergenic	117.654
MEG3	MEG3	ASO_G0214548_05	-21.077	0	44.488	exonic	Chromatin bound	lncRNA_intergenic	117.654
MEG3	MEG3	ASO_G0214548_06	-12.34	0	23.292	exonic	Chromatin bound	lncRNA_intergenic	117.654
MEG3	MEG3	ASO_G0214548_AD_06	94.496	1	85.303	exonic	Chromatin bound	lncRNA_intergenic	117.654
MEG3	MEG3	ASO_G0214548_AD_07	23.762	0	-0.889	exonic	Chromatin bound	lncRNA_intergenic	117.654
MEG3	MEG3	ASO_G0214548_AD_08	59.389	1	24.544	exonic	Chromatin bound	lncRNA_intergenic	117.654
MEG3	MEG3	ASO_G0214548_AD_09	98.087	1	86.235	exonic	Chromatin bound	lncRNA_intergenic	117.654
MEG3	MEG3	ASO_G0214548_AD_10	44.901	0	7.875	intronic	Chromatin bound	lncRNA_intergenic	117.654
MELTF-AS1	MFI2-AS1	ASO_G0228109_01	55.951	1	15.301	exonic	Nuclear soluble	lncRNA_divergent	2.447
MELTF-AS1	MFI2-AS1	ASO_G0228109_02	36.017	0	13.217	exonic	Nuclear soluble	lncRNA_divergent	2.447
MELTF-AS1	MFI2-AS1	ASO_G0228109_06	92.151	1	93.969	exonic	Nuclear soluble	lncRNA_divergent	2.447
MELTF-AS1	MFI2-AS1	ASO_G0228109_07	56.822	0	70.138	exonic	Nuclear soluble	lncRNA_divergent	2.447
MELTF-AS1	MFI2-AS1	ASO_G0228109_09	31.67	0	12.593	exonic	Nuclear soluble	lncRNA_divergent	2.447
MIPEPP3	MIPEPP3	ASO_G0233325_01	30.545	0	49.375	exonic	Cytoplasmic	pseudogene	4.613
MIPEPP3	MIPEPP3	ASO_G0233325_02	-7.887	0	20.958	exonic	Cytoplasmic	pseudogene	4.613
MIPEPP3	MIPEPP3	ASO_G0233325_05	18.348	0	1.361	exonic	Cytoplasmic	pseudogene	4.613
MIPEPP3	MIPEPP3	ASO_G0233325_07	9.873	0	-19.992	exonic	Cytoplasmic	pseudogene	4.613
MIPEPP3	MIPEPP3	ASO_G0233325_08	12.755	0	36.933	exonic	Cytoplasmic	pseudogene	4.613
MKLN1-AS	MKLN1-AS2	ASO_G0236753_01	31.655	0	-1.043	exonic	Cytoplasmic	lncRNA_divergent	2.426
MKLN1-AS	MKLN1-AS2	ASO_G0236753_02	4.2	0	18.703	exonic	Cytoplasmic	lncRNA_divergent	2.426
MKLN1-AS	MKLN1-AS2	ASO_G0236753_03	91.915	1	72.726	exonic	Cytoplasmic	lncRNA_divergent	2.426
MKLN1-AS	MKLN1-AS2	ASO_G0236753_05	44.905	0	7.21	exonic	Cytoplasmic	lncRNA_divergent	2.426
MKLN1-AS	MKLN1-AS2	ASO_G0236753_06	47.811	1	19.455	exonic	Cytoplasmic	lncRNA_divergent	2.426
MKLN1-AS	MKLN1-AS2	ASO_G0236753_AD_01	89.835	1	69.169	exonic	Cytoplasmic	lncRNA_divergent	2.426
MKLN1-AS	MKLN1-AS2	ASO_G0236753_AD_02	19.116	0	3.648	intronic	Cytoplasmic	lncRNA_divergent	2.426
MKLN1-AS	MKLN1-AS2	ASO_G0236753_AD_05	33.624	0	1.731	exonic	Cytoplasmic	lncRNA_divergent	2.426
MKLN1-AS	MKLN1-AS2	ASO_G0236753_AD_07	81.068	1	40.002	exonic	Cytoplasmic	lncRNA_divergent	2.426
MKLN1-AS	MKLN1-AS2	ASO_G0236753_AD_08	68.612	1	28.093	exonic	Cytoplasmic	lncRNA_divergent	2.426
MRPS31P5	MRPS31P5	ASO_G0243406_02	0	0	31.121	exonic	Nuclear soluble	pseudogene	5.478
MRPS31P5	MRPS31P5	ASO_G0243406_05	0	0	19.288	exonic	Nuclear soluble	pseudogene	5.478
MRPS31P5	MRPS31P5	ASO_G0243406_07	0	0	28.289	exonic	Nuclear soluble	pseudogene	5.478
MRPS31P5	MRPS31P5	ASO_G0243406_08	0	0	30.515	exonic	Nuclear soluble	pseudogene	5.478
MRPS31P5	MRPS31P5	ASO_G0243406_10	0	0	19.987	exonic	Nuclear soluble	pseudogene	5.478
NBR2	NBR2	ASO_G0198496_01	73.488	1	49.532	exonic	Chromatin bound	pseudogene	6.819
NBR2	NBR2	ASO_G0198496_03	46.666	1	29.618	exonic	Chromatin bound	pseudogene	6.819
NBR2	NBR2	ASO_G0198496_04	25.354	0	28.826	exonic	Chromatin bound	pseudogene	6.819
NBR2	NBR2	ASO_G0198496_05	46.139	0	12.514	exonic	Chromatin bound	pseudogene	6.819
NBR2	NBR2	ASO_G0198496_09	46.384	0	37.896	exonic	Chromatin bound	pseudogene	6.819
NNT-AS1	NNT-AS1	ASO_G0248092_01	91.466	1	59.143	exonic	Cytoplasmic	lncRNA_divergent	8.717
NNT-AS1	NNT-AS1	ASO_G0248092_02	57.647	1	31.808	exonic	Cytoplasmic	lncRNA_divergent	8.717
NNT-AS1	NNT-AS1	ASO_G0248092_06	65.59	1	24.169	exonic	Cytoplasmic	lncRNA_divergent	8.717
NNT-AS1	NNT-AS1	ASO_G0248092_07	64.294	1	42.844	exonic	Cytoplasmic	lncRNA_divergent	8.717
NNT-AS1	NNT-AS1	ASO_G0248092_09	73.326	1	27.438	exonic	Cytoplasmic	lncRNA_divergent	8.717
NNT-AS1	NNT-AS1	ASO_G0248092_AD_01	69.715	1	23.873	intronic	Cytoplasmic	lncRNA_divergent	8.717
NNT-AS1	NNT-AS1	ASO_G0248092_AD_04	55.016	1	-7438399.816	exonic	Cytoplasmic	lncRNA_divergent	8.717
NNT-AS1	NNT-AS1	ASO_G0248092_AD_05	40.346	0	-0.734	exonic	Cytoplasmic	lncRNA_divergent	8.717
NNT-AS1	NNT-AS1	ASO_G0248092_AD_09	65.517	1	-1341.897	intronic	Cytoplasmic	lncRNA_divergent	8.717
NNT-AS1	NNT-AS1	ASO_G0248092_AD_10	68.572	1	65.613	exonic	Cytoplasmic	lncRNA_divergent	8.717
NOP14-AS1	NOP14-AS1	ASO_G0249673_01	80.43	1	42.042	exonic	Cytoplasmic	lncRNA_divergent	4.668
NOP14-AS1	NOP14-AS1	ASO_G0249673_02	31.939	0	20.251	exonic	Cytoplasmic	lncRNA_divergent	4.668
NOP14-AS1	NOP14-AS1	ASO_G0249673_04	7.716	0	-1.388	exonic	Cytoplasmic	lncRNA_divergent	4.668
NOP14-AS1	NOP14-AS1	ASO_G0249673_06	29.332	0	11.975	exonic	Cytoplasmic	lncRNA_divergent	4.668
NOP14-AS1	NOP14-AS1	ASO_G0249673_08	76.106	1	53.072	exonic	Cytoplasmic	lncRNA_divergent	4.668
NR2F1-AS1	NR2F1-AS1	ASO_G0237187_01	81.815	1	51.653	exonic	Chromatin bound	lncRNA_divergent	28.299
NR2F1-AS1	NR2F1-AS1	ASO_G0237187_03	89.899	1	70.374	exonic	Chromatin bound	lncRNA_divergent	28.299
NR2F1-AS1	NR2F1-AS1	ASO_G0237187_05	43.278	0	27.793	exonic	Chromatin bound	lncRNA_divergent	28.299
NR2F1-AS1	NR2F1-AS1	ASO_G0237187_06	52.479	0	1.767	exonic	Chromatin bound	lncRNA_divergent	28.299
NR2F1-AS1	NR2F1-AS1	ASO_G0237187_08	36.182	0	47.353	exonic	Chromatin bound	lncRNA_divergent	28.299
NR2F1-AS1	NR2F1-AS1	ASO_G0237187_AD_01	86.97	1	66.93	intronic	Chromatin bound	lncRNA_divergent	28.299
NR2F1-AS1	NR2F1-AS1	ASO_G0237187_AD_03	75.234	1	27.705	intronic	Chromatin bound	lncRNA_divergent	28.299
NR2F1-AS1	NR2F1-AS1	ASO_G0237187_AD_05	61.388	1	28.407	exonic	Chromatin bound	lncRNA_divergent	28.299
NR2F1-AS1	NR2F1-AS1	ASO_G0237187_AD_07	69.213	1	33.514	exonic	Chromatin bound	lncRNA_divergent	28.299
NR2F1-AS1	NR2F1-AS1	ASO_G0237187_AD_08	34.062	0	12.592	exonic	Chromatin bound	lncRNA_divergent	28.299
OIP5-AS1	OIP5-AS1	ASO_G0247556_01	55.537	1	29.362	exonic	Nuclear soluble	lncRNA_sense_intronic	68.411
OIP5-AS1	OIP5-AS1	ASO_G0247556_03	54.686	1	30.329	exonic	Nuclear soluble	lncRNA_sense_intronic	68.411
OIP5-AS1	OIP5-AS1	ASO_G0247556_04	76.657	1	51.634	exonic	Nuclear soluble	lncRNA_sense_intronic	68.411
OIP5-AS1	OIP5-AS1	ASO_G0247556_05	66.971	1	39.791	exonic	Nuclear soluble	lncRNA_sense_intronic	68.411
OIP5-AS1	OIP5-AS1	ASO_G0247556_09	47.134	0	28.615	exonic	Nuclear soluble	lncRNA_sense_intronic	68.411
OSER1-DT	OSER1-AS1	ASO_G0223891_01	34.712	0	45.834	exonic	Nuclear soluble	lncRNA_divergent	3.824
OSER1-DT	OSER1-AS1	ASO_G0223891_02	27.948	0	56.894	exonic	Nuclear soluble	lncRNA_divergent	3.824
OSER1-DT	OSER1-AS1	ASO_G0223891_03	32.159	0	48.105	exonic	Nuclear soluble	lncRNA_divergent	3.824
OSER1-DT	OSER1-AS1	ASO_G0223891_08	42.094	0	41.362	exonic	Nuclear soluble	lncRNA_divergent	3.824
OSER1-DT	OSER1-AS1	ASO_G0223891_09	41.097	0	37.918	exonic	Nuclear soluble	lncRNA_divergent	3.824
PCAT6	PCAT6	ASO_G0228288_01	76.779	1	68.483	exonic	Nuclear soluble	lncRNA_intergenic	2.586
PCAT6	PCAT6	ASO_G0228288_02	51.984	0	7.753	exonic	Nuclear soluble	lncRNA_intergenic	2.586
PCAT6	PCAT6	ASO_G0228288_04	44.136	0	6.431	exonic	Nuclear soluble	lncRNA_intergenic	2.586
PCAT6	PCAT6	ASO_G0228288_05	49.238	1	20.333	exonic	Nuclear soluble	lncRNA_intergenic	2.586
PCAT6	PCAT6	ASO_G0228288_09	45.485	0	50.961	exonic	Nuclear soluble	lncRNA_intergenic	2.586
PCAT6	PCAT6	ASO_G0228288_AD_01	80.592	1	59.079	exonic	Nuclear soluble	lncRNA_intergenic	2.586
PCAT6	PCAT6	ASO_G0228288_AD_02	48.432	1	30.138	exonic	Nuclear soluble	lncRNA_intergenic	2.586
PCAT6	PCAT6	ASO_G0228288_AD_04	8.854	0	52.173	exonic	Nuclear soluble	lncRNA_intergenic	2.586
PCAT6	PCAT6	ASO_G0228288_AD_07	58.026	1	64.344	exonic	Nuclear soluble	lncRNA_intergenic	2.586
PCAT6	PCAT6	ASO_G0228288_AD_10	77.131	1	50.984	exonic	Nuclear soluble	lncRNA_intergenic	2.586
PITPNA-AS1	PITPNA-AS1	ASO_G0236618_03	49.008	1	0.336	exonic	Cytoplasmic	lncRNA_divergent	20.885
PITPNA-AS1	PITPNA-AS1	ASO_G0236618_05	1.442	0	50.681	exonic	Cytoplasmic	lncRNA_divergent	20.885
PITPNA-AS1	PITPNA-AS1	ASO_G0236618_06	-22.971	0	-9.587	exonic	Cytoplasmic	lncRNA_divergent	20.885
PITPNA-AS1	PITPNA-AS1	ASO_G0236618_07	42.056	0	58.395	exonic	Cytoplasmic	lncRNA_divergent	20.885
PITPNA-AS1	PITPNA-AS1	ASO_G0236618_09	38.005	0	-3.857	exonic	Cytoplasmic	lncRNA_divergent	20.885
PITPNA-AS1	PITPNA-AS1	ASO_G0236618_AD_01	20.159	0	33.116	intronic	Cytoplasmic	lncRNA_divergent	20.885
PITPNA-AS1	PITPNA-AS1	ASO_G0236618_AD_03	-12.539	0	23.655	exonic	Cytoplasmic	lncRNA_divergent	20.885
PITPNA-AS1	PITPNA-AS1	ASO_G0236618_AD_05	16.94	0	26.72	intronic	Cytoplasmic	lncRNA_divergent	20.885
PITPNA-AS1	PITPNA-AS1	ASO_G0236618_AD_07	68.398	1	51.43	exonic	Cytoplasmic	lncRNA_divergent	20.885
PITPNA-AS1	PITPNA-AS1	ASO_G0236618_AD_09	55.444	1	61.659	intronic	Cytoplasmic	lncRNA_divergent	20.885
PRRT3-AS1	PRRT3-AS1	ASO_G0230082_01	65.067	1	78.781	exonic	Chromatin bound	lncRNA_divergent	3.024
PRRT3-AS1	PRRT3-AS1	ASO_G0230082_03	-2.968	0	-5.402	exonic	Chromatin bound	lncRNA_divergent	3.024
PRRT3-AS1	PRRT3-AS1	ASO_G0230082_04	28.492	0	48.126	exonic	Chromatin bound	lncRNA_divergent	3.024
PRRT3-AS1	PRRT3-AS1	ASO_G0230082_05	28.522	0	20.158	exonic	Chromatin bound	lncRNA_divergent	3.024
PRRT3-AS1	PRRT3-AS1	ASO_G0230082_06	39.535	0	39.361	exonic	Chromatin bound	lncRNA_divergent	3.024
PRRT3-AS1	PRRT3-AS1	ASO_G0230082_AD_01	78.636	1	60.75	exonic	Chromatin bound	lncRNA_divergent	3.024
PRRT3-AS1	PRRT3-AS1	ASO_G0230082_AD_03	84.035	1	34.709	intronic	Chromatin bound	lncRNA_divergent	3.024
PRRT3-AS1	PRRT3-AS1	ASO_G0230082_AD_08	34.769	0	35.101	exonic	Chromatin bound	lncRNA_divergent	3.024
PRRT3-AS1	PRRT3-AS1	ASO_G0230082_AD_09	62.31	1	48.623	exonic	Chromatin bound	lncRNA_divergent	3.024
PRRT3-AS1	PRRT3-AS1	ASO_G0230082_AD_10	43.075	0	21.998	exonic	Chromatin bound	lncRNA_divergent	3.024
PSMG3-AS1	PSMG3-AS1	ASO_G0230487_01	29.993	0	11.436	exonic	Nuclear soluble	lncRNA_divergent	7.019
PSMG3-AS1	PSMG3-AS1	ASO_G0230487_02	27.562	0	11.323	exonic	Nuclear soluble	lncRNA_divergent	7.019
PSMG3-AS1	PSMG3-AS1	ASO_G0230487_03	16.989	0	20.967	exonic	Nuclear soluble	lncRNA_divergent	7.019
PSMG3-AS1	PSMG3-AS1	ASO_G0230487_04	39.455	0	17.311	exonic	Nuclear soluble	lncRNA_divergent	7.019
PSMG3-AS1	PSMG3-AS1	ASO_G0230487_05	23.899	0	3.932	exonic	Nuclear soluble	lncRNA_divergent	7.019
PTCHD3P1	PTCHD3P1	ASO_G0224597_01	21.242	0	9.396	exonic	Cytoplasmic	lncRNA_intergenic	79.377
PTCHD3P1	PTCHD3P1	ASO_G0224597_02	47.575	0	34.115	exonic	Cytoplasmic	lncRNA_intergenic	79.377
PTCHD3P1	PTCHD3P1	ASO_G0224597_03	12.874	0	33.152	exonic	Cytoplasmic	lncRNA_intergenic	79.377
PTCHD3P1	PTCHD3P1	ASO_G0224597_05	94.371	1	93.914	exonic	Cytoplasmic	lncRNA_intergenic	79.377
PTCHD3P1	PTCHD3P1	ASO_G0224597_06	79.892	1	66.338	exonic	Cytoplasmic	lncRNA_intergenic	79.377
PTCHD3P1	PTCHD3P1	ASO_G0224597_AD_01	56.958	1	8.097	intronic	Cytoplasmic	lncRNA_intergenic	79.377
PTCHD3P1	PTCHD3P1	ASO_G0224597_AD_02	53.779	0	10.618	exonic	Cytoplasmic	lncRNA_intergenic	79.377
PTCHD3P1	PTCHD3P1	ASO_G0224597_AD_03	27.781	0	-4.421	exonic	Cytoplasmic	lncRNA_intergenic	79.377
PTCHD3P1	PTCHD3P1	ASO_G0224597_AD_04	95.952	1	74.536	exonic	Cytoplasmic	lncRNA_intergenic	79.377
PTCHD3P1	PTCHD3P1	ASO_G0224597_AD_07	67.963	1	28.848	exonic	Cytoplasmic	lncRNA_intergenic	79.377
PTPRG-AS1	PTPRG-AS1	ASO_G0241472_02	69.109	1	28.41	exonic	Cytoplasmic	lncRNA_divergent	2.533
PTPRG-AS1	PTPRG-AS1	ASO_G0241472_04	72.459	1	29.952	exonic	Cytoplasmic	lncRNA_divergent	2.533
PTPRG-AS1	PTPRG-AS1	ASO_G0241472_05	54.123	0	16.327	exonic	Cytoplasmic	lncRNA_divergent	2.533
PTPRG-AS1	PTPRG-AS1	ASO_G0241472_07	79.768	1	29.29	exonic	Cytoplasmic	lncRNA_divergent	2.533
PTPRG-AS1	PTPRG-AS1	ASO_G0241472_10	44.17	1	57.399	exonic	Cytoplasmic	lncRNA_divergent	2.533
PXN-AS1	PXN-AS1	ASO_G0255857_01	35.727	0	25.378	exonic	Nuclear soluble	lncRNA_divergent	6.013
PXN-AS1	PXN-AS1	ASO_G0255857_02	78.647	1	53.994	exonic	Nuclear soluble	lncRNA_divergent	6.013
PXN-AS1	PXN-AS1	ASO_G0255857_04	-2.549	0	39.712	exonic	Nuclear soluble	lncRNA_divergent	6.013
PXN-AS1	PXN-AS1	ASO_G0255857_06	10.624	0	40.125	exonic	Nuclear soluble	lncRNA_divergent	6.013
PXN-AS1	PXN-AS1	ASO_G0255857_09	19.229	0	38.372	exonic	Nuclear soluble	lncRNA_divergent	6.013
RAB30-DT	RAB30-AS1	ASO_G0246067_01	71.977	1	83.156	exonic	Nuclear soluble	lncRNA_divergent	32.449
RAB30-DT	RAB30-AS1	ASO_G0246067_02	44.938	0	35.502	exonic	Nuclear soluble	lncRNA_divergent	32.449
RAB30-DT	RAB30-AS1	ASO_G0246067_03	38.928	0	23.882	exonic	Nuclear soluble	lncRNA_divergent	32.449
RAB30-DT	RAB30-AS1	ASO_G0246067_04	25.701	0	29.069	exonic	Nuclear soluble	lncRNA_divergent	32.449
RAB30-DT	RAB30-AS1	ASO_G0246067_05	71.068	1	58.759	exonic	Nuclear soluble	lncRNA_divergent	32.449
RAB30-DT	RAB30-AS1	ASO_G0246067_AD_03	53.249	1	14.387	exonic	Nuclear soluble	lncRNA_divergent	32.449
RAB30-DT	RAB30-AS1	ASO_G0246067_AD_04	93.722	1	87.164	exonic	Nuclear soluble	lncRNA_divergent	32.449
RAB30-DT	RAB30-AS1	ASO_G0246067_AD_06	0	1	93.061	exonic	Nuclear soluble	lncRNA_divergent	32.449
RAB30-DT	RAB30-AS1	ASO_G0246067_AD_09	96.497	1	87.123	exonic	Nuclear soluble	lncRNA_divergent	32.449
RAB30-DT	RAB30-AS1	ASO_G0246067_AD_10	52.36	0	42.509	exonic	Nuclear soluble	lncRNA_divergent	32.449
RAD51-AS1	RAD51-AS1	ASO_G0245849_01	67.906	1	65.391	exonic	Chromatin bound	lncRNA_divergent	3.728
RAD51-AS1	RAD51-AS1	ASO_G0245849_02	43.744	1	31.967	exonic	Chromatin bound	lncRNA_divergent	3.728
RAD51-AS1	RAD51-AS1	ASO_G0245849_05	31.19	0	12.302	exonic	Chromatin bound	lncRNA_divergent	3.728
RAD51-AS1	RAD51-AS1	ASO_G0245849_06	54.444	1	14.056	exonic	Chromatin bound	lncRNA_divergent	3.728
RAD51-AS1	RAD51-AS1	ASO_G0245849_07	44.053	0	23.966	exonic	Chromatin bound	lncRNA_divergent	3.728
RAD51-AS1	RAD51-AS1	ASO_G0245849_AD_03	38.332	0	25.695	exonic	Chromatin bound	lncRNA_divergent	3.728
RAD51-AS1	RAD51-AS1	ASO_G0245849_AD_05	57.671	0	-5.29	exonic	Chromatin bound	lncRNA_divergent	3.728
RAD51-AS1	RAD51-AS1	ASO_G0245849_AD_06	48.299	0	12.954	exonic	Chromatin bound	lncRNA_divergent	3.728
RAD51-AS1	RAD51-AS1	ASO_G0245849_AD_07	85.359	1	71.976	exonic	Chromatin bound	lncRNA_divergent	3.728
RAD51-AS1	RAD51-AS1	ASO_G0245849_AD_09	60.188	1	16.125	exonic	Chromatin bound	lncRNA_divergent	3.728
RASSF8-AS1	RASSF8-AS1	ASO_G0246695_01	47.964	1	11.551	exonic	Nuclear soluble	lncRNA_divergent	9.492
RASSF8-AS1	RASSF8-AS1	ASO_G0246695_02	13.34	0	24.801	exonic	Nuclear soluble	lncRNA_divergent	9.492
RASSF8-AS1	RASSF8-AS1	ASO_G0246695_04	53.526	1	51.819	exonic	Nuclear soluble	lncRNA_divergent	9.492
RASSF8-AS1	RASSF8-AS1	ASO_G0246695_06	-29.813	0	36.898	exonic	Nuclear soluble	lncRNA_divergent	9.492
RASSF8-AS1	RASSF8-AS1	ASO_G0246695_07	17.063	0	40.87	exonic	Nuclear soluble	lncRNA_divergent	9.492
RP1-152L7.5	RP1-152L7.5	ASO_G0216775_01	84.138	1	54.766	exonic	Nuclear soluble	pseudogene	7.669
RP1-152L7.5	RP1-152L7.5	ASO_G0216775_02	80.1	1	26.03	exonic	Nuclear soluble	pseudogene	7.669
RP1-152L7.5	RP1-152L7.5	ASO_G0216775_03	67.429	1	56.574	exonic	Nuclear soluble	pseudogene	7.669
RP1-152L7.5	RP1-152L7.5	ASO_G0216775_05	84.28	1	36.767	exonic	Nuclear soluble	pseudogene	7.669
RP1-152L7.5	RP1-152L7.5	ASO_G0216775_07	82.797	1	5.351	exonic	Nuclear soluble	pseudogene	7.669
ERICH6-AS1	RP11-103G8.2	ASO_G0240137_01	38.318	0	19.068	exonic	Nuclear soluble	lncRNA_divergent	2.582
ERICH6-AS1	RP11-103G8.2	ASO_G0240137_04	59.201	1	39.534	exonic	Nuclear soluble	lncRNA_divergent	2.582
ERICH6-AS1	RP11-103G8.2	ASO_G0240137_05	45.765	0	32.496	exonic	Nuclear soluble	lncRNA_divergent	2.582
ERICH6-AS1	RP11-103G8.2	ASO_G0240137_06	19.68	0	21.549	exonic	Nuclear soluble	lncRNA_divergent	2.582
ERICH6-AS1	RP11-103G8.2	ASO_G0240137_09	61.003	1	37.055	exonic	Nuclear soluble	lncRNA_divergent	2.582
RP11-10K16.1	RP11-10K16.1	ASO_G0245213_01	67.394	1	49.869	exonic	Chromatin bound	lncRNA_divergent	1.692
RP11-10K16.1	RP11-10K16.1	ASO_G0245213_03	56.89	0	55.312	exonic	Chromatin bound	lncRNA_divergent	1.692
RP11-10K16.1	RP11-10K16.1	ASO_G0245213_04	79.359	1	52.851	exonic	Chromatin bound	lncRNA_divergent	1.692
RP11-10K16.1	RP11-10K16.1	ASO_G0245213_06	36.464	0	10.63	exonic	Chromatin bound	lncRNA_divergent	1.692
RP11-10K16.1	RP11-10K16.1	ASO_G0245213_AD_02	13.402	0	21.046	exonic	Chromatin bound	lncRNA_divergent	1.692
RP11-10K16.1	RP11-10K16.1	ASO_G0245213_AD_03	28.309	0	34.687	exonic	Chromatin bound	lncRNA_divergent	1.692
RP11-10K16.1	RP11-10K16.1	ASO_G0245213_AD_04	97.302	1	83.239	exonic	Chromatin bound	lncRNA_divergent	1.692
RP11-10K16.1	RP11-10K16.1	ASO_G0245213_AD_05	47.882	0	-2.156	exonic	Chromatin bound	lncRNA_divergent	1.692
RP11-10K16.1	RP11-10K16.1	ASO_G0245213_AD_10	81.74	1	45.21	exonic	Chromatin bound	lncRNA_divergent	1.692
RP11-110G21.1	RP11-110G21.1	ASO_G0228801_01	57.171	1	57.268	exonic	Nuclear soluble	lncRNA_divergent	3.177
RP11-110G21.1	RP11-110G21.1	ASO_G0228801_02	42.059	1	33.371	exonic	Nuclear soluble	lncRNA_divergent	3.177
RP11-110G21.1	RP11-110G21.1	ASO_G0228801_03	15.222	0	42.219	exonic	Nuclear soluble	lncRNA_divergent	3.177
RP11-110G21.1	RP11-110G21.1	ASO_G0228801_07	-8.111	0	34.659	exonic	Nuclear soluble	lncRNA_divergent	3.177
RP11-110G21.1	RP11-110G21.1	ASO_G0228801_08	16.314	0	42.486	exonic	Nuclear soluble	lncRNA_divergent	3.177
CCDC84-DT	RP11-110I1.12	ASO_G0255121_01	55.873	0	28.96	exonic	Cytoplasmic	lncRNA_divergent	7.459
CCDC84-DT	RP11-110I1.12	ASO_G0255121_02	84.194	1	67.973	exonic	Cytoplasmic	lncRNA_divergent	7.459
CCDC84-DT	RP11-110I1.12	ASO_G0255121_03	43.934	0	46.782	exonic	Cytoplasmic	lncRNA_divergent	7.459
CCDC84-DT	RP11-110I1.12	ASO_G0255121_04	30.91	0	27.873	exonic	Cytoplasmic	lncRNA_divergent	7.459
CCDC84-DT	RP11-110I1.12	ASO_G0255121_08	66.31	0	56.593	exonic	Cytoplasmic	lncRNA_divergent	7.459
RP11-111M22.3	RP11-111M22.3	ASO_G0255135_03	32.432	0	35.517	exonic	Nuclear soluble	lncRNA_divergent	7.164
RP11-111M22.3	RP11-111M22.3	ASO_G0255135_04	19.45	0	46.008	exonic	Nuclear soluble	lncRNA_divergent	7.164
RP11-111M22.3	RP11-111M22.3	ASO_G0255135_08	26.749	0	22.106	exonic	Nuclear soluble	lncRNA_divergent	7.164
RP11-115C21.2	RP11-115C21.2	ASO_G0246089_01	47.787	0	36.915	exonic	Nuclear soluble	lncRNA_divergent	3.636
RP11-115C21.2	RP11-115C21.2	ASO_G0246089_02	61.445	1	65.443	exonic	Nuclear soluble	lncRNA_divergent	3.636
RP11-115C21.2	RP11-115C21.2	ASO_G0246089_03	65.096	1	50.28	exonic	Nuclear soluble	lncRNA_divergent	3.636
RP11-115C21.2	RP11-115C21.2	ASO_G0246089_04	57.963	1	35.331	exonic	Nuclear soluble	lncRNA_divergent	3.636
RP11-115C21.2	RP11-115C21.2	ASO_G0246089_06	31.356	0	24.419	exonic	Nuclear soluble	lncRNA_divergent	3.636
RP11-115C21.2	RP11-115C21.2	ASO_G0246089_AD_02	55.039	1	33.126	exonic	Nuclear soluble	lncRNA_divergent	3.636
RP11-115C21.2	RP11-115C21.2	ASO_G0246089_AD_03	19.191	0	12.839	exonic	Nuclear soluble	lncRNA_divergent	3.636
RP11-115C21.2	RP11-115C21.2	ASO_G0246089_AD_04	32.999	0	33.556	exonic	Nuclear soluble	lncRNA_divergent	3.636
RP11-115C21.2	RP11-115C21.2	ASO_G0246089_AD_08	48.518	0	-6.99	exonic	Nuclear soluble	lncRNA_divergent	3.636
RP11-115C21.2	RP11-115C21.2	ASO_G0246089_AD_10	70.786	1	69.46	exonic	Nuclear soluble	lncRNA_divergent	3.636
PPP3CB-AS1	RP11-137L10.6	ASO_G0221817_01	28.698	0	34.727	exonic	Chromatin bound	lncRNA_divergent	3.433
PPP3CB-AS1	RP11-137L10.6	ASO_G0221817_03	83.14	1	27.09	exonic	Chromatin bound	lncRNA_divergent	3.433
PPP3CB-AS1	RP11-137L10.6	ASO_G0221817_04	57.164	0	87.187	exonic	Chromatin bound	lncRNA_divergent	3.433
PPP3CB-AS1	RP11-137L10.6	ASO_G0221817_06	7.19	0	25.684	exonic	Chromatin bound	lncRNA_divergent	3.433
PPP3CB-AS1	RP11-137L10.6	ASO_G0221817_07	49.465	0	34.579	exonic	Chromatin bound	lncRNA_divergent	3.433
PPP3CB-AS1	RP11-137L10.6	ASO_G0221817_AD_02	79.907	1	36.406	exonic	Chromatin bound	lncRNA_divergent	3.433
PPP3CB-AS1	RP11-137L10.6	ASO_G0221817_AD_03	59.818	1	16.232	exonic	Chromatin bound	lncRNA_divergent	3.433
PPP3CB-AS1	RP11-137L10.6	ASO_G0221817_AD_04	83.191	1	54.226	exonic	Chromatin bound	lncRNA_divergent	3.433
PPP3CB-AS1	RP11-137L10.6	ASO_G0221817_AD_08	74.737	1	62.063	intronic	Chromatin bound	lncRNA_divergent	3.433
PPP3CB-AS1	RP11-137L10.6	ASO_G0221817_AD_10	61.456	1	16.123	intronic	Chromatin bound	lncRNA_divergent	3.433
RP11-1398P2.1	RP11-1398P2.1	ASO_G0244459_01	0	0	15.766	exonic	Nuclear soluble	lncRNA_intergenic	1.277
RP11-1398P2.1	RP11-1398P2.1	ASO_G0244459_02	0	0	-51.195	exonic	Nuclear soluble	lncRNA_intergenic	1.277
RP11-1398P2.1	RP11-1398P2.1	ASO_G0244459_04	0	0	9.233	exonic	Nuclear soluble	lncRNA_intergenic	1.277
RP11-1398P2.1	RP11-1398P2.1	ASO_G0244459_05	0	0	35.128	exonic	Nuclear soluble	lncRNA_intergenic	1.277
RP11-1398P2.1	RP11-1398P2.1	ASO_G0244459_06	0	0	57.836	exonic	Nuclear soluble	lncRNA_intergenic	1.277
PIGBOS1	RP11-139H15.1	ASO_G0225973_01	54.678	1	0	exonic	Cytoplasmic	lncRNA_divergent	17.001
PIGBOS1	RP11-139H15.1	ASO_G0225973_06	19.495	0	0	exonic	Cytoplasmic	lncRNA_divergent	17.001
PIGBOS1	RP11-139H15.1	ASO_G0225973_08	52.174	1	0	exonic	Cytoplasmic	lncRNA_divergent	17.001
PIGBOS1	RP11-139H15.1	ASO_G0225973_09	2.102	0	0	exonic	Cytoplasmic	lncRNA_divergent	17.001
PIGBOS1	RP11-139H15.1	ASO_G0225973_10	90.656	1	0	exonic	Cytoplasmic	lncRNA_divergent	17.001
PIGBOS1	RP11-139H15.1	ASO_G0225973_AD_01	83.564	1	78.813	intronic	Cytoplasmic	lncRNA_divergent	17.001
PIGBOS1	RP11-139H15.1	ASO_G0225973_AD_02	5.959	0	16.763	exonic	Cytoplasmic	lncRNA_divergent	17.001
PIGBOS1	RP11-139H15.1	ASO_G0225973_AD_03	35.513	0	36.761	exonic	Cytoplasmic	lncRNA_divergent	17.001
PIGBOS1	RP11-139H15.1	ASO_G0225973_AD_05	3.265	0	-3.349	intronic	Cytoplasmic	lncRNA_divergent	17.001
PIGBOS1	RP11-139H15.1	ASO_G0225973_AD_06	81.498	1	37.037	exonic	Cytoplasmic	lncRNA_divergent	17.001
RP11-149I23.3	RP11-149I23.3	ASO_G0232110_04	64.795	1	64.798	exonic	Nuclear soluble	lncRNA_antisense	1.578
RP11-149I23.3	RP11-149I23.3	ASO_G0232110_05	61.223	1	42.89	exonic	Nuclear soluble	lncRNA_antisense	1.578
RP11-149I23.3	RP11-149I23.3	ASO_G0232110_06	49.302	0	53.712	exonic	Nuclear soluble	lncRNA_antisense	1.578
RP11-149I23.3	RP11-149I23.3	ASO_G0232110_07	42.576	0	40.554	exonic	Nuclear soluble	lncRNA_antisense	1.578
RP11-149I23.3	RP11-149I23.3	ASO_G0232110_10	48.025	0	33.021	exonic	Nuclear soluble	lncRNA_antisense	1.578
RP11-149I23.3	RP11-149I23.3	ASO_G0232110_AD_01	54.383	0	39.553	exonic	Nuclear soluble	lncRNA_antisense	1.578
RP11-149I23.3	RP11-149I23.3	ASO_G0232110_AD_02	83.127	1	64.436	exonic	Nuclear soluble	lncRNA_antisense	1.578
RP11-149I23.3	RP11-149I23.3	ASO_G0232110_AD_03	64.796	1	39.98	exonic	Nuclear soluble	lncRNA_antisense	1.578
RP11-149I23.3	RP11-149I23.3	ASO_G0232110_AD_04	52.689	1	54.512	intronic	Nuclear soluble	lncRNA_antisense	1.578
RP11-149I23.3	RP11-149I23.3	ASO_G0232110_AD_06	72.648	1	64.143	exonic	Nuclear soluble	lncRNA_antisense	1.578
LINC01605	RP11-150O12.1	ASO_C013368_01	69.197	1	84.737	exonic	Cytoplasmic	lncRNA_intergenic	7.316
LINC01605	RP11-150O12.1	ASO_C013368_02	92.792	1	92.204	exonic	Cytoplasmic	lncRNA_intergenic	7.316
LINC01605	RP11-150O12.1	ASO_C013368_03	46.032	1	16.939	exonic	Cytoplasmic	lncRNA_intergenic	7.316
LINC01605	RP11-150O12.1	ASO_C013368_04	71.355	1	35.893	exonic	Cytoplasmic	lncRNA_intergenic	7.316
LINC01605	RP11-150O12.1	ASO_C013368_06	64.714	1	41.158	exonic	Cytoplasmic	lncRNA_intergenic	7.316
LINC01605	RP11-150O12.1	ASO_G0253161_01	32.916	0	33.616	exonic	Cytoplasmic	lncRNA_intergenic	7.316
LINC01605	RP11-150O12.1	ASO_G0253161_02	28.395	0	13.684	exonic	Cytoplasmic	lncRNA_intergenic	7.316
LINC01605	RP11-150O12.1	ASO_G0253161_03	38.526	0	3.48	exonic	Cytoplasmic	lncRNA_intergenic	7.316
LINC01605	RP11-150O12.1	ASO_G0253161_04	32.367	0	-10.355	exonic	Cytoplasmic	lncRNA_intergenic	7.316
LINC01605	RP11-150O12.1	ASO_G0253161_05	36.868	0	-2581.252	exonic	Cytoplasmic	lncRNA_intergenic	7.316
LINC01605	RP11-150O12.1	ASO_G0253161_AD_03	0	0	17.539	intronic	Cytoplasmic	lncRNA_intergenic	7.316
LINC01605	RP11-150O12.1	ASO_G0253161_AD_04	0	0	14.586	intronic	Cytoplasmic	lncRNA_intergenic	7.316
LINC01605	RP11-150O12.1	ASO_G0253161_AD_05	0	0	47.68	intronic	Cytoplasmic	lncRNA_intergenic	7.316
LINC01605	RP11-150O12.1	ASO_G0253161_AD_07	0	0	53.401	intronic	Cytoplasmic	lncRNA_intergenic	7.316
LINC01605	RP11-150O12.1	ASO_G0253161_AD_08	0	0	8.013	intronic	Cytoplasmic	lncRNA_intergenic	7.316
RP11-160O5.1	RP11-160O5.1	ASO_G0263470_02	49.055	1	20.013	exonic	Cytoplasmic	lncRNA_divergent	4.577
RP11-160O5.1	RP11-160O5.1	ASO_G0263470_03	45.464	0	7.047	exonic	Cytoplasmic	lncRNA_divergent	4.577
RP11-160O5.1	RP11-160O5.1	ASO_G0263470_04	25.613	0	2.433	exonic	Cytoplasmic	lncRNA_divergent	4.577
RP11-160O5.1	RP11-160O5.1	ASO_G0263470_05	-11.976	0	-33.673	exonic	Cytoplasmic	lncRNA_divergent	4.577
RP11-160O5.1	RP11-160O5.1	ASO_G0263470_06	4.285	0	24.137	exonic	Cytoplasmic	lncRNA_divergent	4.577
LMO7-AS1	RP11-173B14.5	ASO_G0261105_02	30.081	0	70.397	exonic	Chromatin bound	lncRNA_divergent	37.523
LMO7-AS1	RP11-173B14.5	ASO_G0261105_03	54.03	0	32.767	exonic	Chromatin bound	lncRNA_divergent	37.523
LMO7-AS1	RP11-173B14.5	ASO_G0261105_04	27.742	0	-57.113	exonic	Chromatin bound	lncRNA_divergent	37.523
LMO7-AS1	RP11-173B14.5	ASO_G0261105_08	20.05	0	20.664	exonic	Chromatin bound	lncRNA_divergent	37.523
LMO7-AS1	RP11-173B14.5	ASO_G0261105_10	58.09	0	33.166	exonic	Chromatin bound	lncRNA_divergent	37.523
LMO7-AS1	RP11-173B14.5	ASO_G0261105_AD_02	0	0	50.507	exonic	Chromatin bound	lncRNA_divergent	37.523
LMO7-AS1	RP11-173B14.5	ASO_G0261105_AD_05	0	1	77.351	intronic	Chromatin bound	lncRNA_divergent	37.523
LMO7-AS1	RP11-173B14.5	ASO_G0261105_AD_06	0	1	65.935	intronic	Chromatin bound	lncRNA_divergent	37.523
LMO7-AS1	RP11-173B14.5	ASO_G0261105_AD_08	0	0	35.965	intronic	Chromatin bound	lncRNA_divergent	37.523
LMO7-AS1	RP11-173B14.5	ASO_G0261105_AD_10	0	0	77.508	exonic	Chromatin bound	lncRNA_divergent	37.523
RP11-195F19.9	RP11-195F19.9	ASO_G0230074_02	72.345	1	29.772	exonic	Cytoplasmic	lncRNA_divergent	6.308
RP11-195F19.9	RP11-195F19.9	ASO_G0230074_03	6.485	0	14.46	exonic	Cytoplasmic	lncRNA_divergent	6.308
RP11-195F19.9	RP11-195F19.9	ASO_G0230074_04	19.811	0	-6.124	exonic	Cytoplasmic	lncRNA_divergent	6.308
RP11-195F19.9	RP11-195F19.9	ASO_G0230074_05	74.423	1	71.276	exonic	Cytoplasmic	lncRNA_divergent	6.308
RP11-195F19.9	RP11-195F19.9	ASO_G0230074_07	96.106	1	95.751	exonic	Cytoplasmic	lncRNA_divergent	6.308
RP11-206L10.2	RP11-206L10.2	ASO_G0228327_01	19.878	0	39.501	exonic	Chromatin bound	lncRNA_intergenic	13.41
RP11-206L10.2	RP11-206L10.2	ASO_G0228327_02	-59.836	0	-5.475	exonic	Chromatin bound	lncRNA_intergenic	13.41
RP11-206L10.2	RP11-206L10.2	ASO_G0228327_03	-94.609	0	21.042	exonic	Chromatin bound	lncRNA_intergenic	13.41
RP11-206L10.2	RP11-206L10.2	ASO_G0228327_08	-49.474	0	49.934	exonic	Chromatin bound	lncRNA_intergenic	13.41
RP11-206L10.2	RP11-206L10.2	ASO_G0228327_10	-97.818	0	13.637	exonic	Chromatin bound	lncRNA_intergenic	13.41
NINJ2-AS1	RP11-218M22.1	ASO_G0177406_01	0	0	50.997	exonic	Nuclear soluble	lncRNA_divergent	2.131
NINJ2-AS1	RP11-218M22.1	ASO_G0177406_02	0	0	31.778	exonic	Nuclear soluble	lncRNA_divergent	2.131
NINJ2-AS1	RP11-218M22.1	ASO_G0177406_05	0	0	5.49	exonic	Nuclear soluble	lncRNA_divergent	2.131
NINJ2-AS1	RP11-218M22.1	ASO_G0177406_08	0	0	36.282	exonic	Nuclear soluble	lncRNA_divergent	2.131
NINJ2-AS1	RP11-218M22.1	ASO_G0177406_10	0	0	20.334	exonic	Nuclear soluble	lncRNA_divergent	2.131
RP11-220I1.1	RP11-220I1.1	ASO_G0233137_01	25.747	0	41.94	exonic	Cytoplasmic	lncRNA_intergenic	27.943
RP11-220I1.1	RP11-220I1.1	ASO_G0233137_02	82.963	1	88.817	exonic	Cytoplasmic	lncRNA_intergenic	27.943
RP11-220I1.1	RP11-220I1.1	ASO_G0233137_04	64.361	1	68.496	exonic	Cytoplasmic	lncRNA_intergenic	27.943
RP11-220I1.1	RP11-220I1.1	ASO_G0233137_05	73.251	1	58.608	exonic	Cytoplasmic	lncRNA_intergenic	27.943
RP11-220I1.1	RP11-220I1.1	ASO_G0233137_07	50.582	0	46.73	exonic	Cytoplasmic	lncRNA_intergenic	27.943
LINC02454	RP11-221N13.3	ASO_G0256268_01	49.327	0	7.824	exonic	Nuclear soluble	lncRNA_intergenic	9.89
LINC02454	RP11-221N13.3	ASO_G0256268_02	45.428	0	21.165	exonic	Nuclear soluble	lncRNA_intergenic	9.89
LINC02454	RP11-221N13.3	ASO_G0256268_03	56.635	1	-11.547	exonic	Nuclear soluble	lncRNA_intergenic	9.89
LINC02454	RP11-221N13.3	ASO_G0256268_05	49.904	0	34.844	exonic	Nuclear soluble	lncRNA_intergenic	9.89
LINC02454	RP11-221N13.3	ASO_G0256268_AD_01	68.681	1	68.201	intronic	Nuclear soluble	lncRNA_intergenic	9.89
LINC02454	RP11-221N13.3	ASO_G0256268_AD_03	78.393	1	76.956	exonic	Nuclear soluble	lncRNA_intergenic	9.89
LINC02454	RP11-221N13.3	ASO_G0256268_AD_05	58.192	1	6.583	exonic	Nuclear soluble	lncRNA_intergenic	9.89
LINC02454	RP11-221N13.3	ASO_G0256268_AD_06	94.084	1	84.948	exonic	Nuclear soluble	lncRNA_intergenic	9.89
LINC02454	RP11-221N13.3	ASO_G0256268_AD_07	88.872	1	93.849	exonic	Nuclear soluble	lncRNA_intergenic	9.89
ATP2A1-AS1	RP11-22P6.3	ASO_G0260442_01	13.213	0	65.073	exonic	Cytoplasmic	lncRNA_divergent	5.696
ATP2A1-AS1	RP11-22P6.3	ASO_G0260442_02	41.201	0	-1.646	exonic	Cytoplasmic	lncRNA_divergent	5.696
ATP2A1-AS1	RP11-22P6.3	ASO_G0260442_04	34.603	0	26.556	exonic	Cytoplasmic	lncRNA_divergent	5.696
ATP2A1-AS1	RP11-22P6.3	ASO_G0260442_06	31.785	0	4.109	exonic	Cytoplasmic	lncRNA_divergent	5.696
ATP2A1-AS1	RP11-22P6.3	ASO_G0260442_08	21.63	0	23.96	exonic	Cytoplasmic	lncRNA_divergent	5.696
ATP2A1-AS1	RP11-22P6.3	ASO_G0260442_AD_01	33.858	0	-0.727	exonic	Cytoplasmic	lncRNA_divergent	5.696
ATP2A1-AS1	RP11-22P6.3	ASO_G0260442_AD_02	40.57	0	22.054	exonic	Cytoplasmic	lncRNA_divergent	5.696
ATP2A1-AS1	RP11-22P6.3	ASO_G0260442_AD_07	37.92	0	16.434	exonic	Cytoplasmic	lncRNA_divergent	5.696
ATP2A1-AS1	RP11-22P6.3	ASO_G0260442_AD_08	46.618	1	-6.712	exonic	Cytoplasmic	lncRNA_divergent	5.696
ATP2A1-AS1	RP11-22P6.3	ASO_G0260442_AD_10	64.454	1	52.417	exonic	Cytoplasmic	lncRNA_divergent	5.696
RP11-242D8.1	RP11-242D8.1	ASO_G0267002_02	0	0	3.815	exonic	Chromatin bound	lncRNA_divergent	4.512
RP11-242D8.1	RP11-242D8.1	ASO_G0267002_03	0	0	-12.714	exonic	Chromatin bound	lncRNA_divergent	4.512
RP11-242D8.1	RP11-242D8.1	ASO_G0267002_05	0	0	3.649	exonic	Chromatin bound	lncRNA_divergent	4.512
RP11-242D8.1	RP11-242D8.1	ASO_G0267002_08	0	0	46.303	exonic	Chromatin bound	lncRNA_divergent	4.512
RP11-242D8.1	RP11-242D8.1	ASO_G0267002_09	0	0	25.616	exonic	Chromatin bound	lncRNA_divergent	4.512
LINC01204	RP11-245M24.1	ASO_G0229563_02	83.647	1	94.293	exonic	Chromatin bound	lncRNA_intergenic	2.613
LINC01204	RP11-245M24.1	ASO_G0229563_03	51.056	0	34.035	exonic	Chromatin bound	lncRNA_intergenic	2.613
LINC01204	RP11-245M24.1	ASO_G0229563_04	72.085	1	61.132	exonic	Chromatin bound	lncRNA_intergenic	2.613
LINC01204	RP11-245M24.1	ASO_G0229563_05	81.898	1	51.687	exonic	Chromatin bound	lncRNA_intergenic	2.613
LINC01204	RP11-245M24.1	ASO_G0229563_08	72.448	1	17.868	exonic	Chromatin bound	lncRNA_intergenic	2.613
RP11-253M7.1	RP11-253M7.1	ASO_G0259426_01	60.708	1	58.651	exonic	Chromatin bound	lncRNA_divergent	6.633
RP11-253M7.1	RP11-253M7.1	ASO_G0259426_02	93.738	1	85.231	exonic	Chromatin bound	lncRNA_divergent	6.633
RP11-253M7.1	RP11-253M7.1	ASO_G0259426_03	67.381	1	9.719	exonic	Chromatin bound	lncRNA_divergent	6.633
RP11-253M7.1	RP11-253M7.1	ASO_G0259426_05	54.871	1	12.944	exonic	Chromatin bound	lncRNA_divergent	6.633
RP11-253M7.1	RP11-253M7.1	ASO_G0259426_09	47.045	1	-7.62	exonic	Chromatin bound	lncRNA_divergent	6.633
RP11-253M7.1	RP11-253M7.1	ASO_G0259426_AD_01	80.04	1	68.57	exonic	Chromatin bound	lncRNA_divergent	6.633
RP11-253M7.1	RP11-253M7.1	ASO_G0259426_AD_03	93.71	1	76.153	exonic	Chromatin bound	lncRNA_divergent	6.633
RP11-253M7.1	RP11-253M7.1	ASO_G0259426_AD_06	80.95	1	17.1	exonic	Chromatin bound	lncRNA_divergent	6.633
RP11-253M7.1	RP11-253M7.1	ASO_G0259426_AD_07	65.319	1	25.427	exonic	Chromatin bound	lncRNA_divergent	6.633
RP11-253M7.1	RP11-253M7.1	ASO_G0259426_AD_10	81.493	1	50.999	exonic	Chromatin bound	lncRNA_divergent	6.633
RP11-25K19.1	RP11-25K19.1	ASO_G0167912_01	0	0	11.999	exonic	Cytoplasmic	lncRNA_divergent	5.792
RP11-25K19.1	RP11-25K19.1	ASO_G0167912_02	0	0	14.7	exonic	Cytoplasmic	lncRNA_divergent	5.792
RP11-25K19.1	RP11-25K19.1	ASO_G0167912_04	0	0	39.071	exonic	Cytoplasmic	lncRNA_divergent	5.792
RP11-25K19.1	RP11-25K19.1	ASO_G0167912_05	0	0	40.59	exonic	Cytoplasmic	lncRNA_divergent	5.792
RP11-25K19.1	RP11-25K19.1	ASO_G0167912_07	0	0	9.704	exonic	Cytoplasmic	lncRNA_divergent	5.792
RP11-295G20.2	RP11-295G20.2	ASO_G0233461_01	21.718	0	54.967	exonic	Cytoplasmic	lncRNA_divergent	8.312
RP11-295G20.2	RP11-295G20.2	ASO_G0233461_03	76	1	94.769	exonic	Cytoplasmic	lncRNA_divergent	8.312
RP11-295G20.2	RP11-295G20.2	ASO_G0233461_05	51.393	0	43.36	exonic	Cytoplasmic	lncRNA_divergent	8.312
RP11-295G20.2	RP11-295G20.2	ASO_G0233461_07	15.173	0	31.924	exonic	Cytoplasmic	lncRNA_divergent	8.312
RP11-295G20.2	RP11-295G20.2	ASO_G0233461_09	4.852	0	37.922	exonic	Cytoplasmic	lncRNA_divergent	8.312
RP11-295G20.2	RP11-295G20.2	ASO_G0233461_AD_02	60.303	1	9.489	exonic	Cytoplasmic	lncRNA_divergent	8.312
RP11-295G20.2	RP11-295G20.2	ASO_G0233461_AD_03	82.642	1	84.292	exonic	Cytoplasmic	lncRNA_divergent	8.312
RP11-295G20.2	RP11-295G20.2	ASO_G0233461_AD_04	68.973	1	43.764	exonic	Cytoplasmic	lncRNA_divergent	8.312
RP11-295G20.2	RP11-295G20.2	ASO_G0233461_AD_06	50.317	1	39.409	exonic	Cytoplasmic	lncRNA_divergent	8.312
RP11-295G20.2	RP11-295G20.2	ASO_G0233461_AD_07	51.364	0	24.652	exonic	Cytoplasmic	lncRNA_divergent	8.312
PRDX6-AS1	RP11-296O14.3	ASO_G0203739_01	58.478	1	48.087	exonic	Chromatin bound	lncRNA_divergent	11.832
PRDX6-AS1	RP11-296O14.3	ASO_G0203739_02	54.013	0	28.366	exonic	Chromatin bound	lncRNA_divergent	11.832
PRDX6-AS1	RP11-296O14.3	ASO_G0203739_07	50.148	1	48.961	exonic	Chromatin bound	lncRNA_divergent	11.832
PRDX6-AS1	RP11-296O14.3	ASO_G0203739_08	44.039	0	26.732	exonic	Chromatin bound	lncRNA_divergent	11.832
PRDX6-AS1	RP11-296O14.3	ASO_G0203739_10	38.337	0	62.309	exonic	Chromatin bound	lncRNA_divergent	11.832
PRDX6-AS1	RP11-296O14.3	ASO_G0203739_AD_03	65.984	1	46.603	exonic	Chromatin bound	lncRNA_divergent	11.832
PRDX6-AS1	RP11-296O14.3	ASO_G0203739_AD_04	74.604	1	23.907	exonic	Chromatin bound	lncRNA_divergent	11.832
PRDX6-AS1	RP11-296O14.3	ASO_G0203739_AD_05	88.344	1	17.197	intronic	Chromatin bound	lncRNA_divergent	11.832
PRDX6-AS1	RP11-296O14.3	ASO_G0203739_AD_07	71.971	1	29.05	exonic	Chromatin bound	lncRNA_divergent	11.832
TBX2-AS1	RP11-332H18.4	ASO_G0267280_03	73.379	1	26.432	exonic	Chromatin bound	lncRNA_divergent	12.059
TBX2-AS1	RP11-332H18.4	ASO_G0267280_04	81.396	1	50.418	exonic	Chromatin bound	lncRNA_divergent	12.059
TBX2-AS1	RP11-332H18.4	ASO_G0267280_07	43.121	0	26.369	exonic	Chromatin bound	lncRNA_divergent	12.059
TBX2-AS1	RP11-332H18.4	ASO_G0267280_08	88.212	1	41.099	exonic	Chromatin bound	lncRNA_divergent	12.059
TBX2-AS1	RP11-332H18.4	ASO_G0267280_09	49.744	1	57.242	exonic	Chromatin bound	lncRNA_divergent	12.059
RP11-333E1.1	RP11-333E1.1	ASO_G0261879_02	19.482	0	28.045	exonic	Chromatin bound	lncRNA_divergent	4.802
RP11-333E1.1	RP11-333E1.1	ASO_G0261879_03	58.132	0	32.652	exonic	Chromatin bound	lncRNA_divergent	4.802
RP11-333E1.1	RP11-333E1.1	ASO_G0261879_05	84.452	1	71.608	exonic	Chromatin bound	lncRNA_divergent	4.802
RP11-333E1.1	RP11-333E1.1	ASO_G0261879_08	44.351	0	14.557	exonic	Chromatin bound	lncRNA_divergent	4.802
RP11-333E1.1	RP11-333E1.1	ASO_G0261879_09	17.937	0	45.739	exonic	Chromatin bound	lncRNA_divergent	4.802
RP11-333E1.1	RP11-333E1.1	ASO_G0261879_AD_01	28.817	0	75.122	intronic	Chromatin bound	lncRNA_divergent	4.802
RP11-333E1.1	RP11-333E1.1	ASO_G0261879_AD_03	30.773	0	-13.203	intronic	Chromatin bound	lncRNA_divergent	4.802
RP11-333E1.1	RP11-333E1.1	ASO_G0261879_AD_04	51.726	0	7.079	exonic	Chromatin bound	lncRNA_divergent	4.802
RP11-333E1.1	RP11-333E1.1	ASO_G0261879_AD_05	58.272	0	-28.91	intronic	Chromatin bound	lncRNA_divergent	4.802
RP11-333E1.1	RP11-333E1.1	ASO_G0261879_AD_07	90.753	1	76.056	intronic	Chromatin bound	lncRNA_divergent	4.802
RP11-33B1.1	RP11-33B1.1	ASO_G0245958_01	41.05	0	69.53	exonic	Chromatin bound	pseudogene	21.64
RP11-33B1.1	RP11-33B1.1	ASO_G0245958_02	49.457	0	11.859	exonic	Chromatin bound	pseudogene	21.64
RP11-33B1.1	RP11-33B1.1	ASO_G0245958_05	71.243	1	39.043	exonic	Chromatin bound	pseudogene	21.64
RP11-33B1.1	RP11-33B1.1	ASO_G0245958_09	58.81	1	23.358	exonic	Chromatin bound	pseudogene	21.64
RP11-33B1.1	RP11-33B1.1	ASO_G0245958_10	64.571	1	21.431	exonic	Chromatin bound	pseudogene	21.64
RP11-33B1.1	RP11-33B1.1	ASO_G0245958_AD_01	53.896	1	30.705	exonic	Chromatin bound	pseudogene	21.64
RP11-33B1.1	RP11-33B1.1	ASO_G0245958_AD_02	55.001	1	18.636	intronic	Chromatin bound	pseudogene	21.64
RP11-33B1.1	RP11-33B1.1	ASO_G0245958_AD_04	68.083	1	61.278	exonic	Chromatin bound	pseudogene	21.64
RP11-33B1.1	RP11-33B1.1	ASO_G0245958_AD_06	22.9	0	16.339	intronic	Chromatin bound	pseudogene	21.64
RP11-33B1.1	RP11-33B1.1	ASO_G0245958_AD_07	22.964	0	22.629	intronic	Chromatin bound	pseudogene	21.64
RP11-345P4.9	RP11-345P4.9	ASO_G0272106_01	53.028	0	8.334	exonic	Nuclear soluble	lncRNA_divergent	3.105
RP11-345P4.9	RP11-345P4.9	ASO_G0272106_02	44.477	1	7.307	exonic	Nuclear soluble	lncRNA_divergent	3.105
RP11-345P4.9	RP11-345P4.9	ASO_G0272106_03	33.632	0	10.416	exonic	Nuclear soluble	lncRNA_divergent	3.105
RP11-345P4.9	RP11-345P4.9	ASO_G0272106_07	35.744	0	27.445	exonic	Nuclear soluble	lncRNA_divergent	3.105
RP11-345P4.9	RP11-345P4.9	ASO_G0272106_08	-106.374	0	41.498	exonic	Nuclear soluble	lncRNA_divergent	3.105
LINC02762	RP11-356J5.12	ASO_G0250303_03	0	0	17.591	exonic	Cytoplasmic	lncRNA_intergenic	13.612
LINC02762	RP11-356J5.12	ASO_G0250303_07	0	0	31.221	exonic	Cytoplasmic	lncRNA_intergenic	13.612
LINC02762	RP11-356J5.12	ASO_G0250303_08	0	0	32.713	exonic	Cytoplasmic	lncRNA_intergenic	13.612
LINC02762	RP11-356J5.12	ASO_G0250303_09	0	0	51.152	exonic	Cytoplasmic	lncRNA_intergenic	13.612
LINC02762	RP11-356J5.12	ASO_G0250303_10	0	0	31.743	exonic	Cytoplasmic	lncRNA_intergenic	13.612
LINC01278	RP11-357C3.3	ASO_G0235437_05	69.124	1	60.963	exonic	Chromatin bound	lncRNA_intergenic	20.091
LINC01278	RP11-357C3.3	ASO_G0235437_06	91.064	1	79.758	exonic	Chromatin bound	lncRNA_intergenic	20.091
LINC01278	RP11-357C3.3	ASO_G0235437_07	84.457	1	46.83	exonic	Chromatin bound	lncRNA_intergenic	20.091
LINC01278	RP11-357C3.3	ASO_G0235437_08	81.889	1	40.005	exonic	Chromatin bound	lncRNA_intergenic	20.091
LINC01278	RP11-357C3.3	ASO_G0235437_09	80.84	1	64.152	exonic	Chromatin bound	lncRNA_intergenic	20.091
RP11-379H18.1	RP11-379H18.1	ASO_G0271122_01	35.032	0	52.268	exonic	Cytoplasmic	lncRNA_divergent	7.808
RP11-379H18.1	RP11-379H18.1	ASO_G0271122_03	38.002	0	15.273	exonic	Cytoplasmic	lncRNA_divergent	7.808
RP11-379H18.1	RP11-379H18.1	ASO_G0271122_04	43.045	0	28.386	exonic	Cytoplasmic	lncRNA_divergent	7.808
RP11-379H18.1	RP11-379H18.1	ASO_G0271122_05	29.43	0	66.958	exonic	Cytoplasmic	lncRNA_divergent	7.808
RP11-379H18.1	RP11-379H18.1	ASO_G0271122_06	28.396	0	66.72	exonic	Cytoplasmic	lncRNA_divergent	7.808
RP11-37B2.1	RP11-37B2.1	ASO_G0251136_02	0	0	25.787	exonic	Chromatin bound	lncRNA_divergent	6.795
RP11-37B2.1	RP11-37B2.1	ASO_G0251136_04	0	0	47.453	exonic	Chromatin bound	lncRNA_divergent	6.795
RP11-37B2.1	RP11-37B2.1	ASO_G0251136_07	0	0	22.674	exonic	Chromatin bound	lncRNA_divergent	6.795
RP11-37B2.1	RP11-37B2.1	ASO_G0251136_08	0	0	15.113	exonic	Chromatin bound	lncRNA_divergent	6.795
RP11-37B2.1	RP11-37B2.1	ASO_G0251136_09	0	0	38.192	exonic	Chromatin bound	lncRNA_divergent	6.795
RP11-38L15.3	RP11-38L15.3	ASO_G0231187_01	42.094	0	60.395	exonic	Chromatin bound	lncRNA_antisense	2.219
RP11-38L15.3	RP11-38L15.3	ASO_G0231187_02	91.85	1	70.519	exonic	Chromatin bound	lncRNA_antisense	2.219
RP11-38L15.3	RP11-38L15.3	ASO_G0231187_04	10.43	0	27.608	exonic	Chromatin bound	lncRNA_antisense	2.219
RP11-38L15.3	RP11-38L15.3	ASO_G0231187_07	64.855	1	74.632	exonic	Chromatin bound	lncRNA_antisense	2.219
RP11-38L15.3	RP11-38L15.3	ASO_G0231187_08	48.484	0	58.436	exonic	Chromatin bound	lncRNA_antisense	2.219
RP11-390P2.4	RP11-390P2.4	ASO_G0225177_01	0	0	31.333	exonic	Nuclear soluble	lncRNA_divergent	4.168
RP11-390P2.4	RP11-390P2.4	ASO_G0225177_02	0	0	27.674	exonic	Nuclear soluble	lncRNA_divergent	4.168
RP11-390P2.4	RP11-390P2.4	ASO_G0225177_06	0	0	28.233	exonic	Nuclear soluble	lncRNA_divergent	4.168
RP11-390P2.4	RP11-390P2.4	ASO_G0225177_07	0	0	41.315	exonic	Nuclear soluble	lncRNA_divergent	4.168
RP11-390P2.4	RP11-390P2.4	ASO_G0225177_10	0	0	16.023	exonic	Nuclear soluble	lncRNA_divergent	4.168
MUC12-AS1	RP11-395B7.4	ASO_G0227053_01	8.716	0	5.902	exonic	Cytoplasmic	lncRNA_divergent	15.821
MUC12-AS1	RP11-395B7.4	ASO_G0227053_03	85.554	1	87.28	exonic	Cytoplasmic	lncRNA_divergent	15.821
MUC12-AS1	RP11-395B7.4	ASO_G0227053_04	81.595	1	82.126	exonic	Cytoplasmic	lncRNA_divergent	15.821
MUC12-AS1	RP11-395B7.4	ASO_G0227053_07	65.391	1	22.72	exonic	Cytoplasmic	lncRNA_divergent	15.821
MUC12-AS1	RP11-395B7.4	ASO_G0227053_08	14.909	0	9.769	exonic	Cytoplasmic	lncRNA_divergent	15.821
RP11-398K22.12	RP11-398K22.12	ASO_G0229852_01	40.317	0	42.093	exonic	Chromatin bound	lncRNA_divergent	6.374
RP11-398K22.12	RP11-398K22.12	ASO_G0229852_03	59.055	1	66.525	exonic	Chromatin bound	lncRNA_divergent	6.374
RP11-398K22.12	RP11-398K22.12	ASO_G0229852_04	56.091	0	0	exonic	Chromatin bound	lncRNA_divergent	6.374
RP11-398K22.12	RP11-398K22.12	ASO_G0229852_05	76.869	1	82.478	exonic	Chromatin bound	lncRNA_divergent	6.374
RP11-398K22.12	RP11-398K22.12	ASO_G0229852_07	50.759	0	32.451	exonic	Chromatin bound	lncRNA_divergent	6.374
RP11-398K22.12	RP11-398K22.12	ASO_G0229852_AD_01	0	1	71.431	exonic	Chromatin bound	lncRNA_divergent	6.374
RP11-398K22.12	RP11-398K22.12	ASO_G0229852_AD_02	0	0	22.124	exonic	Chromatin bound	lncRNA_divergent	6.374
RP11-398K22.12	RP11-398K22.12	ASO_G0229852_AD_03	0	1	40.431	exonic	Chromatin bound	lncRNA_divergent	6.374
RP11-398K22.12	RP11-398K22.12	ASO_G0229852_AD_08	0	1	69.716	exonic	Chromatin bound	lncRNA_divergent	6.374
RP11-398K22.12	RP11-398K22.12	ASO_G0229852_AD_09	0	0	22.054	exonic	Chromatin bound	lncRNA_divergent	6.374
LINC01615	RP11-417E7.1	ASO_G0223485_01	85.763	1	70.933	exonic	Cytoplasmic	lncRNA_intergenic	18.451
LINC01615	RP11-417E7.1	ASO_G0223485_02	56.719	1	38.352	exonic	Cytoplasmic	lncRNA_intergenic	18.451
LINC01615	RP11-417E7.1	ASO_G0223485_03	57.454	1	27.658	exonic	Cytoplasmic	lncRNA_intergenic	18.451
LINC01615	RP11-417E7.1	ASO_G0223485_04	30.438	0	17.207	exonic	Cytoplasmic	lncRNA_intergenic	18.451
LINC01615	RP11-417E7.1	ASO_G0223485_05	57.582	1	21.071	exonic	Cytoplasmic	lncRNA_intergenic	18.451
LINC01615	RP11-417E7.1	ASO_G0223485_AD_01	28.536	0	-4.162	exonic	Cytoplasmic	lncRNA_intergenic	18.451
LINC01615	RP11-417E7.1	ASO_G0223485_AD_04	90.454	1	73.209	intronic	Cytoplasmic	lncRNA_intergenic	18.451
LINC01615	RP11-417E7.1	ASO_G0223485_AD_06	46.352	1	54.346	exonic	Cytoplasmic	lncRNA_intergenic	18.451
LINC01615	RP11-417E7.1	ASO_G0223485_AD_07	80.852	1	37.872	exonic	Cytoplasmic	lncRNA_intergenic	18.451
LINC01615	RP11-417E7.1	ASO_G0223485_AD_08	13.319	0	56.582	exonic	Cytoplasmic	lncRNA_intergenic	18.451
LINC01137	RP11-422J8.1	ASO_G0233621_01	71.593	1	57.218	exonic	Cytoplasmic	lncRNA_divergent	3.239
LINC01137	RP11-422J8.1	ASO_G0233621_04	51.516	0	10.608	exonic	Cytoplasmic	lncRNA_divergent	3.239
LINC01137	RP11-422J8.1	ASO_G0233621_05	50.711	1	55.131	exonic	Cytoplasmic	lncRNA_divergent	3.239
LINC01137	RP11-422J8.1	ASO_G0233621_06	46.384	0	12.803	exonic	Cytoplasmic	lncRNA_divergent	3.239
LINC01137	RP11-422J8.1	ASO_G0233621_09	66.497	1	34.439	exonic	Cytoplasmic	lncRNA_divergent	3.239
RP11-428J1.5	RP11-428J1.5	ASO_G0272142_01	29.57	0	25.682	exonic	Cytoplasmic	lncRNA_divergent	4.445
RP11-428J1.5	RP11-428J1.5	ASO_G0272142_02	30.774	0	2.686	exonic	Cytoplasmic	lncRNA_divergent	4.445
RP11-428J1.5	RP11-428J1.5	ASO_G0272142_03	33.361	0	33.893	exonic	Cytoplasmic	lncRNA_divergent	4.445
RP11-428J1.5	RP11-428J1.5	ASO_G0272142_05	40.062	0	20.765	exonic	Cytoplasmic	lncRNA_divergent	4.445
RP11-428J1.5	RP11-428J1.5	ASO_G0272142_07	21.926	0	9.47	exonic	Cytoplasmic	lncRNA_divergent	4.445
RP11-432J22.2	RP11-432J22.2	ASO_G0238058_01	48.906	0	27.39	exonic	Chromatin bound	lncRNA_divergent	5.319
RP11-432J22.2	RP11-432J22.2	ASO_G0238058_03	47.978	1	17.027	exonic	Chromatin bound	lncRNA_divergent	5.319
RP11-432J22.2	RP11-432J22.2	ASO_G0238058_07	39.52	0	8.426	exonic	Chromatin bound	lncRNA_divergent	5.319
RP11-432J22.2	RP11-432J22.2	ASO_G0238058_08	48.302	0	32.506	exonic	Chromatin bound	lncRNA_divergent	5.319
LINC01719	RP11-458D21.1	ASO_G0233396_01	46.875	1	46.157	exonic	Chromatin bound	lncRNA_intergenic	1.247
LINC01719	RP11-458D21.1	ASO_G0233396_02	73.778	1	76.297	exonic	Chromatin bound	lncRNA_intergenic	1.247
LINC01719	RP11-458D21.1	ASO_G0233396_06	18.627	0	31.774	exonic	Chromatin bound	lncRNA_intergenic	1.247
LINC01719	RP11-458D21.1	ASO_G0233396_07	98.42	1	99.116	exonic	Chromatin bound	lncRNA_intergenic	1.247
LINC01719	RP11-458D21.1	ASO_G0233396_10	34.59	0	44.392	exonic	Chromatin bound	lncRNA_intergenic	1.247
FOXC2-AS1	RP11-463O9.5	ASO_G0260944_03	44.675	0	17.118	exonic	Cytoplasmic	lncRNA_divergent	0.897
FOXC2-AS1	RP11-463O9.5	ASO_G0260944_04	29.741	0	42.092	exonic	Cytoplasmic	lncRNA_divergent	0.897
FOXC2-AS1	RP11-463O9.5	ASO_G0260944_05	21.651	0	10.452	exonic	Cytoplasmic	lncRNA_divergent	0.897
FOXC2-AS1	RP11-463O9.5	ASO_G0260944_06	13.677	0	2.92	exonic	Cytoplasmic	lncRNA_divergent	0.897
FOXC2-AS1	RP11-463O9.5	ASO_G0260944_08	20.387	0	-9.456	exonic	Cytoplasmic	lncRNA_divergent	0.897
ZNF213-AS1	RP11-473M20.14	ASO_G0263072_01	96.942	1	84.917	exonic	Nuclear soluble	lncRNA_divergent	8.307
ZNF213-AS1	RP11-473M20.14	ASO_G0263072_02	87.983	1	69.892	exonic	Nuclear soluble	lncRNA_divergent	8.307
ZNF213-AS1	RP11-473M20.14	ASO_G0263072_03	45.295	0	50.765	exonic	Nuclear soluble	lncRNA_divergent	8.307
ZNF213-AS1	RP11-473M20.14	ASO_G0263072_05	76.189	1	82.389	exonic	Nuclear soluble	lncRNA_divergent	8.307
ZNF213-AS1	RP11-473M20.14	ASO_G0263072_06	95.681	1	89.284	exonic	Nuclear soluble	lncRNA_divergent	8.307
RP11-474B16.1	RP11-474B16.1	ASO_G0257642_01	95.678	1	72.642	exonic	Chromatin bound	lncRNA_divergent	8.643
RP11-474B16.1	RP11-474B16.1	ASO_G0257642_02	73.129	1	32.621	exonic	Chromatin bound	lncRNA_divergent	8.643
RP11-474B16.1	RP11-474B16.1	ASO_G0257642_03	92.827	1	34.504	exonic	Chromatin bound	lncRNA_divergent	8.643
RP11-474B16.1	RP11-474B16.1	ASO_G0257642_05	83.464	1	5.773	exonic	Chromatin bound	lncRNA_divergent	8.643
RP11-474B16.1	RP11-474B16.1	ASO_G0257642_09	93.381	1	44.314	exonic	Chromatin bound	lncRNA_divergent	8.643
RP11-474B16.1	RP11-474B16.1	ASO_G0257642_AD_04	34.968	0	31.464	intronic	Chromatin bound	lncRNA_divergent	8.643
RP11-474B16.1	RP11-474B16.1	ASO_G0257642_AD_06	71.361	1	26.017	intronic	Chromatin bound	lncRNA_divergent	8.643
RP11-474B16.1	RP11-474B16.1	ASO_G0257642_AD_10	31.062	0	18.64	intronic	Chromatin bound	lncRNA_divergent	8.643
RP11-474P2.4	RP11-474P2.4	ASO_C0019316_01	61.398	1	59.095	exonic	Chromatin bound	lncRNA_intergenic	2.523
RP11-474P2.4	RP11-474P2.4	ASO_C0019316_02	34.384	0	40.6	exonic	Chromatin bound	lncRNA_intergenic	2.523
RP11-474P2.4	RP11-474P2.4	ASO_C0019316_04	36.578	0	49.448	exonic	Chromatin bound	lncRNA_intergenic	2.523
RP11-474P2.4	RP11-474P2.4	ASO_C0019316_07	35.711	0	47.065	exonic	Chromatin bound	lncRNA_intergenic	2.523
RP11-474P2.4	RP11-474P2.4	ASO_C0019316_08	60.915	1	57.5	exonic	Chromatin bound	lncRNA_intergenic	2.523
LINC01133	RP11-48O20.4	ASO_G0224259_01	90.77	1	30.887	exonic	Cytoplasmic	lncRNA_intergenic	1.005
LINC01133	RP11-48O20.4	ASO_G0224259_02	93.255	1	15.336	exonic	Cytoplasmic	lncRNA_intergenic	1.005
LINC01133	RP11-48O20.4	ASO_G0224259_05	90.195	1	32.591	exonic	Cytoplasmic	lncRNA_intergenic	1.005
LINC01133	RP11-48O20.4	ASO_G0224259_06	91.883	1	5.785	exonic	Cytoplasmic	lncRNA_intergenic	1.005
LINC01133	RP11-48O20.4	ASO_G0224259_08	52.364	1	33.531	exonic	Cytoplasmic	lncRNA_intergenic	1.005
RP11-499E18.1	RP11-499E18.1	ASO_G0248161_02	36.502	0	-0.507	exonic	Nuclear soluble	lncRNA_sense_intronic	2.632
RP11-499E18.1	RP11-499E18.1	ASO_G0248161_03	18.828	0	33.031	exonic	Nuclear soluble	lncRNA_sense_intronic	2.632
RP11-499E18.1	RP11-499E18.1	ASO_G0248161_04	45.623	0	10.909	exonic	Nuclear soluble	lncRNA_sense_intronic	2.632
RP11-499E18.1	RP11-499E18.1	ASO_G0248161_06	16.761	0	1.476	exonic	Nuclear soluble	lncRNA_sense_intronic	2.632
RP11-499E18.1	RP11-499E18.1	ASO_G0248161_09	25.944	0	25.36	exonic	Nuclear soluble	lncRNA_sense_intronic	2.632
RP11-500C11.3	RP11-500C11.3	ASO_G0272269_02	26.278	0	-8.917	exonic	Cytoplasmic	lncRNA_divergent	3.085
RP11-500C11.3	RP11-500C11.3	ASO_G0272269_04	57.029	1	25.734	exonic	Cytoplasmic	lncRNA_divergent	3.085
RP11-500C11.3	RP11-500C11.3	ASO_G0272269_05	-2.937	0	25.568	exonic	Cytoplasmic	lncRNA_divergent	3.085
RP11-500C11.3	RP11-500C11.3	ASO_G0272269_06	50.808	1	58.859	exonic	Cytoplasmic	lncRNA_divergent	3.085
RP11-500C11.3	RP11-500C11.3	ASO_G0272269_08	60.395	1	39.706	exonic	Cytoplasmic	lncRNA_divergent	3.085
RP11-500C11.3	RP11-500C11.3	ASO_G0272269_AD_01	22.661	0	-27.388	exonic	Cytoplasmic	lncRNA_divergent	3.085
RP11-500C11.3	RP11-500C11.3	ASO_G0272269_AD_02	17.531	0	0.024	exonic	Cytoplasmic	lncRNA_divergent	3.085
RP11-500C11.3	RP11-500C11.3	ASO_G0272269_AD_03	58.718	0	-31.979	exonic	Cytoplasmic	lncRNA_divergent	3.085
RP11-500C11.3	RP11-500C11.3	ASO_G0272269_AD_08	16.028	0	-5.653	exonic	Cytoplasmic	lncRNA_divergent	3.085
RP11-500C11.3	RP11-500C11.3	ASO_G0272269_AD_10	53.916	0	32.508	exonic	Cytoplasmic	lncRNA_divergent	3.085
RP11-517P14.2	RP11-517P14.2	ASO_G0230555_01	0	0	-10.183	exonic	Cytoplasmic	lncRNA_intergenic	2.176
RP11-517P14.2	RP11-517P14.2	ASO_G0230555_02	0	0	2.535	exonic	Cytoplasmic	lncRNA_intergenic	2.176
RP11-517P14.2	RP11-517P14.2	ASO_G0230555_03	0	0	25.805	exonic	Cytoplasmic	lncRNA_intergenic	2.176
RP11-517P14.2	RP11-517P14.2	ASO_G0230555_06	0	0	22.884	exonic	Cytoplasmic	lncRNA_intergenic	2.176
RP11-517P14.2	RP11-517P14.2	ASO_G0230555_07	0	0	1.543	exonic	Cytoplasmic	lncRNA_intergenic	2.176
RP11-527D7.1	RP11-527D7.1	ASO_G0225554_01	44.779	0	23.672	exonic	Nuclear soluble	lncRNA_intergenic	5.055
RP11-527D7.1	RP11-527D7.1	ASO_G0225554_02	32.987	0	71.193	exonic	Nuclear soluble	lncRNA_intergenic	5.055
RP11-527D7.1	RP11-527D7.1	ASO_G0225554_04	43.066	0	26.377	exonic	Nuclear soluble	lncRNA_intergenic	5.055
RP11-527D7.1	RP11-527D7.1	ASO_G0225554_05	-43.715	0	39.202	exonic	Nuclear soluble	lncRNA_intergenic	5.055
RP11-527D7.1	RP11-527D7.1	ASO_G0225554_07	2.189	0	11.967	exonic	Nuclear soluble	lncRNA_intergenic	5.055
RP11-527D7.1	RP11-527D7.1	ASO_G0225554_AD_01	51.82	0	31.854	intronic	Nuclear soluble	lncRNA_intergenic	5.055
RP11-527D7.1	RP11-527D7.1	ASO_G0225554_AD_03	18.583	0	17.748	intronic	Nuclear soluble	lncRNA_intergenic	5.055
RP11-527D7.1	RP11-527D7.1	ASO_G0225554_AD_04	79.994	1	64.759	intronic	Nuclear soluble	lncRNA_intergenic	5.055
RP11-527D7.1	RP11-527D7.1	ASO_G0225554_AD_05	25.554	0	6.379	intronic	Nuclear soluble	lncRNA_intergenic	5.055
RP11-527D7.1	RP11-527D7.1	ASO_G0225554_AD_06	76.589	1	38.997	intronic	Nuclear soluble	lncRNA_intergenic	5.055
LINC02482	RP11-539L10.3	ASO_G0251580_01	93.108	1	76.974	exonic	Nuclear soluble	lncRNA_divergent	2.92
LINC02482	RP11-539L10.3	ASO_G0251580_05	79.517	0	22.324	exonic	Nuclear soluble	lncRNA_divergent	2.92
LINC02482	RP11-539L10.3	ASO_G0251580_07	82.744	0	24.556	exonic	Nuclear soluble	lncRNA_divergent	2.92
LINC02482	RP11-539L10.3	ASO_G0251580_08	67.52	0	-6.739	exonic	Nuclear soluble	lncRNA_divergent	2.92
LINC02482	RP11-539L10.3	ASO_G0251580_10	66.91	0	17.946	exonic	Nuclear soluble	lncRNA_divergent	2.92
LINC02482	RP11-539L10.3	ASO_G0251580_AD_01	70.187	1	97.973	exonic	Nuclear soluble	lncRNA_divergent	2.92
LINC02482	RP11-539L10.3	ASO_G0251580_AD_03	16.378	0	95.152	exonic	Nuclear soluble	lncRNA_divergent	2.92
LINC02482	RP11-539L10.3	ASO_G0251580_AD_05	73.424	1	94.714	exonic	Nuclear soluble	lncRNA_divergent	2.92
LINC02482	RP11-539L10.3	ASO_G0251580_AD_09	37.672	0	97.609	exonic	Nuclear soluble	lncRNA_divergent	2.92
LINC02482	RP11-539L10.3	ASO_G0251580_AD_10	19.92	0	95.335	exonic	Nuclear soluble	lncRNA_divergent	2.92
LINC02709	RP11-540A21.2	ASO_G0245522_04	26.664	0	23.614	exonic	Nuclear soluble	lncRNA_intergenic	4.014
LINC02709	RP11-540A21.2	ASO_G0245522_05	37.008	0	14.5	exonic	Nuclear soluble	lncRNA_intergenic	4.014
LINC02709	RP11-540A21.2	ASO_G0245522_07	33.963	0	26.087	exonic	Nuclear soluble	lncRNA_intergenic	4.014
LINC02709	RP11-540A21.2	ASO_G0245522_10	39.498	0	37.005	exonic	Nuclear soluble	lncRNA_intergenic	4.014
RP11-545E17.3	RP11-545E17.3	ASO_G0223478_01	68.135	1	14.551	exonic	Cytoplasmic	lncRNA_divergent	7.394
RP11-545E17.3	RP11-545E17.3	ASO_G0223478_02	57.896	1	48.613	exonic	Cytoplasmic	lncRNA_divergent	7.394
RP11-545E17.3	RP11-545E17.3	ASO_G0223478_03	75.637	1	70.96	exonic	Cytoplasmic	lncRNA_divergent	7.394
RP11-545E17.3	RP11-545E17.3	ASO_G0223478_05	55.11	1	37.831	exonic	Cytoplasmic	lncRNA_divergent	7.394
RP11-545E17.3	RP11-545E17.3	ASO_G0223478_07	55.609	1	47.939	exonic	Cytoplasmic	lncRNA_divergent	7.394
RP11-545E17.3	RP11-545E17.3	ASO_G0223478_AD_01	0	0	5.927	exonic	Cytoplasmic	lncRNA_divergent	7.394
RP11-545E17.3	RP11-545E17.3	ASO_G0223478_AD_06	0	0	45.87	exonic	Cytoplasmic	lncRNA_divergent	7.394
RP11-545E17.3	RP11-545E17.3	ASO_G0223478_AD_07	0	0	38.102	exonic	Cytoplasmic	lncRNA_divergent	7.394
RP11-545E17.3	RP11-545E17.3	ASO_G0223478_AD_08	0	0	19.06	exonic	Cytoplasmic	lncRNA_divergent	7.394
RP11-545E17.3	RP11-545E17.3	ASO_G0223478_AD_09	0	0	12.167	exonic	Cytoplasmic	lncRNA_divergent	7.394
LNCOG	RP11-54A9.1	ASO_G0257219_01	71.81	1	40.265	exonic	Cytoplasmic	lncRNA_intergenic	8.683
LNCOG	RP11-54A9.1	ASO_G0257219_03	7.23	0	25.033	exonic	Cytoplasmic	lncRNA_intergenic	8.683
LNCOG	RP11-54A9.1	ASO_G0257219_07	-15.973	0	34.972	exonic	Cytoplasmic	lncRNA_intergenic	8.683
LNCOG	RP11-54A9.1	ASO_G0257219_09	85.278	1	67.772	exonic	Cytoplasmic	lncRNA_intergenic	8.683
LNCOG	RP11-54A9.1	ASO_G0257219_10	2.502	0	27.431	intronic	Cytoplasmic	lncRNA_intergenic	8.683
LNCOG	RP11-54A9.1	ASO_G0257219_AD_03	48.892	0	-20.018	intronic	Cytoplasmic	lncRNA_intergenic	8.683
LNCOG	RP11-54A9.1	ASO_G0257219_AD_04	81.306	1	84.244	intronic	Cytoplasmic	lncRNA_intergenic	8.683
LNCOG	RP11-54A9.1	ASO_G0257219_AD_05	89.979	1	87.471	intronic	Cytoplasmic	lncRNA_intergenic	8.683
LNCOG	RP11-54A9.1	ASO_G0257219_AD_10	89.605	1	91.703	intronic	Cytoplasmic	lncRNA_intergenic	8.683
RP11-550I24.2	RP11-550I24.2	ASO_G0243176_01	0	0	50.549	exonic	Chromatin bound	lncRNA_antisense	4.842
RP11-550I24.2	RP11-550I24.2	ASO_G0243176_02	0	0	32.675	exonic	Chromatin bound	lncRNA_antisense	4.842
RP11-550I24.2	RP11-550I24.2	ASO_G0243176_04	0	0	43.474	exonic	Chromatin bound	lncRNA_antisense	4.842
RP11-550I24.2	RP11-550I24.2	ASO_G0243176_05	0	0	31.916	exonic	Chromatin bound	lncRNA_antisense	4.842
RP11-550I24.2	RP11-550I24.2	ASO_G0243176_08	0	0	30.063	exonic	Chromatin bound	lncRNA_antisense	4.842
RP11-553K8.5	RP11-553K8.5	ASO_G0261573_01	0	0	53.758	exonic	Nuclear soluble	lncRNA_antisense	1.561
RP11-553K8.5	RP11-553K8.5	ASO_G0261573_02	0	0	58.518	exonic	Nuclear soluble	lncRNA_antisense	1.561
RP11-553K8.5	RP11-553K8.5	ASO_G0261573_03	0	0	56.144	exonic	Nuclear soluble	lncRNA_antisense	1.561
RP11-553K8.5	RP11-553K8.5	ASO_G0261573_04	0	0	7.906	exonic	Nuclear soluble	lncRNA_antisense	1.561
RP11-553K8.5	RP11-553K8.5	ASO_G0261573_08	0	1	37.275	exonic	Nuclear soluble	lncRNA_antisense	1.561
RP11-553K8.5	RP11-553K8.5	ASO_G0261573_AD_01	23.254	0	4.078	intronic	Nuclear soluble	lncRNA_antisense	1.561
RP11-553K8.5	RP11-553K8.5	ASO_G0261573_AD_03	28.621	0	5.087	intronic	Nuclear soluble	lncRNA_antisense	1.561
RP11-553K8.5	RP11-553K8.5	ASO_G0261573_AD_04	60.857	1	84.642	exonic	Nuclear soluble	lncRNA_antisense	1.561
RP11-553K8.5	RP11-553K8.5	ASO_G0261573_AD_05	21.316	0	30.889	exonic	Nuclear soluble	lncRNA_antisense	1.561
RP11-553K8.5	RP11-553K8.5	ASO_G0261573_AD_06	28.808	0	87.385	intronic	Nuclear soluble	lncRNA_antisense	1.561
PIK3CD-AS2	RP11-558F24.4	ASO_G0231789_01	59.576	0	40.558	exonic	Cytoplasmic	lncRNA_divergent	5.412
PIK3CD-AS2	RP11-558F24.4	ASO_G0231789_02	-11.305	0	1.481	exonic	Cytoplasmic	lncRNA_divergent	5.412
PIK3CD-AS2	RP11-558F24.4	ASO_G0231789_07	31.971	0	23.112	exonic	Cytoplasmic	lncRNA_divergent	5.412
PIK3CD-AS2	RP11-558F24.4	ASO_G0231789_08	5.986	0	35.224	exonic	Cytoplasmic	lncRNA_divergent	5.412
PIK3CD-AS2	RP11-558F24.4	ASO_G0231789_09	31.674	0	31.898	exonic	Cytoplasmic	lncRNA_divergent	5.412
ADAMTS7P4	RP11-561C5.5	ASO_G0218052_01	48.27	1	45.133	exonic	Cytoplasmic	pseudogene	6.515
ADAMTS7P4	RP11-561C5.5	ASO_G0218052_02	-0.063	0	30.357	exonic	Cytoplasmic	pseudogene	6.515
ADAMTS7P4	RP11-561C5.5	ASO_G0218052_03	27.954	0	11.806	exonic	Cytoplasmic	pseudogene	6.515
ADAMTS7P4	RP11-561C5.5	ASO_G0218052_05	43.874	0	9.431	exonic	Cytoplasmic	pseudogene	6.515
ADAMTS7P4	RP11-561C5.5	ASO_G0218052_06	15.775	0	27.315	exonic	Cytoplasmic	pseudogene	6.515
PRANCR	RP11-611E13.2	ASO_G0257815_01	95.476	1	83.277	exonic	Cytoplasmic	lncRNA_divergent	2.71
PRANCR	RP11-611E13.2	ASO_G0257815_02	37.601	0	-12.351	exonic	Cytoplasmic	lncRNA_divergent	2.71
PRANCR	RP11-611E13.2	ASO_G0257815_03	32.931	0	-44.768	exonic	Cytoplasmic	lncRNA_divergent	2.71
PRANCR	RP11-611E13.2	ASO_G0257815_04	49.153	1	17.499	exonic	Cytoplasmic	lncRNA_divergent	2.71
PRANCR	RP11-611E13.2	ASO_G0257815_05	1.427	0	15.46	exonic	Cytoplasmic	lncRNA_divergent	2.71
PRANCR	RP11-611E13.2	ASO_G0257815_AD_01	64.2	1	45.688	intronic	Cytoplasmic	lncRNA_divergent	2.71
PRANCR	RP11-611E13.2	ASO_G0257815_AD_03	70.931	1	53.436	exonic	Cytoplasmic	lncRNA_divergent	2.71
PRANCR	RP11-611E13.2	ASO_G0257815_AD_04	9.572	0	9.833	exonic	Cytoplasmic	lncRNA_divergent	2.71
GIHCG	RP11-620J15.3	ASO_G0257698_01	38.796	0	38.213	exonic	Cytoplasmic	lncRNA_divergent	23.757
GIHCG	RP11-620J15.3	ASO_G0257698_03	39.56	0	25.993	exonic	Cytoplasmic	lncRNA_divergent	23.757
GIHCG	RP11-620J15.3	ASO_G0257698_04	44.973	1	44.443	exonic	Cytoplasmic	lncRNA_divergent	23.757
GIHCG	RP11-620J15.3	ASO_G0257698_05	40.308	0	28.481	exonic	Cytoplasmic	lncRNA_divergent	23.757
GIHCG	RP11-620J15.3	ASO_G0257698_07	24.958	0	30.736	exonic	Cytoplasmic	lncRNA_divergent	23.757
NBDY	RP11-622K12.1	ASO_G0204272_01	53.731	1	51.275	exonic	Cytoplasmic	lncRNA_intergenic	38.966
NBDY	RP11-622K12.1	ASO_G0204272_03	85.045	1	71.712	exonic	Cytoplasmic	lncRNA_intergenic	38.966
NBDY	RP11-622K12.1	ASO_G0204272_04	64.938	1	84.372	exonic	Cytoplasmic	lncRNA_intergenic	38.966
NBDY	RP11-622K12.1	ASO_G0204272_05	49.674	1	39.32	exonic	Cytoplasmic	lncRNA_intergenic	38.966
NBDY	RP11-622K12.1	ASO_G0204272_06	27.029	0	37.453	exonic	Cytoplasmic	lncRNA_intergenic	38.966
RP11-656D10.3	RP11-656D10.3	ASO_G0238287_02	84.05	1	56.239	exonic	Chromatin bound	lncRNA_divergent	2.719
RP11-656D10.3	RP11-656D10.3	ASO_G0238287_03	6.394	0	-23.512	exonic	Chromatin bound	lncRNA_divergent	2.719
RP11-656D10.3	RP11-656D10.3	ASO_G0238287_04	54.668	1	20.092	exonic	Chromatin bound	lncRNA_divergent	2.719
RP11-656D10.3	RP11-656D10.3	ASO_G0238287_05	29.587	0	-19.862	exonic	Chromatin bound	lncRNA_divergent	2.719
RP11-656D10.3	RP11-656D10.3	ASO_G0238287_07	6.967	0	-15.623	exonic	Chromatin bound	lncRNA_divergent	2.719
LINC01503	RP11-65J3.1	ASO_G0233901_02	97.516	1	71.984	exonic	Cytoplasmic	lncRNA_intergenic	3.003
LINC01503	RP11-65J3.1	ASO_G0233901_03	81.725	1	52.665	exonic	Cytoplasmic	lncRNA_intergenic	3.003
LINC01503	RP11-65J3.1	ASO_G0233901_04	98.719	1	85.726	exonic	Cytoplasmic	lncRNA_intergenic	3.003
LINC01503	RP11-65J3.1	ASO_G0233901_05	58.313	1	90.075	exonic	Cytoplasmic	lncRNA_intergenic	3.003
LINC01503	RP11-65J3.1	ASO_G0233901_07	14.562	0	16.471	exonic	Cytoplasmic	lncRNA_intergenic	3.003
RP11-660L16.2	RP11-660L16.2	ASO_G0254682_02	47.564	1	55.288	exonic	Nuclear soluble	lncRNA_divergent	10.62
RP11-660L16.2	RP11-660L16.2	ASO_G0254682_03	55.794	1	43.698	exonic	Nuclear soluble	lncRNA_divergent	10.62
RP11-660L16.2	RP11-660L16.2	ASO_G0254682_04	66.457	1	30.096	exonic	Nuclear soluble	lncRNA_divergent	10.62
RP11-660L16.2	RP11-660L16.2	ASO_G0254682_06	38.057	0	54.838	exonic	Nuclear soluble	lncRNA_divergent	10.62
RP11-660L16.2	RP11-660L16.2	ASO_G0254682_09	-15.072	0	25.512	exonic	Nuclear soluble	lncRNA_divergent	10.62
RP11-660L16.2	RP11-660L16.2	ASO_G0254682_AD_01	0	0	1.822	exonic	Nuclear soluble	lncRNA_divergent	10.62
RP11-660L16.2	RP11-660L16.2	ASO_G0254682_AD_04	0	0	27.054	exonic	Nuclear soluble	lncRNA_divergent	10.62
RP11-660L16.2	RP11-660L16.2	ASO_G0254682_AD_07	0	0	-14633.441	exonic	Nuclear soluble	lncRNA_divergent	10.62
RP11-660L16.2	RP11-660L16.2	ASO_G0254682_AD_09	0	0	21.786	exonic	Nuclear soluble	lncRNA_divergent	10.62
RP11-660L16.2	RP11-660L16.2	ASO_G0254682_AD_10	0	0	41.304	exonic	Nuclear soluble	lncRNA_divergent	10.62
GACAT2	RP11-674N23.1	ASO_G0265962_01	61.793	1	25.703	exonic	Cytoplasmic	lncRNA_divergent	0.606
GACAT2	RP11-674N23.1	ASO_G0265962_02	65.987	1	-11.88	exonic	Cytoplasmic	lncRNA_divergent	0.606
GACAT2	RP11-674N23.1	ASO_G0265962_04	63.901	1	34.782	exonic	Cytoplasmic	lncRNA_divergent	0.606
GACAT2	RP11-674N23.1	ASO_G0265962_05	63.595	1	30.419	exonic	Cytoplasmic	lncRNA_divergent	0.606
GACAT2	RP11-674N23.1	ASO_G0265962_06	54.476	1	15.49	exonic	Cytoplasmic	lncRNA_divergent	0.606
CASP4LP	RP11-693N9.2	ASO_G0235505_01	57.249	1	74.097	exonic	Cytoplasmic	pseudogene	1.848
CASP4LP	RP11-693N9.2	ASO_G0235505_02	21.241	0	20.887	exonic	Cytoplasmic	pseudogene	1.848
CASP4LP	RP11-693N9.2	ASO_G0235505_03	20.773	0	39.369	exonic	Cytoplasmic	pseudogene	1.848
CASP4LP	RP11-693N9.2	ASO_G0235505_04	-19.909	0	24.871	exonic	Cytoplasmic	pseudogene	1.848
CASP4LP	RP11-693N9.2	ASO_G0235505_10	14.17	0	42.4	exonic	Cytoplasmic	pseudogene	1.848
CASP4LP	RP11-693N9.2	ASO_G0235505_AD_01	0	0	15.181	intronic	Cytoplasmic	pseudogene	1.848
CASP4LP	RP11-693N9.2	ASO_G0235505_AD_02	0	0	33.667	intronic	Cytoplasmic	pseudogene	1.848
CASP4LP	RP11-693N9.2	ASO_G0235505_AD_06	0	0	36.924	intronic	Cytoplasmic	pseudogene	1.848
CASP4LP	RP11-693N9.2	ASO_G0235505_AD_08	0	0	35.241	intronic	Cytoplasmic	pseudogene	1.848
CASP4LP	RP11-693N9.2	ASO_G0235505_AD_10	0	0	51.699	intronic	Cytoplasmic	pseudogene	1.848
RP11-6N17.4	RP11-6N17.4	ASO_G0264920_01	40.978	0	19.594	exonic	Cytoplasmic	lncRNA_divergent	3.632
RP11-6N17.4	RP11-6N17.4	ASO_G0264920_03	23.356	0	14.476	exonic	Cytoplasmic	lncRNA_divergent	3.632
RP11-6N17.4	RP11-6N17.4	ASO_G0264920_06	44.574	0	75.476	exonic	Cytoplasmic	lncRNA_divergent	3.632
RP11-6N17.4	RP11-6N17.4	ASO_G0264920_07	22.467	0	5.322	exonic	Cytoplasmic	lncRNA_divergent	3.632
RP11-6N17.4	RP11-6N17.4	ASO_G0264920_08	51.133	0	22.529	exonic	Cytoplasmic	lncRNA_divergent	3.632
RP11-6N17.4	RP11-6N17.4	ASO_G0264920_AD_02	0	1	76.559	exonic	Cytoplasmic	lncRNA_divergent	3.632
RP11-6N17.4	RP11-6N17.4	ASO_G0264920_AD_03	0	0	23.718	exonic	Cytoplasmic	lncRNA_divergent	3.632
RP11-6N17.4	RP11-6N17.4	ASO_G0264920_AD_04	0	0	49.252	exonic	Cytoplasmic	lncRNA_divergent	3.632
RP11-6N17.4	RP11-6N17.4	ASO_G0264920_AD_05	0	0	-4.343	exonic	Cytoplasmic	lncRNA_divergent	3.632
RP11-6N17.4	RP11-6N17.4	ASO_G0264920_AD_06	0	0	65.764	exonic	Cytoplasmic	lncRNA_divergent	3.632
RP11-727A23.5	RP11-727A23.5	ASO_G0247137_01	48.662	0	24.125	exonic	Chromatin bound	lncRNA_divergent	4.929
RP11-727A23.5	RP11-727A23.5	ASO_G0247137_03	86.261	1	-1.381	exonic	Chromatin bound	lncRNA_divergent	4.929
RP11-727A23.5	RP11-727A23.5	ASO_G0247137_04	76.585	1	8.371	exonic	Chromatin bound	lncRNA_divergent	4.929
RP11-727A23.5	RP11-727A23.5	ASO_G0247137_05	76.289	1	35.625	exonic	Chromatin bound	lncRNA_divergent	4.929
RP11-727A23.5	RP11-727A23.5	ASO_G0247137_09	52.174	0	24.284	exonic	Chromatin bound	lncRNA_divergent	4.929
TMC3-AS1	RP11-761I4.3	ASO_G0259343_01	1.505	0	54.303	exonic	Cytoplasmic	lncRNA_divergent	3.277
TMC3-AS1	RP11-761I4.3	ASO_G0259343_04	22.094	0	22.172	exonic	Cytoplasmic	lncRNA_divergent	3.277
TMC3-AS1	RP11-761I4.3	ASO_G0259343_05	28.201	0	38.952	exonic	Cytoplasmic	lncRNA_divergent	3.277
TMC3-AS1	RP11-761I4.3	ASO_G0259343_06	48.443	0	44.244	exonic	Cytoplasmic	lncRNA_divergent	3.277
TMC3-AS1	RP11-761I4.3	ASO_G0259343_09	-2.866	0	34.192	exonic	Cytoplasmic	lncRNA_divergent	3.277
FRG1JP	RP11-764K9.4	ASO_G0215548_01	31.017	0	13.164	exonic	Cytoplasmic	pseudogene	5.061
FRG1JP	RP11-764K9.4	ASO_G0215548_03	8.739	0	8.998	exonic	Cytoplasmic	pseudogene	5.061
FRG1JP	RP11-764K9.4	ASO_G0215548_04	44.364	0	41.223	exonic	Cytoplasmic	pseudogene	5.061
FRG1JP	RP11-764K9.4	ASO_G0215548_05	0	0	0	exonic	Cytoplasmic	pseudogene	5.061
PPP1R14B-AS1	RP11-783K16.5	ASO_G0256940_01	35.482	0	-6.172	exonic	Cytoplasmic	lncRNA_divergent	26.763
PPP1R14B-AS1	RP11-783K16.5	ASO_G0256940_02	32.862	0	-7.048	exonic	Cytoplasmic	lncRNA_divergent	26.763
PPP1R14B-AS1	RP11-783K16.5	ASO_G0256940_03	52.978	1	49.719	exonic	Cytoplasmic	lncRNA_divergent	26.763
PPP1R14B-AS1	RP11-783K16.5	ASO_G0256940_04	74.51	1	45.185	exonic	Cytoplasmic	lncRNA_divergent	26.763
PPP1R14B-AS1	RP11-783K16.5	ASO_G0256940_09	37.568	0	18.286	exonic	Cytoplasmic	lncRNA_divergent	26.763
LINC02381	RP11-834C11.4	ASO_G0250742_01	25.383	0	55.469	exonic	Cytoplasmic	lncRNA_intergenic	14.189
LINC02381	RP11-834C11.4	ASO_G0250742_02	26.242	0	-8.651	exonic	Cytoplasmic	lncRNA_intergenic	14.189
LINC02381	RP11-834C11.4	ASO_G0250742_03	27.67	0	-4.415	exonic	Cytoplasmic	lncRNA_intergenic	14.189
LINC02381	RP11-834C11.4	ASO_G0250742_04	29.882	0	9.999	exonic	Cytoplasmic	lncRNA_intergenic	14.189
LINC02381	RP11-834C11.4	ASO_G0250742_05	59.279	1	29.991	exonic	Cytoplasmic	lncRNA_intergenic	14.189
LINC02381	RP11-834C11.4	ASO_G0250742_AD_01	-1.238	0	11.108	intronic	Cytoplasmic	lncRNA_intergenic	14.189
LINC02381	RP11-834C11.4	ASO_G0250742_AD_02	11.139	0	39.613	intronic	Cytoplasmic	lncRNA_intergenic	14.189
LINC02381	RP11-834C11.4	ASO_G0250742_AD_04	81.666	1	71.353	exonic	Cytoplasmic	lncRNA_intergenic	14.189
LINC02381	RP11-834C11.4	ASO_G0250742_AD_05	79.939	1	69.513	exonic	Cytoplasmic	lncRNA_intergenic	14.189
LINC02381	RP11-834C11.4	ASO_G0250742_AD_09	37.044	0	50.376	exonic	Cytoplasmic	lncRNA_intergenic	14.189
SRP54-AS1	RP11-85K15.2	ASO_G0258704_01	59.157	0	21.947	exonic	Chromatin bound	lncRNA_divergent	7.967
SRP54-AS1	RP11-85K15.2	ASO_G0258704_03	50.446	0	47.55	exonic	Chromatin bound	lncRNA_divergent	7.967
SRP54-AS1	RP11-85K15.2	ASO_G0258704_04	76.083	1	35.501	exonic	Chromatin bound	lncRNA_divergent	7.967
SRP54-AS1	RP11-85K15.2	ASO_G0258704_05	37.796	0	15.493	exonic	Chromatin bound	lncRNA_divergent	7.967
SRP54-AS1	RP11-85K15.2	ASO_G0258704_09	85.69	1	78.179	exonic	Chromatin bound	lncRNA_divergent	7.967
SRP54-AS1	RP11-85K15.2	ASO_G0258704_AD_01	56.25	0	47.78	exonic	Chromatin bound	lncRNA_divergent	7.967
SRP54-AS1	RP11-85K15.2	ASO_G0258704_AD_02	49.706	0	12.864	exonic	Chromatin bound	lncRNA_divergent	7.967
SRP54-AS1	RP11-85K15.2	ASO_G0258704_AD_04	72.383	1	30.801	exonic	Chromatin bound	lncRNA_divergent	7.967
SRP54-AS1	RP11-85K15.2	ASO_G0258704_AD_06	77.598	1	53.653	exonic	Chromatin bound	lncRNA_divergent	7.967
SRP54-AS1	RP11-85K15.2	ASO_G0258704_AD_07	82.575	1	54.319	exonic	Chromatin bound	lncRNA_divergent	7.967
RP11-863P13.3	RP11-863P13.3	ASO_G0261327_01	23.858	0	27.886	exonic	Nuclear soluble	lncRNA_intergenic	2.163
RP11-863P13.3	RP11-863P13.3	ASO_G0261327_02	44.788	1	39.557	exonic	Nuclear soluble	lncRNA_intergenic	2.163
RP11-863P13.3	RP11-863P13.3	ASO_G0261327_05	87.099	1	57.153	exonic	Nuclear soluble	lncRNA_intergenic	2.163
RP11-863P13.3	RP11-863P13.3	ASO_G0261327_09	66.768	1	12.035	exonic	Nuclear soluble	lncRNA_intergenic	2.163
RP11-863P13.3	RP11-863P13.3	ASO_G0261327_10	55.828	1	21.668	exonic	Nuclear soluble	lncRNA_intergenic	2.163
RP11-863P13.3	RP11-863P13.3	ASO_G0261327_AD_04	47.393	0	16.054	exonic	Nuclear soluble	lncRNA_intergenic	2.163
RP11-863P13.3	RP11-863P13.3	ASO_G0261327_AD_05	63.497	1	9.648	exonic	Nuclear soluble	lncRNA_intergenic	2.163
RP11-863P13.3	RP11-863P13.3	ASO_G0261327_AD_06	47.019	1	49.066	exonic	Nuclear soluble	lncRNA_intergenic	2.163
RP11-863P13.3	RP11-863P13.3	ASO_G0261327_AD_07	60.963	1	31.347	exonic	Nuclear soluble	lncRNA_intergenic	2.163
RP11-863P13.3	RP11-863P13.3	ASO_G0261327_AD_10	33.289	0	24.86	exonic	Nuclear soluble	lncRNA_intergenic	2.163
RP11-879F14.2	RP11-879F14.2	ASO_G0267279_01	66.227	1	34.396	exonic	Chromatin bound	lncRNA_sense_intronic	12.063
RP11-879F14.2	RP11-879F14.2	ASO_G0267279_04	21.538	0	-1.693	exonic	Chromatin bound	lncRNA_sense_intronic	12.063
RP11-879F14.2	RP11-879F14.2	ASO_G0267279_05	21.718	0	14.364	exonic	Chromatin bound	lncRNA_sense_intronic	12.063
RP11-879F14.2	RP11-879F14.2	ASO_G0267279_06	41.028	0	17.243	exonic	Chromatin bound	lncRNA_sense_intronic	12.063
RP11-879F14.2	RP11-879F14.2	ASO_G0267279_07	20.588	0	21.578	exonic	Chromatin bound	lncRNA_sense_intronic	12.063
LINC01569	RP11-95P2.1	ASO_G0262468_01	42.506	0	55.665	exonic	Nuclear soluble	lncRNA_intergenic	1.559
LINC01569	RP11-95P2.1	ASO_G0262468_02	43.187	1	76.887	exonic	Nuclear soluble	lncRNA_intergenic	1.559
LINC01569	RP11-95P2.1	ASO_G0262468_04	51.248	0	60.234	exonic	Nuclear soluble	lncRNA_intergenic	1.559
LINC01569	RP11-95P2.1	ASO_G0262468_05	9.448	0	12.839	exonic	Nuclear soluble	lncRNA_intergenic	1.559
LINC01569	RP11-95P2.1	ASO_G0262468_07	37.62	0	54.317	exonic	Nuclear soluble	lncRNA_intergenic	1.559
LINC01569	RP11-95P2.1	ASO_G0262468_AD_02	59.661	1	40.378	exonic	Nuclear soluble	lncRNA_intergenic	1.559
LINC01569	RP11-95P2.1	ASO_G0262468_AD_03	83.044	1	-22.136	exonic	Nuclear soluble	lncRNA_intergenic	1.559
LINC01569	RP11-95P2.1	ASO_G0262468_AD_04	65.954	1	-43.632	exonic	Nuclear soluble	lncRNA_intergenic	1.559
LINC01569	RP11-95P2.1	ASO_G0262468_AD_05	89.696	1	52.101	exonic	Nuclear soluble	lncRNA_intergenic	1.559
LINC01569	RP11-95P2.1	ASO_G0262468_AD_07	88.128	1	35.065	exonic	Nuclear soluble	lncRNA_intergenic	1.559
RP11-977G19.11	RP11-977G19.11	ASO_G0257303_02	30.494	0	28.776	exonic	Chromatin bound	lncRNA_divergent	4.991
RP11-977G19.11	RP11-977G19.11	ASO_G0257303_03	13.067	0	19.668	exonic	Chromatin bound	lncRNA_divergent	4.991
RP11-977G19.11	RP11-977G19.11	ASO_G0257303_04	54.595	0	54.748	exonic	Chromatin bound	lncRNA_divergent	4.991
RP11-977G19.11	RP11-977G19.11	ASO_G0257303_06	2.679	0	13.452	exonic	Chromatin bound	lncRNA_divergent	4.991
RP11-977G19.11	RP11-977G19.11	ASO_G0257303_08	41.734	0	34.434	exonic	Chromatin bound	lncRNA_divergent	4.991
RP13-20L14.6	RP13-20L14.6	ASO_G0265458_01	33.041	0	21.652	exonic	Cytoplasmic	lncRNA_divergent	1.411
RP13-20L14.6	RP13-20L14.6	ASO_G0265458_02	33.459	0	20.141	exonic	Cytoplasmic	lncRNA_divergent	1.411
RP13-20L14.6	RP13-20L14.6	ASO_G0265458_07	63.805	1	51.84	exonic	Cytoplasmic	lncRNA_divergent	1.411
RP13-20L14.6	RP13-20L14.6	ASO_G0265458_09	40.106	0	35.925	exonic	Cytoplasmic	lncRNA_divergent	1.411
RP13-20L14.6	RP13-20L14.6	ASO_G0265458_10	61.726	1	56.798	exonic	Cytoplasmic	lncRNA_divergent	1.411
RP13-20L14.6	RP13-20L14.6	ASO_G0265458_AD_01	10.796	0	7.072	exonic	Cytoplasmic	lncRNA_divergent	1.411
RP13-20L14.6	RP13-20L14.6	ASO_G0265458_AD_03	71.744	1	74.296	intronic	Cytoplasmic	lncRNA_divergent	1.411
RP13-20L14.6	RP13-20L14.6	ASO_G0265458_AD_06	42.747	0	30.163	exonic	Cytoplasmic	lncRNA_divergent	1.411
RP13-20L14.6	RP13-20L14.6	ASO_G0265458_AD_07	63.635	1	11.766	exonic	Cytoplasmic	lncRNA_divergent	1.411
RP13-20L14.6	RP13-20L14.6	ASO_G0265458_AD_08	6.368	0	-8.315	exonic	Cytoplasmic	lncRNA_divergent	1.411
LASTR	RP13-463N16.6	ASO_G0242147_01	70.598	1	35.962	exonic	Cytoplasmic	lncRNA_intergenic	4.549
LASTR	RP13-463N16.6	ASO_G0242147_05	72.73	1	77.561	exonic	Cytoplasmic	lncRNA_intergenic	4.549
LASTR	RP13-463N16.6	ASO_G0242147_07	48.466	1	78.139	exonic	Cytoplasmic	lncRNA_intergenic	4.549
LASTR	RP13-463N16.6	ASO_G0242147_08	-49.019	0	12.617	exonic	Cytoplasmic	lncRNA_intergenic	4.549
MINCR	RP13-582O9.5	ASO_G0253716_01	28.282	0	17.071	exonic	Nuclear soluble	lncRNA_divergent	6.165
MINCR	RP13-582O9.5	ASO_G0253716_04	-20.737	0	13.99	exonic	Nuclear soluble	lncRNA_divergent	6.165
MINCR	RP13-582O9.5	ASO_G0253716_06	34.87	0	10.358	exonic	Nuclear soluble	lncRNA_divergent	6.165
MINCR	RP13-582O9.5	ASO_G0253716_07	50.127	0	27.381	exonic	Nuclear soluble	lncRNA_divergent	6.165
TPTEP2	RP3-449O17.1	ASO_G0244627_01	33.408	0	44.405	exonic	Chromatin bound	pseudogene	20.043
TPTEP2	RP3-449O17.1	ASO_G0244627_03	32.492	0	33.472	exonic	Chromatin bound	pseudogene	20.043
TPTEP2	RP3-449O17.1	ASO_G0244627_05	46.211	0	35.765	exonic	Chromatin bound	pseudogene	20.043
TPTEP2	RP3-449O17.1	ASO_G0244627_06	29.071	0	4.273	exonic	Chromatin bound	pseudogene	20.043
TPTEP2	RP3-449O17.1	ASO_G0244627_08	45.833	1	29.513	exonic	Chromatin bound	pseudogene	20.043
MIR34AHG	RP3-510D11.1	ASO_G0228526_01	45.96	0	-10.188	exonic	Chromatin bound	lncRNA_intergenic	2.822
MIR34AHG	RP3-510D11.1	ASO_G0228526_02	45.589	0	4.27	exonic	Chromatin bound	lncRNA_intergenic	2.822
MIR34AHG	RP3-510D11.1	ASO_G0228526_03	57.165	0	10.945	exonic	Chromatin bound	lncRNA_intergenic	2.822
MIR34AHG	RP3-510D11.1	ASO_G0228526_06	64.557	1	-11.183	exonic	Chromatin bound	lncRNA_intergenic	2.822
MIR34AHG	RP3-510D11.1	ASO_G0228526_10	63.246	1	65.959	exonic	Chromatin bound	lncRNA_intergenic	2.822
MIR34AHG	RP3-510D11.1	ASO_G0228526_AD_01	17.506	0	-23.838	intronic	Chromatin bound	lncRNA_intergenic	2.822
MIR34AHG	RP3-510D11.1	ASO_G0228526_AD_03	-20.206	0	-56.42	exonic	Chromatin bound	lncRNA_intergenic	2.822
MIR34AHG	RP3-510D11.1	ASO_G0228526_AD_04	-14.867	0	-61.794	exonic	Chromatin bound	lncRNA_intergenic	2.822
MIR34AHG	RP3-510D11.1	ASO_G0228526_AD_05	60.453	1	37.441	exonic	Chromatin bound	lncRNA_intergenic	2.822
MIR34AHG	RP3-510D11.1	ASO_G0228526_AD_10	-22.514	0	3.779	exonic	Chromatin bound	lncRNA_intergenic	2.822
LNCTAM34A	RP3-510D11.2	ASO_G0234546_01	86.1	1	67.037	exonic	Chromatin bound	lncRNA_divergent	3.505
LNCTAM34A	RP3-510D11.2	ASO_G0234546_02	95.291	1	81.73	exonic	Chromatin bound	lncRNA_divergent	3.505
LNCTAM34A	RP3-510D11.2	ASO_G0234546_03	76.285	1	35.855	exonic	Chromatin bound	lncRNA_divergent	3.505
LNCTAM34A	RP3-510D11.2	ASO_G0234546_05	6.162	0	26.831	exonic	Chromatin bound	lncRNA_divergent	3.505
LNCTAM34A	RP3-510D11.2	ASO_G0234546_07	25.512	0	70.013	exonic	Chromatin bound	lncRNA_divergent	3.505
LNCTAM34A	RP3-510D11.2	ASO_G0234546_AD_04	12.89	0	65.58	exonic	Chromatin bound	lncRNA_divergent	3.505
LNCTAM34A	RP3-510D11.2	ASO_G0234546_AD_05	-2.573	0	60.456	exonic	Chromatin bound	lncRNA_divergent	3.505
LNCTAM34A	RP3-510D11.2	ASO_G0234546_AD_06	23.03	0	61.146	exonic	Chromatin bound	lncRNA_divergent	3.505
LNCTAM34A	RP3-510D11.2	ASO_G0234546_AD_07	0.186	0	0	exonic	Chromatin bound	lncRNA_divergent	3.505
LNCTAM34A	RP3-510D11.2	ASO_G0234546_AD_09	11.902	0	85.419	exonic	Chromatin bound	lncRNA_divergent	3.505
LINC01357	RP3-522D1.1	ASO_G0224167_01	64.281	1	25.714	exonic	Chromatin bound	lncRNA_intergenic	0.88
LINC01357	RP3-522D1.1	ASO_G0224167_04	-7.11	0	17.613	exonic	Chromatin bound	lncRNA_intergenic	0.88
LINC01357	RP3-522D1.1	ASO_G0224167_05	48.108	0	16.9	exonic	Chromatin bound	lncRNA_intergenic	0.88
LINC01357	RP3-522D1.1	ASO_G0224167_06	34.15	0	8.362	exonic	Chromatin bound	lncRNA_intergenic	0.88
LINC01357	RP3-522D1.1	ASO_G0224167_09	63.26	1	25.557	exonic	Chromatin bound	lncRNA_intergenic	0.88
ZNF337-AS1	RP4-694B14.5	ASO_G0213742_01	84.264	1	39.949	exonic	Chromatin bound	lncRNA_divergent	3.175
ZNF337-AS1	RP4-694B14.5	ASO_G0213742_02	65.84	1	22.433	exonic	Chromatin bound	lncRNA_divergent	3.175
ZNF337-AS1	RP4-694B14.5	ASO_G0213742_05	20.114	0	16.025	exonic	Chromatin bound	lncRNA_divergent	3.175
ZNF337-AS1	RP4-694B14.5	ASO_G0213742_06	59.005	0	46.612	exonic	Chromatin bound	lncRNA_divergent	3.175
ZNF337-AS1	RP4-694B14.5	ASO_G0213742_08	30.39	0	6.304	exonic	Chromatin bound	lncRNA_divergent	3.175
INKA2-AS1	RP4-773A18.4	ASO_G0227811_01	42.619	0	15.027	exonic	Cytoplasmic	lncRNA_divergent	2.434
INKA2-AS1	RP4-773A18.4	ASO_G0227811_02	64.501	1	53.504	exonic	Cytoplasmic	lncRNA_divergent	2.434
INKA2-AS1	RP4-773A18.4	ASO_G0227811_05	40.654	0	33.162	exonic	Cytoplasmic	lncRNA_divergent	2.434
INKA2-AS1	RP4-773A18.4	ASO_G0227811_06	82.26	1	59.596	exonic	Cytoplasmic	lncRNA_divergent	2.434
INKA2-AS1	RP4-773A18.4	ASO_G0227811_10	47.338	0	16.823	exonic	Cytoplasmic	lncRNA_divergent	2.434
INKA2-AS1	RP4-773A18.4	ASO_G0227811_AD_01	30.888	0	13.754	exonic	Cytoplasmic	lncRNA_divergent	2.434
INKA2-AS1	RP4-773A18.4	ASO_G0227811_AD_03	-16.771	0	13.376	intronic	Cytoplasmic	lncRNA_divergent	2.434
INKA2-AS1	RP4-773A18.4	ASO_G0227811_AD_04	7.557	0	-5.817	exonic	Cytoplasmic	lncRNA_divergent	2.434
INKA2-AS1	RP4-773A18.4	ASO_G0227811_AD_05	-4.611	0	2.498	intronic	Cytoplasmic	lncRNA_divergent	2.434
INKA2-AS1	RP4-773A18.4	ASO_G0227811_AD_08	34.067	0	14.281	intronic	Cytoplasmic	lncRNA_divergent	2.434
RP4-794H19.4	RP4-794H19.4	ASO_G0230812_01	25.435	0	29.784	exonic	Chromatin bound	lncRNA_intergenic	1.07
RP4-794H19.4	RP4-794H19.4	ASO_G0230812_02	0	0	18.207	exonic	Chromatin bound	lncRNA_intergenic	1.07
RP4-794H19.4	RP4-794H19.4	ASO_G0230812_05	0	0	63.006	exonic	Chromatin bound	lncRNA_intergenic	1.07
RP4-794H19.4	RP4-794H19.4	ASO_G0230812_07	0	0	29.667	exonic	Chromatin bound	lncRNA_intergenic	1.07
RP4-794H19.4	RP4-794H19.4	ASO_G0230812_10	41.032	0	54.823	exonic	Chromatin bound	lncRNA_intergenic	1.07
RP5-1050D4.5	RP5-1050D4.5	ASO_G0262227_01	76.764	1	67.636	exonic	Nuclear soluble	lncRNA_divergent	8.705
RP5-1050D4.5	RP5-1050D4.5	ASO_G0262227_04	58.026	1	21.819	exonic	Nuclear soluble	lncRNA_divergent	8.705
RP5-1050D4.5	RP5-1050D4.5	ASO_G0262227_07	2.706	0	10.865	exonic	Nuclear soluble	lncRNA_divergent	8.705
RP5-1050D4.5	RP5-1050D4.5	ASO_G0262227_09	-119.191	0	34.029	exonic	Nuclear soluble	lncRNA_divergent	8.705
RP5-1050D4.5	RP5-1050D4.5	ASO_G0262227_10	0.096	0	34.287	exonic	Nuclear soluble	lncRNA_divergent	8.705
NRSN2-AS1	RP5-1103G7.4	ASO_G0225377_05	95.026	1	97.319	exonic	Chromatin bound	lncRNA_divergent	9.864
NRSN2-AS1	RP5-1103G7.4	ASO_G0225377_06	52.098	0	38.595	exonic	Chromatin bound	lncRNA_divergent	9.864
NRSN2-AS1	RP5-1103G7.4	ASO_G0225377_07	17.449	0	8.741	exonic	Chromatin bound	lncRNA_divergent	9.864
NRSN2-AS1	RP5-1103G7.4	ASO_G0225377_08	36.902	0	34.046	exonic	Chromatin bound	lncRNA_divergent	9.864
NRSN2-AS1	RP5-1103G7.4	ASO_G0225377_AD_05	83.074	1	52.198	exonic	Chromatin bound	lncRNA_divergent	9.864
NRSN2-AS1	RP5-1103G7.4	ASO_G0225377_AD_06	52.889	1	10.185	exonic	Chromatin bound	lncRNA_divergent	9.864
NRSN2-AS1	RP5-1103G7.4	ASO_G0225377_AD_08	63.948	1	19.528	exonic	Chromatin bound	lncRNA_divergent	9.864
NRSN2-AS1	RP5-1103G7.4	ASO_G0225377_AD_09	26.172	0	-0.091	exonic	Chromatin bound	lncRNA_divergent	9.864
NRSN2-AS1	RP5-1103G7.4	ASO_G0225377_AD_10	64.965	1	2.683	exonic	Chromatin bound	lncRNA_divergent	9.864
ELOA-AS1	RP5-886K2.3	ASO_G0236810_01	54.732	1	19.639	exonic	Chromatin bound	lncRNA_divergent	3.065
ELOA-AS1	RP5-886K2.3	ASO_G0236810_02	19.881	0	24.233	exonic	Chromatin bound	lncRNA_divergent	3.065
ELOA-AS1	RP5-886K2.3	ASO_G0236810_04	37.834	0	27.545	exonic	Chromatin bound	lncRNA_divergent	3.065
ELOA-AS1	RP5-886K2.3	ASO_G0236810_07	-7.83	0	10.871	exonic	Chromatin bound	lncRNA_divergent	3.065
ELOA-AS1	RP5-886K2.3	ASO_G0236810_09	-18.988	0	56.226	exonic	Chromatin bound	lncRNA_divergent	3.065
ELOA-AS1	RP5-886K2.3	ASO_G0236810_AD_02	94.623	1	61.158	exonic	Chromatin bound	lncRNA_divergent	3.065
ELOA-AS1	RP5-886K2.3	ASO_G0236810_AD_03	71.284	1	27.186	exonic	Chromatin bound	lncRNA_divergent	3.065
ELOA-AS1	RP5-886K2.3	ASO_G0236810_AD_06	97.058	1	67.066	exonic	Chromatin bound	lncRNA_divergent	3.065
ELOA-AS1	RP5-886K2.3	ASO_G0236810_AD_07	79.157	1	42.483	exonic	Chromatin bound	lncRNA_divergent	3.065
ELOA-AS1	RP5-886K2.3	ASO_G0236810_AD_09	78.442	1	4.645	exonic	Chromatin bound	lncRNA_divergent	3.065
PRR34-AS1	RP6-109B7.3	ASO_G0241990_01	88.3	1	61.502	exonic	Chromatin bound	lncRNA_divergent	33.57
PRR34-AS1	RP6-109B7.3	ASO_G0241990_05	31.95	0	1.604	exonic	Chromatin bound	lncRNA_divergent	33.57
PRR34-AS1	RP6-109B7.3	ASO_G0241990_06	-14.949	0	56.115	exonic	Chromatin bound	lncRNA_divergent	33.57
PRR34-AS1	RP6-109B7.3	ASO_G0241990_07	14.392	0	55.341	exonic	Chromatin bound	lncRNA_divergent	33.57
PRR34-AS1	RP6-109B7.3	ASO_G0241990_10	5.504	0	30.472	exonic	Chromatin bound	lncRNA_divergent	33.57
MIR222HG	RP6-99M1.2	ASO_G0270069_01	40.993	0	14.655	exonic	Chromatin bound	lncRNA_intergenic	97.041
MIR222HG	RP6-99M1.2	ASO_G0270069_02	30.696	0	18.749	exonic	Chromatin bound	lncRNA_intergenic	97.041
MIR222HG	RP6-99M1.2	ASO_G0270069_03	-11.465	0	30.736	exonic	Chromatin bound	lncRNA_intergenic	97.041
MIR222HG	RP6-99M1.2	ASO_G0270069_04	11.676	0	17.132	exonic	Chromatin bound	lncRNA_intergenic	97.041
MIR222HG	RP6-99M1.2	ASO_G0270069_05	85.985	1	73.937	exonic	Chromatin bound	lncRNA_intergenic	97.041
MIR222HG	RP6-99M1.2	ASO_G0270069_AD_01	65.321	1	52.211	exonic	Chromatin bound	lncRNA_intergenic	97.041
MIR222HG	RP6-99M1.2	ASO_G0270069_AD_02	50.281	1	23.152	exonic	Chromatin bound	lncRNA_intergenic	97.041
MIR222HG	RP6-99M1.2	ASO_G0270069_AD_03	8.44	0	17.572	exonic	Chromatin bound	lncRNA_intergenic	97.041
MIR222HG	RP6-99M1.2	ASO_G0270069_AD_07	40.795	0	62.205	exonic	Chromatin bound	lncRNA_intergenic	97.041
MIR222HG	RP6-99M1.2	ASO_G0270069_AD_09	40.08	0	3.522	exonic	Chromatin bound	lncRNA_intergenic	97.041
APTR	RSBN1L-AS1	ASO_G0214293_01	83.013	1	32.984	exonic	Chromatin bound	lncRNA_divergent	5.452
APTR	RSBN1L-AS1	ASO_G0214293_02	78.738	1	23.464	exonic	Chromatin bound	lncRNA_divergent	5.452
APTR	RSBN1L-AS1	ASO_G0214293_03	67.094	1	31.149	exonic	Chromatin bound	lncRNA_divergent	5.452
APTR	RSBN1L-AS1	ASO_G0214293_04	89.119	1	31.734	exonic	Chromatin bound	lncRNA_divergent	5.452
APTR	RSBN1L-AS1	ASO_G0214293_05	54.91	0	7.621	exonic	Chromatin bound	lncRNA_divergent	5.452
SBF2-AS1	SBF2-AS1	ASO_G0246273_01	28.074	0	29.681	exonic	Cytoplasmic	lncRNA_antisense	29.079
SBF2-AS1	SBF2-AS1	ASO_G0246273_02	95.606	1	87.048	exonic	Cytoplasmic	lncRNA_antisense	29.079
SBF2-AS1	SBF2-AS1	ASO_G0246273_05	54.951	1	40.1	exonic	Cytoplasmic	lncRNA_antisense	29.079
SBF2-AS1	SBF2-AS1	ASO_G0246273_08	15.58	0	23.385	exonic	Cytoplasmic	lncRNA_antisense	29.079
SBF2-AS1	SBF2-AS1	ASO_G0246273_AD_01	27.899	0	24.357	intronic	Cytoplasmic	lncRNA_antisense	29.079
SBF2-AS1	SBF2-AS1	ASO_G0246273_AD_02	29.295	0	31.925	intronic	Cytoplasmic	lncRNA_antisense	29.079
SBF2-AS1	SBF2-AS1	ASO_G0246273_AD_06	26.173	0	25.696	intronic	Cytoplasmic	lncRNA_antisense	29.079
SBF2-AS1	SBF2-AS1	ASO_G0246273_AD_08	83.226	1	24.614	exonic	Cytoplasmic	lncRNA_antisense	29.079
SBF2-AS1	SBF2-AS1	ASO_G0246273_AD_09	81.962	1	27.249	intronic	Cytoplasmic	lncRNA_antisense	29.079
SERTAD4-AS1	SERTAD4-AS1	ASO_G0203706_01	96.287	1	-48.238	exonic	Cytoplasmic	lncRNA_intergenic	30.38
SERTAD4-AS1	SERTAD4-AS1	ASO_G0203706_02	57.248	0	39.71	exonic	Cytoplasmic	lncRNA_intergenic	30.38
SERTAD4-AS1	SERTAD4-AS1	ASO_G0203706_03	40.466	0	9.09	exonic	Cytoplasmic	lncRNA_intergenic	30.38
SERTAD4-AS1	SERTAD4-AS1	ASO_G0203706_04	61.41	1	10.599	exonic	Cytoplasmic	lncRNA_intergenic	30.38
SERTAD4-AS1	SERTAD4-AS1	ASO_G0203706_07	74.043	1	50.408	exonic	Cytoplasmic	lncRNA_intergenic	30.38
SERTAD4-AS1	SERTAD4-AS1	ASO_G0203706_AD_02	64.563	1	25.412	exonic	Cytoplasmic	lncRNA_intergenic	30.38
SERTAD4-AS1	SERTAD4-AS1	ASO_G0203706_AD_03	70.377	1	26.164	exonic	Cytoplasmic	lncRNA_intergenic	30.38
SERTAD4-AS1	SERTAD4-AS1	ASO_G0203706_AD_07	78.581	1	28.196	exonic	Cytoplasmic	lncRNA_intergenic	30.38
SERTAD4-AS1	SERTAD4-AS1	ASO_G0203706_AD_09	73.969	1	33.915	exonic	Cytoplasmic	lncRNA_intergenic	30.38
SERTAD4-AS1	SERTAD4-AS1	ASO_G0203706_AD_10	80.074	1	40.402	exonic	Cytoplasmic	lncRNA_intergenic	30.38
SMURF2P1	SMURF2P1	ASO_G0248121_02	16.002	0	5.645	exonic	Nuclear soluble	pseudogene	15.667
SMURF2P1	SMURF2P1	ASO_G0248121_04	19.491	0	-2.699	exonic	Nuclear soluble	pseudogene	15.667
SMURF2P1	SMURF2P1	ASO_G0248121_07	-2.419	0	8.465	exonic	Nuclear soluble	pseudogene	15.667
SMURF2P1	SMURF2P1	ASO_G0248121_09	30.191	0	19.467	exonic	Nuclear soluble	pseudogene	15.667
SMURF2P1	SMURF2P1	ASO_G0248121_10	24.777	0	16.691	exonic	Nuclear soluble	pseudogene	15.667
SNAI3-AS1	SNAI3-AS1	ASO_G0260630_01	25.158	0	7.207	exonic	Cytoplasmic	lncRNA_divergent	10.572
SNAI3-AS1	SNAI3-AS1	ASO_G0260630_02	30.003	0	22.403	exonic	Cytoplasmic	lncRNA_divergent	10.572
SNAI3-AS1	SNAI3-AS1	ASO_G0260630_03	87.648	1	52.411	exonic	Cytoplasmic	lncRNA_divergent	10.572
SNAI3-AS1	SNAI3-AS1	ASO_G0260630_07	30.37	0	26.606	exonic	Cytoplasmic	lncRNA_divergent	10.572
SNAI3-AS1	SNAI3-AS1	ASO_G0260630_09	28.303	0	30.44	exonic	Cytoplasmic	lncRNA_divergent	10.572
SNHG18	SNHG18	ASO_G0250786_01	-12.588	0	4.461	exonic	Nuclear soluble	lncRNA_divergent	60.987
SNHG18	SNHG18	ASO_G0250786_02	20.898	0	-10.473	exonic	Nuclear soluble	lncRNA_divergent	60.987
SNHG18	SNHG18	ASO_G0250786_03	38.338	0	20.049	exonic	Nuclear soluble	lncRNA_divergent	60.987
SNHG18	SNHG18	ASO_G0250786_04	80.662	1	65.632	exonic	Nuclear soluble	lncRNA_divergent	60.987
SNHG18	SNHG18	ASO_G0250786_05	49.946	0	33.487	exonic	Nuclear soluble	lncRNA_divergent	60.987
SNHG18	SNHG18	ASO_G0250786_AD_03	18.969	0	9.116	exonic	Nuclear soluble	lncRNA_divergent	60.987
SNHG18	SNHG18	ASO_G0250786_AD_04	1.567	0	-1.305	exonic	Nuclear soluble	lncRNA_divergent	60.987
SNHG18	SNHG18	ASO_G0250786_AD_07	5.101	0	-16.561	exonic	Nuclear soluble	lncRNA_divergent	60.987
SNHG18	SNHG18	ASO_G0250786_AD_08	31.726	0	8.36	exonic	Nuclear soluble	lncRNA_divergent	60.987
SNHG18	SNHG18	ASO_G0250786_AD_10	73.245	1	62.446	exonic	Nuclear soluble	lncRNA_divergent	60.987
SOCS2-AS1	SOCS2-AS1	ASO_G0246985_02	79.755	1	47.828	exonic	Chromatin bound	lncRNA_divergent	8.867
SOCS2-AS1	SOCS2-AS1	ASO_G0246985_03	50.717	1	37.872	exonic	Chromatin bound	lncRNA_divergent	8.867
SOCS2-AS1	SOCS2-AS1	ASO_G0246985_05	45.473	0	19.488	exonic	Chromatin bound	lncRNA_divergent	8.867
SOCS2-AS1	SOCS2-AS1	ASO_G0246985_07	64.577	1	24.59	exonic	Chromatin bound	lncRNA_divergent	8.867
SOCS2-AS1	SOCS2-AS1	ASO_G0246985_10	79.928	1	79.609	exonic	Chromatin bound	lncRNA_divergent	8.867
SOCS2-AS1	SOCS2-AS1	ASO_G0246985_AD_01	72.717	1	49.856	exonic	Chromatin bound	lncRNA_divergent	8.867
SOCS2-AS1	SOCS2-AS1	ASO_G0246985_AD_02	56.802	0	16.471	exonic	Chromatin bound	lncRNA_divergent	8.867
SOCS2-AS1	SOCS2-AS1	ASO_G0246985_AD_03	61.48	1	12.547	intronic	Chromatin bound	lncRNA_divergent	8.867
SOCS2-AS1	SOCS2-AS1	ASO_G0246985_AD_04	97.037	1	92.861	exonic	Chromatin bound	lncRNA_divergent	8.867
SOCS2-AS1	SOCS2-AS1	ASO_G0246985_AD_07	52.603	1	22.278	exonic	Chromatin bound	lncRNA_divergent	8.867
SRP14-AS1	SRP14-AS1	ASO_G0248508_04	94.573	1	73.008	exonic	Chromatin bound	lncRNA_divergent	3.655
SRP14-AS1	SRP14-AS1	ASO_G0248508_07	73.676	1	32.834	exonic	Chromatin bound	lncRNA_divergent	3.655
SRP14-AS1	SRP14-AS1	ASO_G0248508_08	59.089	1	26.057	exonic	Chromatin bound	lncRNA_divergent	3.655
SRP14-AS1	SRP14-AS1	ASO_G0248508_09	44.107	1	-0.637	exonic	Chromatin bound	lncRNA_divergent	3.655
SRP14-AS1	SRP14-AS1	ASO_G0248508_10	87.381	1	75.055	exonic	Chromatin bound	lncRNA_divergent	3.655
ST7-AS1	ST7-AS1	ASO_G0227199_01	3.279	0	13.962	exonic	Nuclear soluble	lncRNA_divergent	4.062
ST7-AS1	ST7-AS1	ASO_G0227199_05	40.214	0	5.415	exonic	Nuclear soluble	lncRNA_divergent	4.062
ST7-AS1	ST7-AS1	ASO_G0227199_06	22.407	0	18.219	exonic	Nuclear soluble	lncRNA_divergent	4.062
ST7-AS1	ST7-AS1	ASO_G0227199_08	43.31	1	4.054	exonic	Nuclear soluble	lncRNA_divergent	4.062
STX18-AS1	STX18-AS1	ASO_G0247708_01	32.555	0	9.218	exonic	Chromatin bound	lncRNA_divergent	4.629
STX18-AS1	STX18-AS1	ASO_G0247708_02	88.321	1	49.874	exonic	Chromatin bound	lncRNA_divergent	4.629
STX18-AS1	STX18-AS1	ASO_G0247708_03	30.458	0	17.204	exonic	Chromatin bound	lncRNA_divergent	4.629
STX18-AS1	STX18-AS1	ASO_G0247708_05	82.489	1	51.142	exonic	Chromatin bound	lncRNA_divergent	4.629
STX18-AS1	STX18-AS1	ASO_G0247708_09	24.851	0	7.044	exonic	Chromatin bound	lncRNA_divergent	4.629
SUGT1P1	SUGT1P	ASO_G0226823_01	34.164	0	29.798	exonic	Chromatin bound	pseudogene	1.268
SUGT1P1	SUGT1P	ASO_G0226823_03	-8.99	0	64.071	exonic	Chromatin bound	pseudogene	1.268
SUGT1P1	SUGT1P	ASO_G0226823_04	7.261	0	32.417	exonic	Chromatin bound	pseudogene	1.268
SUGT1P1	SUGT1P	ASO_G0226823_06	-7.107	0	21.352	exonic	Chromatin bound	pseudogene	1.268
SUGT1P1	SUGT1P	ASO_G0226823_08	-10.26	0	65.44	exonic	Chromatin bound	pseudogene	1.268
TERC	TERC	ASO_G0270141_01	99.057	1	49.384	exonic	Nuclear soluble	lncRNA_intergenic	82.013
TERC	TERC	ASO_G0270141_03	88.467	1	50.646	exonic	Nuclear soluble	lncRNA_intergenic	82.013
TERC	TERC	ASO_G0270141_04	68.329	1	-5.474	exonic	Nuclear soluble	lncRNA_intergenic	82.013
TERC	TERC	ASO_G0270141_05	93.657	1	89.153	exonic	Nuclear soluble	lncRNA_intergenic	82.013
TERC	TERC	ASO_G0270141_07	98.782	1	63.267	exonic	Nuclear soluble	lncRNA_intergenic	82.013
TERC	TERC	ASO_G0270141_AD_01	77.91	1	54.717	exonic	Nuclear soluble	lncRNA_intergenic	82.013
TERC	TERC	ASO_G0270141_AD_06	40.256	0	5.887	exonic	Nuclear soluble	lncRNA_intergenic	82.013
TERC	TERC	ASO_G0270141_AD_07	4.428	0	17.432	exonic	Nuclear soluble	lncRNA_intergenic	82.013
TERC	TERC	ASO_G0270141_AD_09	84.612	1	45.227	exonic	Nuclear soluble	lncRNA_intergenic	82.013
TERC	TERC	ASO_G0270141_AD_10	86.971	1	71.38	exonic	Nuclear soluble	lncRNA_intergenic	82.013
TMCC1-AS1	TMCC1-AS1	ASO_G0271270_03	44.071	0	24.742	exonic	Chromatin bound	lncRNA_divergent	1.919
TMCC1-AS1	TMCC1-AS1	ASO_G0271270_04	18.349	0	0.261	exonic	Chromatin bound	lncRNA_divergent	1.919
TMCC1-AS1	TMCC1-AS1	ASO_G0271270_05	54.801	1	17.794	exonic	Chromatin bound	lncRNA_divergent	1.919
TMCC1-AS1	TMCC1-AS1	ASO_G0271270_07	43.853	0	18.623	exonic	Chromatin bound	lncRNA_divergent	1.919
TMCC1-AS1	TMCC1-AS1	ASO_G0271270_09	79.443	1	83.292	exonic	Chromatin bound	lncRNA_divergent	1.919
TMCC1-AS1	TMCC1-AS1	ASO_G0271270_AD_02	26.181	0	1.562	exonic	Chromatin bound	lncRNA_divergent	1.919
TMCC1-AS1	TMCC1-AS1	ASO_G0271270_AD_05	4.454	0	10.609	exonic	Chromatin bound	lncRNA_divergent	1.919
TMCC1-AS1	TMCC1-AS1	ASO_G0271270_AD_06	63.493	1	42.965	intronic	Chromatin bound	lncRNA_divergent	1.919
TMCC1-AS1	TMCC1-AS1	ASO_G0271270_AD_08	40.702	0	34.796	intronic	Chromatin bound	lncRNA_divergent	1.919
TMCC1-AS1	TMCC1-AS1	ASO_G0271270_AD_10	94.607	1	93.458	intronic	Chromatin bound	lncRNA_divergent	1.919
TMEM44-AS1	TMEM44-AS1	ASO_G0231770_01	51.707	0	20.72	exonic	Nuclear soluble	lncRNA_divergent	5.486
TMEM44-AS1	TMEM44-AS1	ASO_G0231770_02	57.197	1	46.103	exonic	Nuclear soluble	lncRNA_divergent	5.486
TMEM44-AS1	TMEM44-AS1	ASO_G0231770_03	51.617	0	38.828	exonic	Nuclear soluble	lncRNA_divergent	5.486
TMEM44-AS1	TMEM44-AS1	ASO_G0231770_04	64.675	1	23.865	exonic	Nuclear soluble	lncRNA_divergent	5.486
TMEM44-AS1	TMEM44-AS1	ASO_G0231770_05	35.894	0	24.281	exonic	Nuclear soluble	lncRNA_divergent	5.486
TMEM9B-AS1	TMEM9B-AS1	ASO_G0254860_02	82.769	1	68.173	exonic	Chromatin bound	lncRNA_divergent	4.094
TMEM9B-AS1	TMEM9B-AS1	ASO_G0254860_03	85.568	1	68.302	exonic	Chromatin bound	lncRNA_divergent	4.094
TMEM9B-AS1	TMEM9B-AS1	ASO_G0254860_05	51.786	1	45.215	exonic	Chromatin bound	lncRNA_divergent	4.094
TMEM9B-AS1	TMEM9B-AS1	ASO_G0254860_09	94.105	1	64.915	exonic	Chromatin bound	lncRNA_divergent	4.094
TP53TG1	TP53TG1	ASO_G0182165_01	30.864	0	-12661297.295	exonic	Cytoplasmic	lncRNA_divergent	28.596
TP53TG1	TP53TG1	ASO_G0182165_02	40.46	0	8.248	exonic	Cytoplasmic	lncRNA_divergent	28.596
TP53TG1	TP53TG1	ASO_G0182165_03	57.772	1	18.226	exonic	Cytoplasmic	lncRNA_divergent	28.596
TP53TG1	TP53TG1	ASO_G0182165_04	81.822	1	48.769	exonic	Cytoplasmic	lncRNA_divergent	28.596
TP53TG1	TP53TG1	ASO_G0182165_05	48.701	1	48.445	exonic	Cytoplasmic	lncRNA_divergent	28.596
TP53TG1	TP53TG1	ASO_G0182165_AD_01	49.698	1	35.388	exonic	Cytoplasmic	lncRNA_divergent	28.596
TP53TG1	TP53TG1	ASO_G0182165_AD_03	72.646	1	28.695	intronic	Cytoplasmic	lncRNA_divergent	28.596
TP53TG1	TP53TG1	ASO_G0182165_AD_04	98.43	1	91.19	intronic	Cytoplasmic	lncRNA_divergent	28.596
TP53TG1	TP53TG1	ASO_G0182165_AD_08	84.513	1	61.097	intronic	Cytoplasmic	lncRNA_divergent	28.596
TP53TG1	TP53TG1	ASO_G0182165_AD_10	97.078	1	60.39	intronic	Cytoplasmic	lncRNA_divergent	28.596
TRAM2-AS1	TRAM2-AS1	ASO_G0225791_01	92.105	1	36.609	exonic	Cytoplasmic	lncRNA_divergent	8.245
TRAM2-AS1	TRAM2-AS1	ASO_G0225791_02	71.336	1	42.969	exonic	Cytoplasmic	lncRNA_divergent	8.245
TRAM2-AS1	TRAM2-AS1	ASO_G0225791_03	37.589	0	13.041	exonic	Cytoplasmic	lncRNA_divergent	8.245
TRAM2-AS1	TRAM2-AS1	ASO_G0225791_05	85.281	1	72.533	exonic	Cytoplasmic	lncRNA_divergent	8.245
TRAM2-AS1	TRAM2-AS1	ASO_G0225791_AD_03	65.2	1	38.443	intronic	Cytoplasmic	lncRNA_divergent	8.245
TRAM2-AS1	TRAM2-AS1	ASO_G0225791_AD_05	92.513	1	71.469	exonic	Cytoplasmic	lncRNA_divergent	8.245
TRAM2-AS1	TRAM2-AS1	ASO_G0225791_AD_07	22.863	0	10.49	exonic	Cytoplasmic	lncRNA_divergent	8.245
TRAM2-AS1	TRAM2-AS1	ASO_G0225791_AD_09	50.336	1	22.797	exonic	Cytoplasmic	lncRNA_divergent	8.245
TRAM2-AS1	TRAM2-AS1	ASO_G0225791_AD_10	33.687	0	19.761	intronic	Cytoplasmic	lncRNA_divergent	8.245
TTN-AS1	TTN-AS1	ASO_G0237298_01	61.55	1	70.548	exonic	Chromatin bound	lncRNA_antisense	6.365
TTN-AS1	TTN-AS1	ASO_G0237298_02	73.324	1	42.779	exonic	Chromatin bound	lncRNA_antisense	6.365
TTN-AS1	TTN-AS1	ASO_G0237298_05	47.281	0	52.945	exonic	Chromatin bound	lncRNA_antisense	6.365
TTN-AS1	TTN-AS1	ASO_G0237298_07	40.355	0	47.8	exonic	Chromatin bound	lncRNA_antisense	6.365
TTN-AS1	TTN-AS1	ASO_G0237298_09	82.605	1	88.065	exonic	Chromatin bound	lncRNA_antisense	6.365
TUG1	TUG1	ASO_G0253352_01	22.516	0	83.627	exonic	Nuclear soluble	lncRNA_divergent	20.826
TUG1	TUG1	ASO_G0253352_02	33.109	0	74.167	exonic	Nuclear soluble	lncRNA_divergent	20.826
TUG1	TUG1	ASO_G0253352_03	50.936	1	51.396	exonic	Nuclear soluble	lncRNA_divergent	20.826
TUG1	TUG1	ASO_G0253352_04	55.793	1	40.791	exonic	Nuclear soluble	lncRNA_divergent	20.826
TUG1	TUG1	ASO_G0253352_06	93.788	1	87.555	exonic	Nuclear soluble	lncRNA_divergent	20.826
TUG1	TUG1	ASO_G0253352_AD_01	82.586	1	50.561	exonic	Nuclear soluble	lncRNA_divergent	20.826
TUG1	TUG1	ASO_G0253352_AD_02	81.052	1	44.924	exonic	Nuclear soluble	lncRNA_divergent	20.826
TUG1	TUG1	ASO_G0253352_AD_07	98.599	1	97.553	exonic	Nuclear soluble	lncRNA_divergent	20.826
TUG1	TUG1	ASO_G0253352_AD_08	81.9	1	63.559	exonic	Nuclear soluble	lncRNA_divergent	20.826
TUG1	TUG1	ASO_G0253352_AD_09	72.036	1	26.548	exonic	Nuclear soluble	lncRNA_divergent	20.826
U52111.14	U52111.14	ASO_G0232725_01	-43.937	0	23.734	exonic	Cytoplasmic	lncRNA_divergent	13.659
U52111.14	U52111.14	ASO_G0232725_02	-46.637	0	41.423	exonic	Cytoplasmic	lncRNA_divergent	13.659
U52111.14	U52111.14	ASO_G0232725_03	-37.76	0	48.555	exonic	Cytoplasmic	lncRNA_divergent	13.659
U52111.14	U52111.14	ASO_G0232725_05	36.183	0	69.167	exonic	Cytoplasmic	lncRNA_divergent	13.659
U52111.14	U52111.14	ASO_G0232725_07	38.394	0	39.378	exonic	Cytoplasmic	lncRNA_divergent	13.659
U52111.14	U52111.14	ASO_G0232725_AD_02	30.882	0	54.177	exonic	Cytoplasmic	lncRNA_divergent	13.659
U52111.14	U52111.14	ASO_G0232725_AD_05	60.92	1	37.335	exonic	Cytoplasmic	lncRNA_divergent	13.659
U52111.14	U52111.14	ASO_G0232725_AD_07	67.397	1	43.673	exonic	Cytoplasmic	lncRNA_divergent	13.659
U52111.14	U52111.14	ASO_G0232725_AD_09	15.188	0	42.144	intronic	Cytoplasmic	lncRNA_divergent	13.659
U52111.14	U52111.14	ASO_G0232725_AD_10	33.896	0	8.47	exonic	Cytoplasmic	lncRNA_divergent	13.659
UBL7-AS1	UBL7-AS1	ASO_G0247240_01	73.955	1	20.857	exonic	Cytoplasmic	lncRNA_divergent	5.717
UBL7-AS1	UBL7-AS1	ASO_G0247240_02	65.493	1	60.81	exonic	Cytoplasmic	lncRNA_divergent	5.717
UBL7-AS1	UBL7-AS1	ASO_G0247240_07	33.555	0	9.467	exonic	Cytoplasmic	lncRNA_divergent	5.717
UBL7-AS1	UBL7-AS1	ASO_G0247240_AD_01	0	1	49.449	intronic	Cytoplasmic	lncRNA_divergent	5.717
UBL7-AS1	UBL7-AS1	ASO_G0247240_AD_02	0	0	42.625	intronic	Cytoplasmic	lncRNA_divergent	5.717
UBL7-AS1	UBL7-AS1	ASO_G0247240_AD_03	0	0	23.682	intronic	Cytoplasmic	lncRNA_divergent	5.717
UBL7-AS1	UBL7-AS1	ASO_G0247240_AD_05	0	0	73.939	intronic	Cytoplasmic	lncRNA_divergent	5.717
UBL7-AS1	UBL7-AS1	ASO_G0247240_AD_06	0	0	82.452	intronic	Cytoplasmic	lncRNA_divergent	5.717
USP46-DT	USP46-AS1	ASO_G0248866_01	0	0	19.888	exonic	Nuclear soluble	lncRNA_divergent	6.026
USP46-DT	USP46-AS1	ASO_G0248866_02	0	0	22.43	exonic	Nuclear soluble	lncRNA_divergent	6.026
USP46-DT	USP46-AS1	ASO_G0248866_03	0	0	25.689	exonic	Nuclear soluble	lncRNA_divergent	6.026
USP46-DT	USP46-AS1	ASO_G0248866_05	0	0	-26.086	exonic	Nuclear soluble	lncRNA_divergent	6.026
USP46-DT	USP46-AS1	ASO_G0248866_06	0	0	-2.35	exonic	Nuclear soluble	lncRNA_divergent	6.026
WDFY3-AS2	WDFY3-AS2	ASO_G0180769_01	25.831	0	50.857	exonic	Cytoplasmic	lncRNA_divergent	5.342
WDFY3-AS2	WDFY3-AS2	ASO_G0180769_03	82.592	1	57.256	exonic	Cytoplasmic	lncRNA_divergent	5.342
WDFY3-AS2	WDFY3-AS2	ASO_G0180769_04	-2.972	0	44.306	exonic	Cytoplasmic	lncRNA_divergent	5.342
WDFY3-AS2	WDFY3-AS2	ASO_G0180769_05	19.208	0	52.345	exonic	Cytoplasmic	lncRNA_divergent	5.342
WDFY3-AS2	WDFY3-AS2	ASO_G0180769_08	79.969	1	58.838	exonic	Cytoplasmic	lncRNA_divergent	5.342
WDFY3-AS2	WDFY3-AS2	ASO_G0180769_AD_03	61.41	1	60.224	intronic	Cytoplasmic	lncRNA_divergent	5.342
WDFY3-AS2	WDFY3-AS2	ASO_G0180769_AD_04	47.634	0	21.198	intronic	Cytoplasmic	lncRNA_divergent	5.342
WDFY3-AS2	WDFY3-AS2	ASO_G0180769_AD_06	29.085	0	18.175	intronic	Cytoplasmic	lncRNA_divergent	5.342
WDFY3-AS2	WDFY3-AS2	ASO_G0180769_AD_07	58.449	1	39.16	intronic	Cytoplasmic	lncRNA_divergent	5.342
WDFY3-AS2	WDFY3-AS2	ASO_G0180769_AD_09	69.597	1	50.334	intronic	Cytoplasmic	lncRNA_divergent	5.342
ZBED5-AS1	ZBED5-AS1	ASO_G0247271_01	68.237	1	49.36	exonic	Nuclear soluble	lncRNA_divergent	9.056
ZBED5-AS1	ZBED5-AS1	ASO_G0247271_02	71.373	1	43.262	exonic	Nuclear soluble	lncRNA_divergent	9.056
ZBED5-AS1	ZBED5-AS1	ASO_G0247271_03	66.509	1	49.413	exonic	Nuclear soluble	lncRNA_divergent	9.056
ZBED5-AS1	ZBED5-AS1	ASO_G0247271_05	37.958	0	15.655	exonic	Nuclear soluble	lncRNA_divergent	9.056
ZBED5-AS1	ZBED5-AS1	ASO_G0247271_07	64.356	1	43.905	exonic	Nuclear soluble	lncRNA_divergent	9.056
ZNF37BP	ZNF37BP	ASO_G0234420_01	66.691	1	78.202	exonic	Chromatin bound	pseudogene	9.855
ZNF37BP	ZNF37BP	ASO_G0234420_02	34.405	0	27.358	exonic	Chromatin bound	pseudogene	9.855
ZNF37BP	ZNF37BP	ASO_G0234420_04	1.473	0	42.594	exonic	Chromatin bound	pseudogene	9.855
ZNF37BP	ZNF37BP	ASO_G0234420_08	35.111	0	32.767	exonic	Chromatin bound	pseudogene	9.855
ZNF37BP	ZNF37BP	ASO_G0234420_AD_03	46.609	0	36.278	intronic	Chromatin bound	pseudogene	9.855
ZNF37BP	ZNF37BP	ASO_G0234420_AD_04	36.669	0	1.956	exonic	Chromatin bound	pseudogene	9.855
ZNF37BP	ZNF37BP	ASO_G0234420_AD_07	72.165	1	50.138	intronic	Chromatin bound	pseudogene	9.855
ZNF37BP	ZNF37BP	ASO_G0234420_AD_09	61.828	1	43.691	intronic	Chromatin bound	pseudogene	9.855
ZNF37BP	ZNF37BP	ASO_G0234420_AD_10	81.477	1	23.689	intronic	Chromatin bound	pseudogene	9.855
ZNF667-AS1	ZNF667-AS1	ASO_G0166770_01	0	0	29.194	exonic	Cytoplasmic	lncRNA_divergent	18.182
ZNF667-AS1	ZNF667-AS1	ASO_G0166770_02	0	0	16.471	exonic	Cytoplasmic	lncRNA_divergent	18.182
ZNF667-AS1	ZNF667-AS1	ASO_G0166770_03	0	0	25.547	exonic	Cytoplasmic	lncRNA_divergent	18.182
ZNF667-AS1	ZNF667-AS1	ASO_G0166770_05	0	0	-2.501	exonic	Cytoplasmic	lncRNA_divergent	18.182
ZNF667-AS1	ZNF667-AS1	ASO_G0166770_07	0	0	10.071	exonic	Cytoplasmic	lncRNA_divergent	18.182
ZNF674-AS1	ZNF674-AS1	ASO_G0230844_01	98.071	1	96.279	exonic	Nuclear soluble	lncRNA_divergent	5.649
ZNF674-AS1	ZNF674-AS1	ASO_G0230844_02	17.407	0	14.038	exonic	Nuclear soluble	lncRNA_divergent	5.649
ZNF674-AS1	ZNF674-AS1	ASO_G0230844_04	47.077	0	21.115	exonic	Nuclear soluble	lncRNA_divergent	5.649
ZNF674-AS1	ZNF674-AS1	ASO_G0230844_05	52.453	0	13.611	exonic	Nuclear soluble	lncRNA_divergent	5.649
ZNF674-AS1	ZNF674-AS1	ASO_G0230844_06	51.569	0	8.889	exonic	Nuclear soluble	lncRNA_divergent	5.649
ZNF674-AS1	ZNF674-AS1	ASO_G0230844_AD_01	23.627	0	3.079	exonic	Nuclear soluble	lncRNA_divergent	5.649
ZNF674-AS1	ZNF674-AS1	ASO_G0230844_AD_02	52.212	1	34.403	intronic	Nuclear soluble	lncRNA_divergent	5.649
ZNF674-AS1	ZNF674-AS1	ASO_G0230844_AD_06	6.332	0	14.805	exonic	Nuclear soluble	lncRNA_divergent	5.649
ZNF674-AS1	ZNF674-AS1	ASO_G0230844_AD_07	98.698	1	78.233	exonic	Nuclear soluble	lncRNA_divergent	5.649
ZNF674-AS1	ZNF674-AS1	ASO_G0230844_AD_08	59.318	1	11.79	intronic	Nuclear soluble	lncRNA_divergent	5.649
ZSCAN16-AS1	ZSCAN16-AS1	ASO_G0269293_01	3.111	0	65.635	exonic	Chromatin bound	lncRNA_intergenic	9.461
ZSCAN16-AS1	ZSCAN16-AS1	ASO_G0269293_02	26.182	0	48.669	exonic	Chromatin bound	lncRNA_intergenic	9.461
ZSCAN16-AS1	ZSCAN16-AS1	ASO_G0269293_03	49.478	0	50.418	exonic	Chromatin bound	lncRNA_intergenic	9.461
ZSCAN16-AS1	ZSCAN16-AS1	ASO_G0269293_04	34.008	0	49.163	exonic	Chromatin bound	lncRNA_intergenic	9.461
ZSCAN16-AS1	ZSCAN16-AS1	ASO_G0269293_08	15.928	0	30.594	exonic	Chromatin bound	lncRNA_intergenic	9.461
ZSCAN16-AS1	ZSCAN16-AS1	ASO_G0269293_AD_02	34.566	0	77.891	exonic	Chromatin bound	lncRNA_intergenic	9.461
ZSCAN16-AS1	ZSCAN16-AS1	ASO_G0269293_AD_04	55.235	1	64.982	exonic	Chromatin bound	lncRNA_intergenic	9.461
ZSCAN16-AS1	ZSCAN16-AS1	ASO_G0269293_AD_07	56.925	0	70.257	exonic	Chromatin bound	lncRNA_intergenic	9.461
ZSCAN16-AS1	ZSCAN16-AS1	ASO_G0269293_AD_09	22.082	0	21.966	exonic	Chromatin bound	lncRNA_intergenic	9.461
ZSCAN16-AS1	ZSCAN16-AS1	ASO_G0269293_AD_10	34.308	0	18.415	exonic	Chromatin bound	lncRNA_intergenic	9.461
