KD.pubID	KD.geneSymbol	perturb_id	Description	transfection_plate	GrowthRate_rep1	GrowthRate_rep2	Area_rep1	Area_rep2	Compactness_rep1	Compactness_rep2	Eccentricity_rep1	Eccentricity_rep2	Extent_rep1	Extent_rep2	FormFactor_rep1	FormFactor_rep2	MajorAxisLength_rep1	MajorAxisLength_rep2	MaxFeretDiameter_rep1	MaxFeretDiameter_rep2	MaximumRadius_rep1	MaximumRadius_rep2	MedianRadius_rep1	MedianRadius_rep2	MinFeretDiameter_rep1	MinFeretDiameter_rep2	MinorAxisLength_rep1	MinorAxisLength_rep2	Perimeter_rep1	Perimeter_rep2	Solidity_rep1	Solidity_rep2
A1BG-AS1	A1BG-AS1	ASO_G0268895_01	Targeted lncRNA	r2b1p1	-0.393216	-0.567563	0.735309	0.687307	0.836577	0.786802	0.944918	0.914619	1.139399	1.212651	1.229592	1.318233	0.760815	0.708837	0.756641	0.697526	0.929251	0.894427	0.942416	0.926334	0.895286	0.85921	0.910391	0.882092	0.786013	0.745518	1.034913	1.049902
A1BG-AS1	A1BG-AS1	ASO_G0268895_02	Targeted lncRNA	r2b1p1	0.972483	0.918865	1.113537	1.024345	0.949887	0.925367	0.984913	0.976956	1.047402	1.048076	1.027666	1.075581	1.009018	0.961007	1.010767	0.957095	1.079606	1.034817	1.064324	1.035007	1.082802	1.047545	1.086923	1.051989	1.030184	0.98492	1.000131	1.009538
A1BG-AS1	A1BG-AS1	ASO_G0268895_03	Targeted lncRNA	r2b1p1	0.315422	0.219033	0.764652	0.757322	0.793361	0.779908	0.947162	0.942255	1.154893	1.176728	1.267123	1.267267	0.754021	0.751653	0.7525	0.746375	0.981465	0.978449	0.995512	1.001601	0.922454	0.936497	0.942916	0.960567	0.776691	0.770521	1.055057	1.05369
A1BG-AS1	A1BG-AS1	ASO_G0268895_04	Targeted lncRNA	r2b1p1	1.00359	0.961913	0.995521	0.905599	0.98219	0.992121	0.994888	1.004022	1.0129	1.004473	1.018205	0.995151	0.990465	0.946411	0.993861	0.945984	1.022627	0.950293	1.021019	0.966611	0.996502	0.963724	0.993054	0.962809	0.975014	0.944539	1.004812	0.989166
A1BG-AS1	A1BG-AS1	ASO_G0268895_10	Targeted lncRNA	r2b1p1	1.039688	1.015861	0.933794	0.906303	0.935329	0.928132	0.987368	0.991468	1.026141	1.018733	1.03324	1.036636	0.934942	0.920701	0.936789	0.928796	0.995408	0.994924	0.986996	0.986472	0.994216	0.985635	1.002022	0.992172	0.950863	0.940947	1.00308	0.999494
AC004980.7	AC004980.7	ASO_G0205485_01	Targeted lncRNA	r3b2p1	0.855526	0.922025	1.025904	0.910437	0.940803	0.915888	0.976307	0.974682	1.029269	1.017388	1.040586	1.049456	0.969512	0.885973	0.972642	0.889993	1.040541	0.994855	1.019657	0.983761	1.047768	1.001669	1.055539	1.011968	1.000407	0.913057	1.005935	0.999132
AC004980.7	AC004980.7	ASO_G0205485_02	Targeted lncRNA	r3b2p1	1.010616	0.904707	0.953533	0.839249	0.962271	0.898936	1.001303	0.973136	1.049253	1.078153	1.100835	1.109448	0.958273	0.850491	0.957302	0.853211	0.98616	0.981756	1.006296	0.985914	0.948075	0.962295	0.957424	0.969218	0.939033	0.857229	1.039465	1.013038
AC004980.7	AC004980.7	ASO_G0205485_03	Targeted lncRNA	r3b2p1	0.967856	0.923827	0.922411	0.954324	1.012007	0.901811	0.995223	0.984175	1.028095	1.0776	1.058198	1.106128	0.977257	0.915473	0.966499	0.92217	0.972669	1.032791	0.989647	1.038332	0.959888	1.01256	0.968351	1.020862	0.944178	0.920665	1.012773	1.01859
AC004980.7	AC004980.7	ASO_G0205485_05	Targeted lncRNA	r3b2p1	0.867725	0.839048	0.920131	0.861192	1.036127	0.938187	1.009818	0.992755	1.020191	1.036974	1.046046	1.096606	0.990672	0.897248	0.979226	0.895202	0.967552	0.956046	0.982421	0.973059	0.91955	0.938854	0.919645	0.937298	0.937236	0.886144	1.020184	1.01315
SPRY4-AS1	AC005592.2	ASO_G0231185_01	Targeted lncRNA	r2b1p2	0.909702	0.948043	0.891154	0.797004	0.8291	0.810484	0.962337	0.95682	1.119442	1.143258	1.142313	1.233482	0.846477	0.795227	0.85278	0.79999	1.036397	1.010186	1.04013	1.028685	1.006552	0.930964	1.015338	0.949586	0.867416	0.794364	1.026469	1.059412
SPRY4-AS1	AC005592.2	ASO_G0231185_02	Targeted lncRNA	r2b1p2	0.010594	0.105354	0.634774	0.683129	0.853041	0.936126	0.945973	0.955734	1.154129	1.090706	1.219665	1.12853	0.707348	0.779078	0.686305	0.753181	0.813106	0.811366	0.860911	0.852408	0.835363	0.882132	0.851125	0.896274	0.732846	0.809149	1.016232	0.981861
SPRY4-AS1	AC005592.2	ASO_G0231185_03	Targeted lncRNA	r2b1p2	0.194584	-0.012636	0.842045	0.711668	0.851495	0.785411	0.953305	0.946747	1.132869	1.1853	1.224332	1.331546	0.839284	0.737373	0.830588	0.730014	0.994025	0.93233	1.009536	0.968155	0.948232	0.882751	0.956876	0.909668	0.836769	0.740793	1.048485	1.070965
SPRY4-AS1	AC005592.2	ASO_G0231185_06	Targeted lncRNA	r2b1p2	1.04524	1.012235	0.971941	0.930194	0.980736	0.98755	0.98521	0.994196	1.03647	1.012813	1.041357	1.014178	0.973151	0.963887	0.970118	0.961991	0.993949	0.981728	0.986721	0.983413	0.995076	0.974752	0.99475	0.97603	0.973445	0.948462	0.996941	1.001143
SPRY4-AS1	AC005592.2	ASO_G0231185_09	Targeted lncRNA	r2b1p2	0.933526	1.000435	0.964711	0.91984	0.883791	0.931182	0.966502	0.981267	1.048319	1.027254	1.02967	1.045267	0.899384	0.924155	0.90684	0.92255	1.035153	0.985899	1.017662	0.985902	1.053906	0.993391	1.05452	0.997732	0.949426	0.937113	0.988853	1.004777
MAP4K3-DT	AC007246.3	ASO_G0231312_01	Targeted lncRNA	r3b2p2	1.05554	1.077844	0.952872	1.050284	0.926619	0.955943	0.983364	1.000405	1.010893	1.05693	1.037529	1.040896	0.921779	0.99894	0.921004	0.986531	0.983334	1.036613	0.988758	1.036852	1.021112	1.030718	1.028066	1.024988	0.962536	0.992435	1.003399	1.007974
MAP4K3-DT	AC007246.3	ASO_G0231312_02	Targeted lncRNA	r3b2p2	0.837974	0.875172	0.886328	0.903533	0.897065	0.895985	0.971018	0.96716	1.079556	1.052995	1.080692	1.083214	0.876444	0.882833	0.86859	0.877731	0.980024	0.984007	0.980093	0.981289	1.021103	1.019896	1.029203	1.020541	0.909323	0.927706	0.99225	0.993528
MAP4K3-DT	AC007246.3	ASO_G0231312_03	Targeted lncRNA	r3b2p2	0.911356	1.077369	0.818938	0.967745	0.956623	0.940883	0.994137	0.990486	1.024916	1.056827	1.086673	1.088395	0.893374	0.953078	0.889608	0.945177	0.936956	0.995973	0.960271	1.00553	0.913589	0.990974	0.92535	0.996029	0.867837	0.946452	1.021699	1.017261
MAP4K3-DT	AC007246.3	ASO_G0231312_04	Targeted lncRNA	r3b2p2	0.992485	0.89402	0.889069	0.962306	0.973925	1.035914	0.991624	1.021783	1.034173	0.997055	1.080113	1.026803	0.93009	1.009956	0.923248	1.0023	0.959126	0.971415	0.983644	0.988458	0.950485	0.93938	0.961474	0.93577	0.904787	0.966147	1.015051	1.027962
MAP4K3-DT	AC007246.3	ASO_G0231312_05	Targeted lncRNA	r3b2p2	0.837035	0.852747	0.929132	0.861972	0.868405	0.899555	0.972374	0.982948	1.061804	1.077511	1.106793	1.124484	0.890929	0.876565	0.890466	0.873932	1.025303	0.977514	1.01489	0.993009	1.041883	0.967517	1.044373	0.973998	0.92176	0.878661	1.001595	1.018174
AC007773.2	AC007773.2	ASO_G0267213_01	Targeted lncRNA	r9b8p3	0.481921	0.50846	0.870761	0.849855	0.88867	0.883354	0.958463	0.965822	1.055684	1.057166	1.089343	1.134966	0.855838	0.850985	0.852604	0.853849	0.970686	0.985516	0.961436	0.981814	0.978182	0.957346	0.982014	0.966214	0.899247	0.871231	0.99133	1.006244
AC007773.2	AC007773.2	ASO_G0267213_03	Targeted lncRNA	r9b8p3	0.909125	0.990087	0.995948	0.957505	0.965687	0.990014	0.993619	1.000815	0.99224	0.997728	1.010901	1.033019	0.974915	0.984605	0.969625	0.981026	0.997956	0.99566	1.007469	1.005698	1.01151	0.975011	1.021628	0.980557	0.980487	0.967012	0.996922	1.011573
AC007773.2	AC007773.2	ASO_G0267213_04	Targeted lncRNA	r9b8p3	0.864924	1.00247	0.996785	1.03146	1.005591	1.026009	1.000606	1.005993	0.989212	0.952894	1.011616	0.957969	1.010551	1.030603	1.011015	1.032164	1.008861	0.975804	1.008894	0.985182	1.026217	1.00417	1.01856	1.012496	1.005043	1.043844	0.99648	0.994694
AC007773.2	AC007773.2	ASO_G0267213_06	Targeted lncRNA	r9b8p3	0.815566	0.91135	1.026262	1.033076	1.031713	1.023636	1.000027	1.004592	0.979936	0.977183	0.98087	0.964752	1.028011	1.029349	1.016772	1.024818	0.999019	1.000564	0.98823	0.994119	1.012868	1.01101	1.00743	1.010945	1.020119	1.033537	0.983827	0.985541
AC007773.2	AC007773.2	ASO_G0267213_10	Targeted lncRNA	r9b8p3	0.947534	1.011023	0.949181	0.994175	0.997281	1.086369	1.006931	1.022113	0.993445	0.969464	1.032753	0.950081	0.977305	1.05995	0.972693	1.05722	0.973853	0.977005	0.990093	0.982769	0.95545	0.937545	0.964989	0.936915	0.954909	1.017609	1.014984	1.001433
MYOSLID	AC007879.7	ASO_G0229647_01	Targeted lncRNA	r2b1p2	0.961493	1.013898	0.964556	0.94558	1.035603	0.98738	1.007233	0.998125	0.967012	1.034368	1.016348	1.056255	1.013592	0.979256	1.003843	0.973155	0.984477	0.994288	0.991321	1.00106	0.959865	0.975076	0.964555	0.980308	0.979791	0.96201	1.013725	1.013765
MYOSLID	AC007879.7	ASO_G0229647_02	Targeted lncRNA	r2b1p2	0.974619	0.907601	0.951009	0.966179	0.966353	0.929173	0.986419	0.984232	1.02682	1.083023	1.029941	1.12094	0.960903	0.940533	0.960692	0.933025	0.997579	1.011911	0.992124	1.024181	1.001697	0.981157	1.003051	0.992386	0.95984	0.925348	1.001917	1.033292
MYOSLID	AC007879.7	ASO_G0229647_03	Targeted lncRNA	r2b1p2	0.903352	1.004464	0.890487	1.045413	1.010985	0.928227	0.998388	0.991749	0.996312	1.035907	1.037509	1.053791	0.95706	0.973768	0.946673	0.981395	0.958659	1.054205	0.980837	1.044453	0.9452	1.033887	0.950812	1.035634	0.923304	0.978676	1.016562	1.01912
MYOSLID	AC007879.7	ASO_G0229647_04	Targeted lncRNA	r2b1p2	0.571353	0.596889	0.822659	0.765522	1.008008	1.031924	0.987864	1.003039	1.034387	1.006226	1.079377	1.070054	0.92339	0.908841	0.90202	0.884912	0.926093	0.882974	0.947286	0.918124	0.922285	0.879835	0.914348	0.879129	0.873877	0.853485	1.014422	1.011667
MYOSLID	AC007879.7	ASO_G0229647_06	Targeted lncRNA	r2b1p2	1.070166	1.096519	0.950168	1.004503	0.884656	0.862352	0.963223	0.960758	1.010867	1.048406	1.002134	1.007067	0.901558	0.907612	0.906875	0.917458	1.011137	1.065196	0.995436	1.035044	1.064519	1.082657	1.069894	1.07908	0.975695	0.976929	0.977942	0.983938
MYOSLID	AC007879.7	ASO_G0229647_AD_01	Targeted lncRNA	r12b2ADp2	0.888445	0.929641	1.018016	1.03929	0.999937	1.035143	1.003361	1.000554	1.007619	1.00289	1.00407	0.989748	1.010313	1.044231	1.011275	1.036905	0.995144	0.994055	1.003423	0.99247	1.001097	1.007371	0.999623	1.002032	1.013175	1.04769	1.001716	0.989811
MYOSLID	AC007879.7	ASO_G0229647_AD_04	Targeted lncRNA	r12b2ADp2	0.821685	0.884136	0.980105	1.043141	1.036847	1.032629	1.003503	1.016244	0.968717	0.959463	0.963252	0.992037	1.00443	1.049572	0.995933	1.04172	0.968614	1.004337	0.972291	1.010786	0.995587	0.999522	0.978536	0.995546	0.987489	1.024737	0.980256	0.996205
MYOSLID	AC007879.7	ASO_G0229647_AD_05	Targeted lncRNA	r12b2ADp2	0.887232	0.943724	0.995606	1.071986	0.948363	1.017715	0.99355	1.000345	1.040387	0.979707	1.056361	0.997196	0.973627	1.035742	0.971902	1.032433	1.006931	1.020034	1.021311	1.023761	1.011418	1.0534	1.014481	1.046528	0.973448	1.036888	1.010965	0.99936
MYOSLID	AC007879.7	ASO_G0229647_AD_06	Targeted lncRNA	r12b2ADp2	0.809722	0.863369	0.936206	0.994847	1.004583	1.053814	0.99433	1.004874	0.975566	0.958466	0.989848	0.959144	0.958296	1.02705	0.950851	1.013682	0.962829	0.948331	0.961366	0.951971	1.0047	1.002977	0.993698	0.98282	0.962608	1.023238	0.975866	0.972148
MYOSLID	AC007879.7	ASO_G0229647_AD_09	Targeted lncRNA	r12b2ADp2	0.263764	0.299704	0.75874	0.873817	1.011871	1.031622	0.98582	0.991625	1.083285	1.029222	1.183743	1.089527	0.905454	0.961254	0.876852	0.939658	0.856274	0.904619	0.923427	0.944796	0.800904	0.88751	0.808068	0.888532	0.819589	0.912333	1.06003	1.031886
AC009005.2	AC009005.2	ASO_G0267751_01	Targeted lncRNA	r9b8p5	1.017662	0.936515	0.9472	0.936463	0.979147	0.997087	0.995853	0.993029	1.028668	1.015656	1.050391	1.029888	0.962894	0.972605	0.960992	0.970445	0.988233	0.989345	0.994091	0.988841	0.964602	0.972723	0.966829	0.980367	0.945785	0.963654	1.011263	0.996284
AC009005.2	AC009005.2	ASO_G0267751_04	Targeted lncRNA	r9b8p5	0.854851	0.883827	0.930711	0.922787	1.017399	0.981257	0.998942	0.986651	0.989435	1.026857	0.998248	1.079361	0.981002	0.947831	0.969408	0.941007	0.950127	0.975508	0.959591	0.98616	0.98369	0.971942	0.988991	0.977424	0.985267	0.934562	0.97795	1.009369
AC009005.2	AC009005.2	ASO_G0267751_06	Targeted lncRNA	r9b8p5	0.742546	0.6835	0.95827	0.927863	1.052737	0.957412	1.002454	0.99437	0.964588	1.030151	0.982864	1.074894	1.012929	0.944918	1.005735	0.937876	0.945635	0.976491	0.953168	0.99061	0.989427	0.973129	0.984386	0.984209	1.006803	0.936702	0.979268	1.011157
AC009005.2	AC009005.2	ASO_G0267751_07	Targeted lncRNA	r9b8p5	0.879647	0.773162	0.914127	0.86989	0.967956	1.019471	0.992924	0.999054	1.019488	0.979202	1.03854	1.047842	0.93662	0.955785	0.933235	0.939308	0.968765	0.925898	0.980636	0.943114	0.964493	0.932773	0.970131	0.930794	0.937706	0.929961	1.000794	1.005414
AC009005.2	AC009005.2	ASO_G0267751_09	Targeted lncRNA	r9b8p5	0.908315	0.827623	0.903761	0.882182	0.995825	0.979649	0.991984	0.990766	1.005696	1.010624	1.05689	1.054723	0.943841	0.933376	0.93942	0.929467	0.960958	0.945162	0.964495	0.964176	0.967409	0.946497	0.969395	0.956216	0.926229	0.91959	0.999702	1.007481
AC009005.2	AC009005.2	ASO_G0267751_AD_01	Targeted lncRNA	r14b9plusp6	0.808994	0.830785	1.016047	1.025747	1.01636	1.100254	0.988713	1.022202	0.989613	0.969575	0.99475	0.96905	1.016603	1.07804	1.013664	1.065428	0.992092	0.964927	0.988142	0.976171	1.041233	0.980076	1.032002	0.964986	1.034449	1.040712	0.980243	0.9948
AC009005.2	AC009005.2	ASO_G0267751_AD_02	Targeted lncRNA	r14b9plusp6	0.817163	0.846867	1.213181	1.086489	1.160833	1.117208	1.02143	1.021044	0.896418	0.943961	0.87047	0.912107	1.198373	1.116445	1.197138	1.114971	1.029875	1.002315	1.005433	0.993496	1.067659	1.024336	1.043006	1.006716	1.175036	1.091768	0.960323	0.984574
AC009005.2	AC009005.2	ASO_G0267751_AD_04	Targeted lncRNA	r14b9plusp6	0.896765	0.868382	1.052114	1.031397	0.999234	0.980722	0.997553	0.985218	1.007041	1.014506	0.994087	1.028099	1.019104	1.007622	1.008119	1.009464	1.008018	1.026253	1.01186	1.018934	1.041001	1.041189	1.037957	1.037887	1.025774	1.009589	0.999629	1.004405
AC009005.2	AC009005.2	ASO_G0267751_AD_05	Targeted lncRNA	r14b9plusp6	0.811875	0.820415	0.866877	0.793367	0.877382	0.872683	0.964376	0.978857	1.091763	1.096239	1.157656	1.162923	0.866304	0.826426	0.865447	0.827188	1.004984	0.970718	1.010204	0.97813	0.974088	0.918203	0.989317	0.936387	0.87791	0.831643	1.033527	1.032117
AC009005.2	AC009005.2	ASO_G0267751_AD_09	Targeted lncRNA	r14b9plusp6	0.933237	0.914028	0.982609	1.012785	1.031753	0.963797	0.997886	0.993705	1.002903	1.02766	1.025058	1.052712	1.019809	0.989483	1.015513	0.984387	0.995984	1.016295	0.998516	1.019791	0.996683	1.017196	0.994804	1.016765	0.997433	0.986354	1.001955	1.017799
AC009237.8	AC009237.8	ASO_G0229689_01	Targeted lncRNA	r15bALLp3	0.958219	0.908308	1.006926	1.064957	1.001899	1.03246	0.990916	1.008097	1.015174	0.98993	0.977255	0.96376	0.999637	1.059197	0.994596	1.061494	0.99889	1.025921	1.001757	1.009956	1.02966	1.034976	1.032989	1.027731	1.025971	1.059865	0.988514	0.986795
AC009237.8	AC009237.8	ASO_G0229689_02	Targeted lncRNA	r15bALLp3	0.944107	0.966627	1.023999	1.041433	1.032082	0.981	0.997308	0.996342	0.976946	1.02008	0.961163	1.019918	1.031728	1.012309	1.031325	1.019737	1.008933	1.03312	1.001593	1.029106	1.037013	1.016314	1.030543	1.026367	1.036175	1.007079	0.982608	1.014066
AC009237.8	AC009237.8	ASO_G0229689_03	Targeted lncRNA	r15bALLp3	0.944003	1.12128	1.021749	0.986532	0.955477	0.95726	0.984465	0.997274	1.011968	1.015724	0.953098	1.00027	0.976159	0.971867	0.986669	0.974948	1.016437	1.018371	0.997104	1.007721	1.064629	1.024554	1.063434	1.017032	1.041538	0.993591	0.975515	0.990975
AC009237.8	AC009237.8	ASO_G0229689_04	Targeted lncRNA	r15bALLp3	1.000765	1.098289	0.957218	0.934353	0.96956	1.005053	1.001722	0.995599	1.019008	0.994729	1.031552	1.012718	0.963129	0.972059	0.962343	0.963802	1.00978	0.983112	1.005543	0.995261	0.994451	0.999817	0.996689	0.995407	0.965715	0.965061	1.005725	0.986615
AC009237.8	AC009237.8	ASO_G0229689_07	Targeted lncRNA	r15bALLp3	1.052469	0.936475	0.932142	1.038411	1.006198	1.055518	0.98745	1.007655	0.966919	0.97339	0.975694	0.931443	0.963218	1.046613	0.961421	1.046383	0.979345	0.995416	0.971072	0.98933	1.020735	1.012684	1.013158	1.0074	0.981442	1.049716	0.97551	0.979051
CHROMR	AC009948.5	ASO_G0223960_01	Targeted lncRNA	r3b2p6	1.056026	0.986675	0.944506	0.900063	0.973836	1.037351	0.991815	1.011248	1.056096	0.942886	1.030354	0.998767	0.95172	0.96835	0.950746	0.963182	1.000596	0.951578	0.997006	0.96463	0.977114	0.934182	0.980272	0.934782	0.945163	0.930403	0.99968	1.00767
CHROMR	AC009948.5	ASO_G0223960_03	Targeted lncRNA	r3b2p6	1.03755	0.937109	0.928243	0.841168	1.054769	0.986177	1.001461	0.992127	0.965304	1.000383	0.989315	1.101124	0.994476	0.914948	0.98631	0.906426	0.943465	0.929714	0.965024	0.959659	0.964009	0.905692	0.968205	0.918514	0.967423	0.873535	0.995654	1.02794
CHROMR	AC009948.5	ASO_G0223960_04	Targeted lncRNA	r3b2p6	0.942933	0.944273	0.956306	0.943764	0.960733	0.996997	0.98792	0.992924	1.027216	0.995852	1.022567	1.010801	0.955016	0.968041	0.951488	0.964146	0.978714	0.989849	0.973166	0.991852	0.998616	0.98764	1.005545	0.989292	0.964312	0.958938	1.000155	1.004704
CHROMR	AC009948.5	ASO_G0223960_08	Targeted lncRNA	r3b2p6	0.874215	0.841292	0.839866	0.877773	0.883013	0.867376	0.966282	0.958537	1.089781	1.095687	1.205445	1.183789	0.859407	0.865186	0.860607	0.869554	0.994351	1.011972	1.019759	1.020584	0.913237	0.969475	0.934437	0.990237	0.838323	0.869244	1.053849	1.043022
CHROMR	AC009948.5	ASO_G0223960_AD_01	Targeted lncRNA	r12b2ADp1	0.976499	0.93944	0.932564	0.966236	1.012628	0.996741	0.982399	1.005401	0.992895	1.016779	0.979167	1.026658	0.959083	0.982724	0.953692	0.984069	0.943648	0.985642	0.936594	0.99217	0.99963	0.948269	1.00542	0.957882	0.989561	0.970784	0.970136	1.018844
CHROMR	AC009948.5	ASO_G0223960_AD_03	Targeted lncRNA	r12b2ADp1	0.879191	0.868701	0.978488	0.979726	1.086432	1.034213	1.007224	0.990628	0.973343	0.972813	0.976311	0.969609	1.028892	0.991739	1.017287	0.981751	0.967748	0.956136	0.967077	0.95686	0.979021	1.009638	0.973875	1.001555	1.006358	1.008151	0.988739	0.974116
CHROMR	AC009948.5	ASO_G0223960_AD_04	Targeted lncRNA	r12b2ADp1	0.836149	0.831651	1.209623	1.056767	1.03937	1.051616	0.998146	1.003088	0.958311	0.976783	0.93686	0.95601	1.103409	1.042945	1.095419	1.030159	1.053539	1.00232	1.032667	0.99279	1.093559	1.019075	1.078957	1.018156	1.117829	1.043683	0.974788	0.982608
CHROMR	AC009948.5	ASO_G0223960_AD_05	Targeted lncRNA	r12b2ADp1	0.86749	0.903643	1.02933	1.045992	1.062701	1.085043	1.009679	1.012728	0.975337	0.953124	0.941504	0.939341	1.047304	1.048856	1.04256	1.047034	0.989567	0.967493	0.990823	0.964818	1.005133	1.008025	0.988383	0.993466	1.032888	1.054774	0.986767	0.980547
CHROMR	AC009948.5	ASO_G0223960_AD_10	Targeted lncRNA	r12b2ADp1	0.775582	0.724322	1.119117	1.057078	1.054536	1.118748	1.005582	0.993658	0.97352	0.931386	0.966329	0.896114	1.061584	1.071624	1.054442	1.05622	1.01243	0.951893	1.002726	0.937432	1.043766	1.05631	1.038236	1.035593	1.065211	1.094791	0.985556	0.938699
ZNF232-AS1	AC012146.7	ASO_G0234327_01	Targeted lncRNA	r6b5p3	0.86326	0.847138	1.02468	0.974782	0.973913	0.975487	0.990993	1.003537	1.017498	1.018097	1.013831	1.021793	0.992221	0.97039	0.990199	0.956079	1.039847	0.988384	1.024424	0.987731	1.030555	1.000376	1.035537	0.994345	0.998696	0.975086	0.997511	0.994602
ZNF232-AS1	AC012146.7	ASO_G0234327_06	Targeted lncRNA	r6b5p3	0.870624	0.759603	0.930085	0.970828	0.954635	0.98139	1.004908	0.993381	1.014145	1.028437	1.060609	1.068926	0.946387	0.972463	0.946183	0.966445	1.000373	0.99214	1.006262	0.999957	0.963578	0.987073	0.961376	0.982242	0.930366	0.953004	1.021554	1.009441
ZNF232-AS1	AC012146.7	ASO_G0234327_07	Targeted lncRNA	r6b5p3	0.440342	0.43073	0.825246	0.761799	0.898408	0.844161	0.970579	0.964248	1.077476	1.12127	1.155484	1.223833	0.85639	0.791996	0.841439	0.776437	0.938448	0.928218	0.957736	0.960592	0.97842	0.919621	0.978767	0.942559	0.863038	0.797916	1.012114	1.046442
ZNF232-AS1	AC012146.7	ASO_G0234327_08	Targeted lncRNA	r6b5p3	0.701698	0.71426	0.923222	0.928648	0.942009	0.929355	0.987343	0.98587	1.037106	1.053777	1.096423	1.11356	0.920691	0.921082	0.904611	0.914336	0.97314	1.011201	0.976789	1.016125	0.990157	0.991627	0.992726	1.002203	0.925083	0.911137	1.011229	1.025213
ZNF232-AS1	AC012146.7	ASO_G0234327_10	Targeted lncRNA	r6b5p3	0.780105	0.81862	1.002286	0.962339	0.962902	0.98141	0.990293	0.997273	1.014059	1.015761	1.024646	1.036562	0.971803	0.963309	0.958168	0.959346	1.007414	1.010482	0.99516	1.006786	1.042154	1.013265	1.037209	1.009726	0.989935	0.965028	0.9831	1.001117
LINC01535	AC012309.5	ASO_G0226686_01	Targeted lncRNA	r4b4p4	1.064937	0.972521	0.934017	0.995757	1.033158	0.959183	0.994237	0.989503	0.977809	1.016621	0.939429	1.019035	0.970852	0.97367	0.968899	0.981406	0.931244	1.010923	0.928939	1.01234	0.965459	1.004771	0.96181	1.005994	0.980175	0.987595	0.964486	1.009286
LINC01535	AC012309.5	ASO_G0226686_03	Targeted lncRNA	r4b4p4	0.991085	0.888993	0.955813	0.960279	0.940648	0.945818	0.981675	0.987966	1.036653	1.02188	1.046907	1.057951	0.933057	0.943879	0.933447	0.944802	1.001537	1.008529	0.999462	1.014231	0.997229	1.01719	1.002136	1.020007	0.948713	0.950667	1.001862	1.013844
LINC01535	AC012309.5	ASO_G0226686_04	Targeted lncRNA	r4b4p4	0.882553	0.959823	0.967843	0.968964	1.043633	0.930832	1.004412	0.974725	1.000929	1.046138	0.985552	1.055349	1.002314	0.935945	0.995376	0.939642	0.955428	1.011554	0.961667	1.002916	0.968929	1.025318	0.956683	1.034062	0.979892	0.953088	0.986873	1.004731
LINC01535	AC012309.5	ASO_G0226686_05	Targeted lncRNA	r4b4p4	1.049381	0.925005	0.916182	1.038003	0.954598	0.961615	0.975855	0.990288	1.048332	1.023357	1.066897	1.041462	0.91585	0.994881	0.908222	0.9976	0.952862	1.030287	0.958827	1.034282	0.987444	1.030421	0.992236	1.023692	0.933713	0.994403	0.994498	1.011888
LINC01535	AC012309.5	ASO_G0226686_07	Targeted lncRNA	r4b4p4	0.844332	0.952837	0.924907	0.972985	0.890345	0.908661	0.979059	0.974991	1.078095	1.048037	1.094677	1.095457	0.892907	0.918666	0.902017	0.920609	0.992813	1.030243	1.004159	1.028181	0.966163	1.009722	0.977656	1.023448	0.909813	0.936466	1.026975	1.027949
LINC01578	AC013394.2	ASO_G0272888_01	Targeted lncRNA	r14b9plusp3	0.930287	0.967559	1.016524	0.91884	0.993071	0.977487	0.988777	1.001557	1.023116	1.042289	0.987653	1.015484	0.998021	0.955083	1.003435	0.961942	0.994806	0.961786	0.989005	0.972147	1.014818	0.948282	1.019192	0.960082	1.024758	0.96209	0.993293	1.01228
LINC01578	AC013394.2	ASO_G0272888_02	Targeted lncRNA	r14b9plusp3	0.969946	0.925335	0.945993	0.909127	0.964248	0.930285	0.996711	0.980856	1.023869	1.06427	1.062032	1.123681	0.962641	0.917299	0.961502	0.915561	0.990371	0.986516	1.009792	1.005878	0.975406	0.964312	0.980319	0.973504	0.943974	0.908885	1.020793	1.026622
LINC01578	AC013394.2	ASO_G0272888_04	Targeted lncRNA	r14b9plusp3	1.04125	1.013605	1.031337	1.085479	0.992482	0.957145	0.995629	0.984649	0.977685	1.00345	0.983838	1.030822	1.0053	1.005293	1.005595	1.004858	1.012391	1.042836	1.004432	1.029759	1.033908	1.086499	1.027861	1.076722	1.019757	1.032401	0.984828	0.996756
LINC01578	AC013394.2	ASO_G0272888_05	Targeted lncRNA	r14b9plusp3	0.993541	1.002454	0.93882	0.990004	0.959766	0.974026	0.991274	0.996156	1.014401	1.040351	1.037219	1.027565	0.952345	0.976449	0.95263	0.976951	0.983672	1.00438	0.991146	1.006981	0.988409	1.006856	0.993099	1.009784	0.961916	0.984566	1.003507	1.010468
LINC01578	AC013394.2	ASO_G0272888_08	Targeted lncRNA	r14b9plusp3	1.011869	1.016082	1.005641	0.926813	1.01729	0.951025	1.002336	0.987809	0.984823	1.033074	0.980434	1.056036	1.014511	0.930851	1.018807	0.929198	0.986841	0.98343	0.982067	0.988146	0.998137	0.98038	0.997176	0.982759	1.017912	0.935202	0.989764	1.01262
LINC01578	AC013394.2	ASO_G0272888_AD_04	Targeted lncRNA	r12b2ADp6	0.940497	0.982804	0.925431	0.891118	0.983571	1.01767	0.990365	0.990442	1.038921	1.002354	1.040764	1.005757	0.950351	0.950754	0.948283	0.947928	0.985318	0.959504	0.98888	0.956816	0.969874	0.964125	0.970686	0.963643	0.946297	0.940196	1.014487	0.991163
LINC01578	AC013394.2	ASO_G0272888_AD_06	Targeted lncRNA	r12b2ADp6	0.968871	0.922257	0.876145	0.970113	0.976067	0.980054	0.995435	0.985305	1.040835	0.989755	1.086515	1.010097	0.929492	0.973098	0.919458	0.973496	0.973988	1.003287	0.985879	0.992125	0.938866	1.018825	0.947862	1.017702	0.902661	0.984936	1.022025	0.992255
LINC01578	AC013394.2	ASO_G0272888_AD_07	Targeted lncRNA	r12b2ADp6	0.911694	0.908204	0.915012	0.890304	0.994965	0.942071	0.993857	0.986538	1.026669	1.035531	1.037494	1.049583	0.968235	0.917244	0.965079	0.921924	0.961237	0.960357	0.96624	0.979661	0.976925	0.964	0.979683	0.97558	0.967179	0.921604	0.99001	1.014661
LINC01578	AC013394.2	ASO_G0272888_AD_09	Targeted lncRNA	r12b2ADp6	1.008023	1.03389	1.06834	0.973371	1.079659	1.062811	1.016129	1.010263	0.898674	0.955999	0.965197	0.988856	1.085655	1.028738	1.088161	1.021239	1.004283	0.95992	0.999545	0.969819	1.009546	0.961845	1.004885	0.963501	1.065016	1.006896	1.004883	1.004797
LINC01578	AC013394.2	ASO_G0272888_AD_10	Targeted lncRNA	r12b2ADp6	0.850879	0.791487	0.956668	0.93525	1.040168	1.005575	1.006594	1.00247	0.970065	1.004701	1.044486	1.040323	1.007565	0.98009	0.998061	0.976183	0.983902	0.976197	0.98813	0.988886	0.981441	0.957964	0.979188	0.957417	0.976149	0.949013	1.005932	1.014755
AC016747.3	AC016747.3	ASO_G0212978_01	Targeted lncRNA	r2b1p3	0.853685	0.82889	0.851708	0.897278	0.895926	0.893882	0.971653	0.973122	1.037147	1.04031	1.089241	1.061653	0.865367	0.887491	0.872664	0.897648	1.004608	1.013106	0.998469	1.014312	0.983983	1.002594	0.988111	1.011	0.877942	0.913687	1.005826	1.008142
AC016747.3	AC016747.3	ASO_G0212978_02	Targeted lncRNA	r2b1p3	0.891317	0.857644	0.919274	0.979718	0.980284	1.055702	1.003828	1.011597	0.976764	0.951225	0.983089	0.927747	0.947044	1.023492	0.953909	1.02433	0.976417	0.984498	0.976289	0.977009	0.973542	0.990882	0.969808	0.985606	0.952195	1.019078	0.994732	0.978728
AC016747.3	AC016747.3	ASO_G0212978_03	Targeted lncRNA	r2b1p3	0.695744	0.623489	1.38142	1.191919	1.297492	1.268545	1.046979	1.047472	0.948092	0.930734	0.903005	0.918559	1.367026	1.269647	1.346454	1.250798	1.037493	0.99054	1.05991	1.01043	1.008454	0.948645	0.99161	0.931453	1.249339	1.147359	1.005867	1.011388
AC016747.3	AC016747.3	ASO_G0212978_04	Targeted lncRNA	r2b1p3	0.944786	0.908775	0.970691	0.893961	1.046282	1.020814	1.000915	1.002052	0.996429	0.987379	1.042034	0.991535	1.015084	0.965553	1.003271	0.960906	0.981343	0.944256	0.990077	0.958351	0.981024	0.983162	0.979042	0.975961	0.982513	0.959499	1.00421	0.981037
AC016747.3	AC016747.3	ASO_G0212978_06	Targeted lncRNA	r2b1p3	0.892528	0.911374	0.920152	0.885072	0.96477	1.013383	1.002459	1.009826	1.029233	0.969785	1.052764	0.985037	0.941114	0.950934	0.940535	0.946661	0.98723	0.952888	0.99533	0.954193	0.977378	0.964771	0.984555	0.960654	0.94175	0.943231	1.016372	0.989838
LINC01116	AC017048.3	ASO_G0163364_01	Targeted lncRNA	r1b0p1	1.093298	0.810256	0.964526	0.955627	0.946407	0.966676	0.994539	0.983912	1.006309	1.074585	1.034129	1.01599	0.954225	0.954407	0.960372	0.958573	0.999994	0.99724	1.01679	0.983278	1.000343	1.012427	1.006924	1.021922	0.956611	0.974082	1.018571	0.990628
LINC01116	AC017048.3	ASO_G0163364_02	Targeted lncRNA	r1b0p1	0.974089	1.046115	0.897171	0.964003	0.999482	1.002771	1.004945	1.002111	0.948566	1.042576	1.032178	1.028111	0.961812	0.997094	0.957176	0.989557	0.959146	0.987497	0.978386	0.991107	0.941192	0.986531	0.939967	0.985251	0.923867	0.982205	1.014217	1.006189
LINC01116	AC017048.3	ASO_G0163364_03	Targeted lncRNA	r1b0p1	0.961778	0.989023	0.987896	1.052562	0.881237	0.912151	0.976874	0.988504	1.106813	1.05268	1.106506	1.099206	0.924351	0.970195	0.922455	0.971735	1.031618	1.043449	1.033572	1.04833	1.049506	1.052952	1.057063	1.052278	0.953217	0.981092	1.016841	1.023107
LINC01116	AC017048.3	ASO_G0163364_04	Targeted lncRNA	r1b0p1	1.052027	0.980151	0.939912	0.940167	0.964004	0.991753	0.991095	1.00539	1.043605	0.978238	1.054411	1.032363	0.958135	0.976955	0.958781	0.978383	0.994518	0.959264	1.002331	0.976312	0.993779	0.954305	0.997285	0.958319	0.959587	0.960361	1.006156	1.013081
LINC01116	AC017048.3	ASO_G0163364_06	Targeted lncRNA	r1b0p1	0.367872	0.452701	0.869853	1.015349	0.880639	0.921201	0.959941	0.967757	1.089364	1.091938	1.171152	1.119757	0.871858	0.959215	0.86024	0.944541	0.989505	1.026197	1.005742	1.023918	1.007741	1.075491	1.012361	1.073858	0.865564	0.970897	1.019131	0.99846
LINC01116	AC017048.3	ASO_G0163364_AD_01	Targeted lncRNA	r10b0ADp1	0.629101	0.260644	0.966475	0.838348	0.903287	0.904387	0.976486	0.959231	1.058197	1.084165	1.114942	1.191657	0.937612	0.865923	0.952246	0.866461	1.063759	1.002944	1.040322	0.999708	0.9942	0.932199	1.000983	0.942796	0.938978	0.841606	1.026397	1.030964
LINC01116	AC017048.3	ASO_G0163364_AD_02	Targeted lncRNA	r10b0ADp1	1.011974	0.958474	0.898135	1.02703	1.014987	1.015335	1.004766	0.997088	0.977431	1.007959	1.052693	1.034842	0.963746	1.027419	0.95765	1.020017	0.966751	1.026647	0.981254	1.015171	0.924112	1.019394	0.929839	1.01448	0.924819	1.010558	1.023435	1.005586
LINC01116	AC017048.3	ASO_G0163364_AD_03	Targeted lncRNA	r10b0ADp1	0.952615	0.858132	1.035656	1.005221	0.998146	1.041424	0.986707	0.999826	0.992085	0.952849	0.997901	0.979496	1.008191	1.023728	1.012112	1.014712	1.03007	0.972847	1.017638	0.974499	1.051903	1.013585	1.048588	1.012387	1.018462	1.027923	0.987487	0.985366
LINC01116	AC017048.3	ASO_G0163364_AD_09	Targeted lncRNA	r10b0ADp1	0.88681	0.821227	0.966728	0.915282	0.997414	0.976736	0.992757	0.986631	0.993685	1.028942	1.0274	1.079224	0.975679	0.938719	0.963805	0.925329	0.978799	0.976295	0.984167	0.99213	1.003582	0.967842	0.997619	0.974742	0.968481	0.919096	0.995045	1.015277
LINC01116	AC017048.3	ASO_G0163364_AD_10	Targeted lncRNA	r10b0ADp1	0.968568	0.855439	1.017543	1.009448	0.949848	0.988031	0.992864	0.99171	1.032705	1.00161	1.070199	1.032092	0.978447	0.995762	0.970204	0.987976	1.029681	0.995543	1.03313	0.999166	1.030313	1.016014	1.025423	1.017853	0.978905	1.000719	1.011226	1.001464
LINC01117	AC017048.4	ASO_G0224577_01	Targeted lncRNA	r14b9plusp3	0.928128	0.905008	1.169362	0.997767	1.000349	0.94748	0.987309	0.987891	0.998786	1.032548	1.026893	1.04877	1.055525	0.963501	1.056155	0.965655	1.060383	1.017475	1.051739	1.016961	1.101668	1.016042	1.104394	1.020892	1.069787	0.972642	1.001446	1.013119
LINC01117	AC017048.4	ASO_G0224577_02	Targeted lncRNA	r14b9plusp3	0.660499	0.686186	0.925629	0.881785	0.949384	0.953154	0.983048	0.994762	1.02124	1.02955	1.090866	1.113331	0.94074	0.927007	0.943289	0.923677	1.016582	0.983655	1.016007	1.008401	1.013348	0.953076	1.009903	0.949706	0.925718	0.889327	1.010439	1.030228
LINC01117	AC017048.4	ASO_G0224577_03	Targeted lncRNA	r14b9plusp3	0.971211	0.909476	0.987188	0.970331	0.975067	1.020867	0.990945	0.998099	1.020471	0.985363	1.037619	0.992704	0.974314	0.996948	0.977126	0.994471	1.016149	0.981059	1.014962	0.981489	1.004872	1.012091	1.010697	1.004995	0.961364	0.995827	1.006133	0.989526
LINC01117	AC017048.4	ASO_G0224577_04	Targeted lncRNA	r14b9plusp3	0.778049	0.711312	1.048632	1.082602	0.952859	0.998248	0.987014	0.994395	1.022653	0.997971	1.03526	1.025085	0.983308	1.032034	0.979806	1.021299	1.033539	1.033896	1.020186	1.02791	1.071293	1.065514	1.061419	1.056928	1.001915	1.036167	0.993259	0.993692
LINC01117	AC017048.4	ASO_G0224577_05	Targeted lncRNA	r14b9plusp3	0.917971	0.918953	0.954372	0.999913	0.958686	0.999138	0.98618	1.006027	1.027062	1.002555	1.056605	1.023117	0.957515	1.005886	0.954347	1.009421	0.994288	1.000405	0.996717	1.005942	1.00463	0.991898	1.007785	0.992114	0.961677	1.000759	1.006299	1.016685
LINC01117	AC017048.4	ASO_G0224577_AD_02	Targeted lncRNA	r10b0ADp1	1.024585	0.975147	0.904641	1.030012	0.921581	0.909825	0.982177	0.978267	1.034719	1.013726	1.057593	1.025839	0.904759	0.943964	0.907599	0.952324	0.991997	1.041136	0.995032	1.021106	0.981329	1.054959	0.988844	1.055299	0.918948	0.982304	1.007967	0.989152
LINC01117	AC017048.4	ASO_G0224577_AD_05	Targeted lncRNA	r10b0ADp1	0.893061	0.942863	1.023338	1.035392	0.968839	0.987788	0.992238	0.992447	0.975134	0.991693	0.989637	0.947479	0.993259	1.001175	0.98847	0.999113	1.020205	0.996409	1.010558	0.984419	1.048655	1.059896	1.040215	1.057233	1.012384	1.05312	0.985759	0.97648
LINC01117	AC017048.4	ASO_G0224577_AD_08	Targeted lncRNA	r10b0ADp1	0.97535	0.975822	1.038508	1.009694	0.982722	0.957937	0.98771	0.992258	0.995387	1.023083	1.025178	1.026543	0.99988	0.973542	0.997262	0.981106	1.027358	1.023231	1.02096	1.01464	1.033091	1.0015	1.034093	1.006425	1.007196	0.984221	1.003685	1.013511
LINC01117	AC017048.4	ASO_G0224577_AD_09	Targeted lncRNA	r10b0ADp1	0.913315	0.989994	1.043698	1.086955	1.001726	0.971025	0.998239	0.990503	0.97743	1.01598	0.994958	1.016976	1.020809	1.020994	1.018443	1.023104	1.019386	1.044002	1.017115	1.035178	1.04968	1.058686	1.044828	1.054412	1.024106	1.040749	0.986099	1.001554
LINC01117	AC017048.4	ASO_G0224577_AD_10	Targeted lncRNA	r10b0ADp1	0.943707	1.064092	0.987134	0.979445	0.98052	0.978221	0.994833	0.989719	1.051988	1.008588	1.058152	1.043482	0.98331	0.974203	0.975568	0.971994	1.013991	1.002303	1.01878	1.007707	0.988321	0.985097	0.988749	0.984312	0.966108	0.963711	1.016751	1.012507
AC018464.3	AC018464.3	ASO_G0234520_01	Targeted lncRNA	r6b5p3	0.870136	0.900725	0.990066	0.964617	0.994856	0.999078	1.011616	0.995272	1.005729	1.015173	1.004975	0.990973	0.994584	0.975934	0.991741	0.971665	0.996571	0.984855	1.00357	0.980756	0.971909	0.994008	0.96929	0.996867	0.980236	0.989421	1.008375	0.98808
AC018464.3	AC018464.3	ASO_G0234520_04	Targeted lncRNA	r6b5p3	0.951748	0.995839	0.999363	1.093868	0.99025	0.955492	1.007708	0.995928	1.01526	1.011376	1.027302	1.002956	0.999505	1.017161	0.990604	1.02038	1.003622	1.053431	1.014076	1.045869	0.976759	1.062506	0.97772	1.065628	0.974476	1.043549	1.023319	1.004284
AC018464.3	AC018464.3	ASO_G0234520_05	Targeted lncRNA	r6b5p3	0.812537	0.930805	1.008152	1.033679	0.97783	0.938439	0.99701	0.996218	1.03652	1.020463	1.051692	1.009662	0.982107	0.981895	0.977994	0.982627	1.01349	1.034922	1.027255	1.031519	1.000626	1.019601	1.003454	1.026844	0.975161	0.995419	1.019543	1.006712
AC018464.3	AC018464.3	ASO_G0234520_06	Targeted lncRNA	r6b5p3	0.842267	0.950343	0.994619	1.097224	0.999289	0.962301	1.003397	1.000436	1.006761	1.018739	1.052074	1.032269	1.005138	1.029294	0.994529	1.034345	1.011544	1.06612	1.014553	1.049992	0.991129	1.014938	0.984985	1.020181	0.976113	1.029812	1.005397	1.028849
AC018464.3	AC018464.3	ASO_G0234520_08	Targeted lncRNA	r6b5p3	0.829998	0.903883	0.956992	1.091857	0.999872	1.01754	0.997298	1.001345	1.016746	0.985397	1.025187	0.99021	0.983552	1.055045	0.972484	1.058931	0.978248	1.046022	0.978798	1.030785	0.99983	1.019361	0.984324	1.024502	0.971716	1.05763	0.981664	1.015595
LSP1P4	AC027612.6	ASO_G0143429_01	Targeted lncRNA	r2b1p4	1.032345	0.89784	0.988327	0.952326	1.011831	0.958281	1.002172	0.980533	1.032838	1.035989	1.041089	1.064945	1.014514	0.956043	1.006269	0.948227	0.994922	0.989098	1.001405	0.998577	0.967049	1.011898	0.974564	1.005741	0.981886	0.959942	1.013901	0.998305
LSP1P4	AC027612.6	ASO_G0143429_03	Targeted lncRNA	r2b1p4	0.522318	0.690339	1.197691	0.94323	0.925384	0.92662	0.975087	0.99428	1.001458	1.077162	0.964166	1.09157	1.025918	0.946616	1.03865	0.946179	1.139856	1.005831	1.078851	1.018451	1.200506	0.975094	1.187634	0.986158	1.109848	0.939754	0.963313	1.026942
LSP1P4	AC027612.6	ASO_G0143429_04	Targeted lncRNA	r2b1p4	0.90633	0.922422	0.895861	1.001602	0.847619	0.980359	0.965523	0.99829	1.098047	1.036676	1.132404	1.026882	0.860124	0.995017	0.868385	0.99069	1.049327	1.001938	1.043716	1.007335	0.991994	1.00277	1.003865	1.003868	0.876519	0.986873	1.021264	1.004639
LSP1P4	AC027612.6	ASO_G0143429_05	Targeted lncRNA	r2b1p4	0.79821	0.881332	1.098777	0.863425	0.887243	0.841835	0.960723	0.971953	0.983223	1.093515	0.908131	1.159802	0.933752	0.853755	0.9534	0.865594	1.094498	1.055035	1.034521	1.055526	1.190731	0.976158	1.173231	0.988193	1.072343	0.853983	0.941843	1.040675
LSP1P4	AC027612.6	ASO_G0143429_06	Targeted lncRNA	r2b1p4	1.009096	1.090221	1.058967	1.102121	0.98509	1.001461	1.00173	1.002985	1.047388	0.942705	1.000298	0.898479	1.030872	1.057912	1.030852	1.074262	1.026365	1.044286	1.017373	1.018832	1.023352	1.073793	1.021836	1.056251	1.042401	1.095993	0.999422	0.96483
LSP1P4	AC027612.6	ASO_G0143429_AD_01	Targeted lncRNA	r12b2ADp1	0.941511	0.984889	1.039974	0.993503	1.131828	1.050289	1.014628	1.005075	0.914189	0.958368	0.871804	0.918961	1.086613	1.019489	1.085766	1.019363	0.967144	0.973047	0.951396	0.959645	0.997063	1.020747	0.978646	1.00283	1.085238	1.044605	0.957284	0.964719
LSP1P4	AC027612.6	ASO_G0143429_AD_02	Targeted lncRNA	r12b2ADp1	0.985182	0.935785	1.01817	0.962743	1.062864	1.065493	1.017912	1.005738	0.950666	0.953988	0.93216	0.965966	1.041747	1.014468	1.045874	1.009044	0.983432	0.960765	0.980653	0.960983	0.984873	0.971323	0.979535	0.970848	1.030567	1.002975	0.982902	0.985544
LSP1P4	AC027612.6	ASO_G0143429_AD_03	Targeted lncRNA	r12b2ADp1	0.965163	0.901548	1.025416	0.940703	1.033658	1.060055	1.000627	1.003462	0.950156	0.980373	0.96359	0.96531	1.022511	1.007312	1.027449	0.99937	0.996613	0.955646	0.985739	0.955819	1.012821	0.964776	1.003191	0.957861	1.026105	0.982254	0.991878	0.984941
LSP1P4	AC027612.6	ASO_G0143429_AD_05	Targeted lncRNA	r12b2ADp1	0.857864	0.868627	0.956462	1.012353	1.019012	1.048256	0.999946	1.008634	0.993582	0.993084	0.994539	0.964983	0.98393	1.022056	0.986034	1.015583	0.969355	0.97341	0.967078	0.975194	0.953932	0.987444	0.946867	0.983998	0.979722	1.02222	0.999054	0.989993
LSP1P4	AC027612.6	ASO_G0143429_AD_06	Targeted lncRNA	r12b2ADp1	0.999306	0.954331	1.031684	0.969036	1.030698	1.07229	1.003262	1.010307	0.962981	0.965294	1.006852	0.973496	1.035736	1.030658	1.029122	1.022975	0.993224	0.954133	1.007922	0.96295	0.998976	0.97756	0.990977	0.970332	1.017981	1.000902	1.006155	0.989211
AC046143.3	AC046143.3	ASO_G0229334_03	Targeted lncRNA	r6b5p1	0.247026	0.248945	0.731199	0.725539	0.812061	0.870589	0.939985	0.950525	1.186568	1.165399	1.265781	1.296655	0.744899	0.7899	0.728807	0.773493	0.912176	0.89079	0.931992	0.92951	0.918873	0.862234	0.941113	0.88675	0.780332	0.779777	1.038089	1.053133
AC046143.3	AC046143.3	ASO_G0229334_05	Targeted lncRNA	r6b5p1	0.540414	0.486015	0.905047	0.819848	0.915829	0.916596	0.978187	0.988953	1.079829	1.075444	1.137035	1.165362	0.896532	0.868159	0.879859	0.852958	0.938019	0.914231	0.957069	0.950579	0.978478	0.915625	0.977276	0.921556	0.916518	0.85664	1.020028	1.035339
AC046143.3	AC046143.3	ASO_G0229334_06	Targeted lncRNA	r6b5p1	0.725738	0.740318	0.931801	0.983187	0.987091	1.014287	1.000001	0.996673	1.057717	1.016089	1.12016	1.059682	0.966311	1.010269	0.943955	0.996257	0.948617	0.97905	0.983086	0.997842	0.950505	0.990457	0.94638	0.989613	0.948371	0.984813	1.030551	1.010932
AC046143.3	AC046143.3	ASO_G0229334_08	Targeted lncRNA	r6b5p1	0.774421	0.778183	0.937557	0.947607	1.021912	0.983465	0.996312	0.996708	1.00632	1.029426	1.030174	1.071832	0.971827	0.960203	0.955946	0.943893	0.953993	0.968403	0.954005	0.985034	0.996874	0.977678	0.987683	0.986425	0.971972	0.943208	0.989611	1.012107
AC084219.4	AC084219.4	ASO_G0186019_01	Targeted lncRNA	r5b3p3	0.959815	1.0177	0.986471	1.065887	0.942276	1.01098	0.986723	1.006703	1.023667	0.981203	1.024263	1.001892	0.95331	1.034214	0.956832	1.032624	1.01815	1.020622	1.01368	1.023538	1.017693	1.011247	1.023869	1.014557	0.969612	1.034862	1.003864	1.010843
AC084219.4	AC084219.4	ASO_G0186019_02	Targeted lncRNA	r5b3p3	0.937552	0.951539	0.8689	0.944325	0.933835	0.958787	0.97527	0.9978	1.026859	1.027274	1.081465	1.037876	0.896957	0.953258	0.892202	0.95368	0.961038	0.9628	0.968573	0.971643	0.957988	0.962595	0.973727	0.983272	0.903427	0.965775	1.014611	1.017061
AC084219.4	AC084219.4	ASO_G0186019_03	Targeted lncRNA	r5b3p3	0.958901	0.983365	0.97418	1.030914	0.950895	1.049426	0.993628	1.017181	1.015678	0.995815	1.069318	0.99787	0.968278	1.056875	0.964169	1.050695	0.998625	0.988392	1.010372	1.010532	0.994479	0.964527	1.010909	0.974102	0.968468	1.015907	1.021794	1.017079
AC084219.4	AC084219.4	ASO_G0186019_06	Targeted lncRNA	r5b3p3	0.911323	0.939585	0.914108	0.958693	0.949409	0.963303	0.991131	0.98863	1.07283	1.012272	1.072038	1.016043	0.929114	0.947336	0.923408	0.947631	0.958372	0.987755	0.969108	0.988168	0.968224	1.019415	0.980835	1.025868	0.940791	0.984558	1.016414	0.995949
AC084219.4	AC084219.4	ASO_G0186019_09	Targeted lncRNA	r5b3p3	0.873097	0.994888	0.925067	0.982775	0.967251	0.928349	0.986395	0.989788	1.034305	1.058515	1.067162	1.069183	0.943991	0.949542	0.933088	0.941741	0.978464	1.015652	0.993579	1.012995	0.978682	1.018004	0.983283	1.022453	0.92923	0.95817	1.013625	1.009889
ZFAND2A-DT	AC091729.9	ASO_G0229043_01	Targeted lncRNA	r3b2p6	0.980052	1.074466	0.94523	1.007936	0.972615	1.02316	1.0038	1.004662	0.993137	0.988896	1.005235	1.006233	0.957812	1.018394	0.959259	1.017104	0.987509	0.999396	0.989029	1.001685	0.988177	0.98129	0.995281	0.983072	0.95957	1.000877	1.002098	1.002943
ZFAND2A-DT	AC091729.9	ASO_G0229043_02	Targeted lncRNA	r3b2p6	0.952996	0.903448	0.916573	0.886884	0.896226	0.861075	0.980089	0.969401	1.044921	1.069188	1.065823	1.114099	0.889146	0.856791	0.887436	0.862507	0.991976	1.00521	0.999279	1.019541	1.007664	0.999955	1.012238	1.015828	0.911284	0.880901	1.001934	1.021707
ZFAND2A-DT	AC091729.9	ASO_G0229043_03	Targeted lncRNA	r3b2p6	0.919038	0.901646	1.022246	0.960219	1.081172	1.055108	1.017578	1.015899	0.946566	0.993339	0.987378	1.007124	1.066608	1.022426	1.059856	1.018623	1.003542	0.978873	1.00362	0.976596	0.961907	0.938506	0.960735	0.938104	1.014838	0.973028	1.015432	1.015669
ZFAND2A-DT	AC091729.9	ASO_G0229043_06	Targeted lncRNA	r3b2p6	0.961212	0.926045	0.998023	0.943003	1.070606	1.035956	1.01863	0.996852	1.044688	1.040798	1.023691	1.064628	1.057455	0.989059	1.049332	0.976973	0.975727	0.977525	0.996868	0.98384	0.951598	0.95307	0.950179	0.96492	0.998999	0.945034	1.022078	1.016169
ZFAND2A-DT	AC091729.9	ASO_G0229043_07	Targeted lncRNA	r3b2p6	0.918025	0.906885	0.965953	0.956804	0.968349	0.938242	0.999585	0.981587	1.002981	1.033042	1.033941	1.09363	0.956123	0.945964	0.958244	0.943939	0.994928	1.005986	0.996975	1.024305	0.996537	0.997806	0.996287	1.004935	0.955588	0.934083	1.007514	1.031326
ZFAND2A-DT	AC091729.9	ASO_G0229043_AD_01	Targeted lncRNA	r13b3ADp3	0.970324	0.974406	0.960981	0.896966	0.996759	1.017137	1.001056	1.010851	1.012988	1.011395	1.004124	1.022362	0.985645	0.966135	0.984006	0.959872	0.981113	0.950829	0.98621	0.968228	0.969719	0.925394	0.968834	0.929523	0.981192	0.9366	1.000477	1.014814
ZFAND2A-DT	AC091729.9	ASO_G0229043_AD_04	Targeted lncRNA	r13b3ADp3	0.97844	0.940081	1.005331	1.04693	0.952938	0.947347	0.997403	0.976679	1.015927	1.050698	0.992772	1.055114	0.974547	0.982224	0.974092	0.981781	1.010808	1.028473	0.999385	1.023682	1.011629	1.050149	1.006035	1.054788	0.992063	1.008613	0.994099	1.006283
ZFAND2A-DT	AC091729.9	ASO_G0229043_AD_05	Targeted lncRNA	r13b3ADp3	0.929572	0.876182	1.070555	1.006189	0.991582	0.968944	0.999856	0.992277	1.003256	1.029718	0.991353	1.057642	1.028633	0.980573	1.02548	0.976898	1.029742	1.00689	1.021016	1.014135	1.042457	1.019528	1.042629	1.01391	1.043095	0.9828	0.995877	1.002878
ZFAND2A-DT	AC091729.9	ASO_G0229043_AD_06	Targeted lncRNA	r13b3ADp3	0.953665	0.916254	1.07756	0.951776	0.971086	0.987055	0.994647	0.985202	1.028924	1.041466	1.042162	1.06909	1.00959	0.963599	1.012951	0.956845	1.031483	0.981261	1.041706	0.9948	1.020374	0.975442	1.018347	0.987322	1.010488	0.952941	1.016023	1.013416
ZFAND2A-DT	AC091729.9	ASO_G0229043_AD_10	Targeted lncRNA	r13b3ADp3	1.040494	1.018065	1.04669	0.948863	1.008208	0.96562	0.99659	0.990636	0.996634	1.010987	1.000891	1.057529	1.026635	0.957537	1.029161	0.959891	1.021262	0.993378	1.015942	0.988819	1.034199	0.996822	1.032698	0.996895	1.034088	0.960831	0.999885	1.000972
ZNF529-AS1	AC092295.7	ASO_G0233527_01	Targeted lncRNA	r6b5p2	0.922271	1.00093	1.036028	1.118803	0.998116	1.026899	0.999496	1.006134	1.016744	0.985137	1.013106	0.924638	1.019374	1.071065	1.014513	1.076912	1.00251	1.030814	1.011045	1.009447	1.015999	1.066699	1.014881	1.063184	1.011044	1.11095	1.000175	0.970005
ZNF529-AS1	AC092295.7	ASO_G0233527_02	Targeted lncRNA	r6b5p2	0.774452	0.767252	0.894123	0.877999	0.989115	0.943542	0.988166	0.984413	1.042608	1.079802	1.040029	1.14456	0.939563	0.909331	0.925811	0.889409	0.929961	0.960181	0.943879	0.975324	0.973949	0.946924	0.967745	0.95055	0.940495	0.890501	0.987769	1.029418
ZNF529-AS1	AC092295.7	ASO_G0233527_03	Targeted lncRNA	r6b5p2	0.694093	0.718356	0.873533	0.933767	0.934461	0.960169	0.994002	0.994685	1.082573	1.040955	1.153722	1.072956	0.903107	0.942683	0.884558	0.92912	0.955004	0.964982	0.995029	0.988449	0.943455	0.99682	0.957113	0.996303	0.87381	0.940077	1.043762	1.013646
ZNF529-AS1	AC092295.7	ASO_G0233527_05	Targeted lncRNA	r6b5p2	0.45551	0.486157	0.872942	0.86837	0.895712	0.899279	0.976861	0.965991	1.119347	1.117907	1.205802	1.143305	0.875878	0.87196	0.864201	0.859631	0.973152	0.96062	1.005653	0.96715	0.934198	0.954257	0.949471	0.964454	0.853992	0.888834	1.058234	1.026541
ZNF529-AS1	AC092295.7	ASO_G0233527_07	Targeted lncRNA	r6b5p2	0.851313	0.896661	0.98469	1.024188	1.030122	1.020735	1.011549	1.001388	1.020511	0.9953	1.044114	0.997714	1.014761	1.028122	1.011054	1.024387	0.994995	1.000796	1.008781	0.991612	0.946988	1.011864	0.943685	1.008195	0.972208	1.023111	1.032755	0.995672
ITGA9-AS1	AC093415.2	ASO_G0235257_01	Targeted lncRNA	r6b5p4	0.872497	0.82418	0.952079	1.009552	1.07257	0.995293	1.009855	0.991488	1.001243	0.983216	1.041747	1.003882	1.031211	0.989408	1.018236	0.985596	0.97471	1.000236	0.991188	0.984633	0.960504	1.039781	0.958885	1.034535	0.977479	1.007308	1.016866	0.980618
ITGA9-AS1	AC093415.2	ASO_G0235257_04	Targeted lncRNA	r6b5p4	0.636784	0.631233	0.913522	0.819101	1.063336	1.024276	1.009341	1.006133	1.014825	1.02496	1.0825	1.112355	0.995549	0.935878	0.97464	0.918869	0.94138	0.910748	0.963487	0.951154	0.936867	0.8677	0.933541	0.874001	0.938535	0.865614	1.025817	1.038283
ITGA9-AS1	AC093415.2	ASO_G0235257_06	Targeted lncRNA	r6b5p4	0.757798	0.692358	0.988448	0.897123	0.995366	0.956302	0.994472	0.998815	1.033685	1.039904	1.08006	1.090049	0.992815	0.924999	0.97696	0.910322	1.00446	0.963764	1.017181	0.984928	1.007555	0.947599	1.014484	0.960958	0.974128	0.906627	1.016621	1.020197
ITGA9-AS1	AC093415.2	ASO_G0235257_07	Targeted lncRNA	r6b5p4	0.697837	0.723863	0.872202	0.912801	0.982363	1.014099	0.998067	0.999355	1.054329	1.033056	1.116691	1.085461	0.936276	0.969348	0.922599	0.956836	0.945626	0.954743	0.981595	0.969548	0.922066	0.962859	0.930782	0.963604	0.899523	0.937119	1.02861	1.009978
ITGA9-AS1	AC093415.2	ASO_G0235257_09	Targeted lncRNA	r6b5p4	0.755779	0.708676	0.957778	0.923465	1.010863	0.931206	0.992009	0.985908	1.028131	1.058396	1.063694	1.109964	0.988898	0.93023	0.963774	0.915519	0.966803	1.006041	0.969215	1.016964	1.021689	1.01336	1.006455	1.023135	0.980586	0.921185	0.988312	1.011098
AC093627.10	AC093627.10	ASO_G0240859_03	Targeted lncRNA	r7b6p6	0.912002	0.914799	1.007933	0.961803	1.020171	1.013181	0.999922	0.994931	0.997652	0.997875	0.989987	1.005525	1.01267	0.987736	1.006917	0.982781	1.000477	0.973039	0.993352	0.969826	1.006364	0.978593	1.003698	0.975657	1.01014	0.983853	0.98701	0.995014
AC093627.10	AC093627.10	ASO_G0240859_04	Targeted lncRNA	r7b6p6	0.823595	0.815341	1.041151	0.969383	0.985959	0.929278	0.993354	0.97492	1.024483	1.046234	1.030268	1.08861	1.015221	0.94337	1.00665	0.935717	1.011839	1.001746	1.01195	1.004075	1.019467	1.029289	1.018928	1.031209	1.009435	0.95572	1.00575	1.008202
AC093627.10	AC093627.10	ASO_G0240859_05	Targeted lncRNA	r7b6p6	0.717367	0.68183	0.974933	0.924194	0.896935	0.944508	0.981511	0.982433	1.086333	1.051611	1.109343	1.126625	0.920308	0.931941	0.919909	0.92092	1.025565	0.990611	1.021013	1.004505	1.02497	0.979748	1.040133	0.985402	0.938061	0.917778	1.017827	1.024466
AC093627.10	AC093627.10	ASO_G0240859_08	Targeted lncRNA	r7b6p6	0.809426	0.772975	1.021827	1.072103	1.04253	0.987771	1.008119	0.999593	1.019205	1.007432	1.024488	1.048259	1.038928	1.027795	1.022698	1.01415	0.993605	1.033116	0.998289	1.040489	0.99849	1.042263	0.996757	1.038087	1.014599	1.010408	1.00957	1.023738
AC093627.10	AC093627.10	ASO_G0240859_09	Targeted lncRNA	r7b6p6	0.745503	0.770431	1.046314	0.950025	0.991858	0.975469	1.000155	1.00587	1.033691	1.048895	1.053656	1.098563	1.02341	0.976106	1.011063	0.962253	1.013375	0.989934	1.025701	1.01527	1.030754	0.950581	1.027774	0.962371	1.014402	0.936013	1.011606	1.03463
AC093627.9	AC093627.9	ASO_G0242474_01	Targeted lncRNA	r7b6p2	0.934147	0.982729	1.018901	1.000747	1.0261	1.009531	1.004843	1.002573	0.963088	0.986883	0.986275	0.986129	1.027878	1.008166	1.018919	1.002585	1.014365	0.993365	0.997035	0.987791	1.032895	1.020413	1.016484	1.016965	1.015674	1.013864	0.976356	0.987944
AC093627.9	AC093627.9	ASO_G0242474_02	Targeted lncRNA	r7b6p2	0.782837	0.810119	0.991482	0.926772	0.960545	0.963184	0.993043	0.99721	1.005014	1.007376	1.024707	1.05531	0.97839	0.94593	0.97472	0.933421	1.025256	0.99156	1.013002	0.993835	1.027995	0.968314	1.014375	0.969204	0.980078	0.92069	0.990925	1.009029
AC093627.9	AC093627.9	ASO_G0242474_04	Targeted lncRNA	r7b6p2	0.748408	0.792668	0.994988	0.981239	0.947286	0.956085	0.990214	0.993509	1.019808	1.028607	1.081597	1.071606	0.967237	0.965415	0.962477	0.952599	1.018179	0.996805	1.014229	1.008265	1.021281	1.000545	1.023693	0.998518	0.970119	0.956871	1.006899	1.012994
AC093627.9	AC093627.9	ASO_G0242474_05	Targeted lncRNA	r7b6p2	0.74478	0.835848	0.973452	0.976435	0.936221	0.974572	0.977614	0.985144	1.03592	1.048407	1.098693	1.091966	0.950294	0.975985	0.934741	0.965138	1.013246	1.005639	1.016685	1.009544	1.012921	0.998243	1.015083	1.003801	0.938632	0.963723	1.008999	1.011502
AC093627.9	AC093627.9	ASO_G0242474_06	Targeted lncRNA	r7b6p2	0.753547	0.861612	1.023795	0.988564	0.987565	0.997521	0.998655	1.001412	0.991055	1.00609	0.991716	1.033844	1.008234	1.001884	1.003161	0.993622	1.016614	0.982382	1.007896	0.993564	1.055558	0.981676	1.051311	0.981128	1.013957	0.985008	0.979509	1.003279
RNASEH1-AS1	AC108488.3	ASO_G0234171_01	Targeted lncRNA	r3b2p2	0.998078	0.940105	0.967944	0.967558	1.017778	0.949055	1.003264	0.986863	1.032564	1.000883	1.031354	1.037281	0.998939	0.950841	0.988906	0.947084	0.974313	1.001496	0.991121	0.996923	0.992233	1.034979	0.995598	1.028144	0.981526	0.966568	1.001291	0.988189
RNASEH1-AS1	AC108488.3	ASO_G0234171_02	Targeted lncRNA	r3b2p2	-0.271085	-0.22457	0.538752	0.568187	0.701377	0.683847	0.912854	0.882859	1.274935	1.294659	1.459597	1.52884	0.588219	0.593159	0.574314	0.582774	0.85553	0.888423	0.897247	0.921534	0.793238	0.827258	0.826628	0.862931	0.61103	0.627824	1.073044	1.087694
RNASEH1-AS1	AC108488.3	ASO_G0234171_03	Targeted lncRNA	r3b2p2	0.95034	1.057353	0.979031	0.900644	1.000686	0.935786	0.997676	0.998846	1.027791	1.056208	1.070391	1.070127	1.005813	0.919233	1.001474	0.915861	0.987894	0.969344	1.000547	0.977602	0.979414	0.966106	0.984035	0.972809	0.984657	0.924382	1.015554	1.01622
RNASEH1-AS1	AC108488.3	ASO_G0234171_06	Targeted lncRNA	r3b2p2	0.76056	0.788412	0.786772	0.804432	0.815473	0.841992	0.954204	0.969895	1.140696	1.137131	1.247476	1.214984	0.777257	0.801645	0.771877	0.794709	0.970057	0.960968	0.992469	0.981531	0.948947	0.936587	0.969764	0.950353	0.797662	0.81579	1.037321	1.035438
RNASEH1-AS1	AC108488.3	ASO_G0234171_09	Targeted lncRNA	r3b2p2	0.194081	0.318778	0.668408	0.660629	0.839999	0.792101	0.958412	0.942771	1.186962	1.223718	1.357257	1.43778	0.75369	0.720694	0.734888	0.707373	0.904124	0.91414	0.945822	0.965656	0.821821	0.837133	0.849999	0.865538	0.716388	0.685086	1.072167	1.092724
AC108488.4	AC108488.4	ASO_G0242282_06	Targeted lncRNA	r7b6p6	0.977155	1.013732	1.002094	1.012736	0.96616	0.936598	0.994039	0.991654	1.052064	1.054645	1.026021	1.048352	0.98171	0.969228	0.971284	0.969288	1.001802	1.013128	1.002804	1.013039	1.014919	1.027616	1.015522	1.029291	0.992854	0.993999	1.002161	1.008792
AC108488.4	AC108488.4	ASO_G0242282_07	Targeted lncRNA	r7b6p6	0.993115	0.954777	1.082919	1.075278	1.019249	0.99637	1.009865	0.996832	0.981922	1.006865	0.964	0.982264	1.045908	1.027465	1.045205	1.033908	1.016905	1.022516	1.010085	1.028061	1.050489	1.027853	1.042321	1.03118	1.063148	1.045229	0.991553	1.001301
AC108488.4	AC108488.4	ASO_G0242282_08	Targeted lncRNA	r7b6p6	0.829966	0.787248	0.956948	0.977933	0.934068	0.972383	0.989228	0.997644	1.06299	1.019398	1.069253	1.035304	0.942769	0.973644	0.938937	0.969427	1.009751	0.993308	1.009599	0.997363	1.002507	0.987518	1.00717	0.99591	0.953728	0.985954	1.012097	1.008249
AC108488.4	AC108488.4	ASO_G0242282_09	Targeted lncRNA	r7b6p6	0.849847	0.921972	0.967474	1.005495	0.931586	0.992302	0.984505	1.00242	1.041248	1.001698	1.075438	1.01885	0.947218	0.992207	0.942518	0.993932	1.004844	0.983015	1.012074	0.983556	1.006748	0.987773	1.01948	0.997476	0.958585	1.004679	1.015923	1.011887
AC108488.4	AC108488.4	ASO_G0242282_10	Targeted lncRNA	r7b6p6	0.652434	0.628333	0.858985	0.886413	0.797088	0.818799	0.950483	0.950426	1.143085	1.129828	1.221346	1.203102	0.810131	0.836925	0.814061	0.845242	1.038656	1.040631	1.039946	1.033272	0.992012	0.997981	1.016537	1.017463	0.835623	0.867858	1.045219	1.043231
AC112721.2	AC112721.2	ASO_G0222032_01	Targeted lncRNA	r4b4p6	0.88863	0.848692	0.904545	0.970991	0.936116	0.977883	0.990843	0.991054	1.045483	1.034937	1.10684	1.051863	0.920938	0.97222	0.913642	0.969963	0.999427	1.013113	1.014818	1.016921	0.964697	0.997927	0.980902	1.003759	0.902671	0.95501	1.03063	1.011436
AC112721.2	AC112721.2	ASO_G0222032_02	Targeted lncRNA	r4b4p6	0.957158	0.85325	1.03787	1.107808	0.985091	1.050437	1.001705	1.003435	1.018551	0.997468	1.058586	1.012763	1.007476	1.084899	1.002331	1.076482	1.015911	1.045053	1.023348	1.045145	1.010062	1.013405	1.018272	1.021064	1.000779	1.043819	1.021419	1.013543
AC112721.2	AC112721.2	ASO_G0222032_03	Targeted lncRNA	r4b4p6	0.987372	0.915038	0.911005	0.932043	0.953904	0.968717	0.990789	0.998299	1.048614	1.037812	1.082992	1.075619	0.925565	0.958498	0.927533	0.959072	0.994283	0.968688	0.999562	0.985499	0.953243	0.952479	0.968016	0.960573	0.906027	0.951687	1.021025	1.024065
AC112721.2	AC112721.2	ASO_G0222032_06	Targeted lncRNA	r4b4p6	0.949952	0.950921	1.043061	0.947283	0.951393	1.010206	0.995838	1.003166	1.044283	1.013676	1.063728	1.014358	0.993465	0.9781	0.99584	0.97974	1.049064	0.99314	1.046008	0.997742	1.020794	0.972803	1.032807	0.977381	0.988535	0.957734	1.018655	1.008903
AC112721.2	AC112721.2	ASO_G0222032_10	Targeted lncRNA	r4b4p6	0.995681	0.94847	0.989257	0.98112	0.97348	0.975943	1.0023	0.999028	1.03714	1.030184	1.057287	1.090955	0.999296	0.986887	1.001358	0.9774	1.029639	1.02074	1.042682	1.039151	0.979555	0.987462	0.986916	0.988654	0.967188	0.940472	1.027012	1.024727
AC124789.1	AC124789.1	ASO_G0260833_01	Targeted lncRNA	r3b2p4	1.023825	1.056809	1.024033	0.988136	0.948841	0.974437	0.985256	0.993035	0.988149	1.018359	1.008999	1.012901	0.982976	0.986222	0.988715	0.987948	1.038975	1.016485	1.026568	1.005129	1.052472	1.012695	1.05536	1.011583	1.004405	0.994382	0.996203	1.000369
AC124789.1	AC124789.1	ASO_G0260833_02	Targeted lncRNA	r3b2p4	0.868388	0.936922	1.039208	0.914956	0.94129	0.921877	0.973178	0.986055	1.007554	1.009059	1.044158	1.078304	0.981113	0.916404	0.985032	0.914517	1.055622	0.99693	1.034387	0.994864	1.072	0.983049	1.075417	0.992151	1.005415	0.926692	0.999983	1.016459
AC124789.1	AC124789.1	ASO_G0260833_03	Targeted lncRNA	r3b2p4	0.924121	1.001683	0.90492	0.895339	0.957591	1.001229	0.981426	1.000201	1.047017	0.991762	1.098452	1.06489	0.931184	0.944043	0.92721	0.935441	0.985477	0.964422	1.001441	0.98485	0.979422	0.939681	0.984572	0.951306	0.920706	0.911607	1.021006	1.025182
AC124789.1	AC124789.1	ASO_G0260833_06	Targeted lncRNA	r3b2p4	-0.18744	-0.322208	0.638545	0.641003	0.784331	0.76614	0.939995	0.927983	1.208079	1.219003	1.384166	1.432967	0.692917	0.695218	0.6718	0.678262	0.869432	0.87228	0.929612	0.937001	0.79407	0.803514	0.828605	0.834248	0.667446	0.67689	1.083592	1.0873
AC124789.1	AC124789.1	ASO_G0260833_07	Targeted lncRNA	r3b2p4	0.84604	0.891263	0.95165	0.898595	0.941615	0.913358	0.982686	0.985647	1.0143	1.059766	1.072798	1.110867	0.95098	0.910979	0.946377	0.915967	1.015999	1.004344	1.019638	1.012889	1.027768	0.965282	1.030861	0.980262	0.954526	0.902911	1.012404	1.033302
AC124789.1	AC124789.1	ASO_G0260833_AD_01	Targeted lncRNA	r16bALLp1	0.981737	1.002949	1.02436	0.963679	0.947211	0.96411	0.987903	0.987276	1.03604	1.023532	1.019755	1.028179	0.976726	0.955153	0.978028	0.953688	1.036093	0.9928	1.026973	0.996979	1.032291	0.994136	1.033817	0.999597	0.997739	0.967564	1.001614	0.995984
AC124789.1	AC124789.1	ASO_G0260833_AD_05	Targeted lncRNA	r16bALLp1	1.057252	1.050632	1.054382	1.015882	1.020097	1.03191	1.006672	1.00406	0.989412	0.964652	0.950333	0.940098	1.037695	1.025395	1.036952	1.026426	0.994188	0.978976	0.98617	0.978185	1.038552	1.006824	1.035958	1.002406	1.054915	1.037503	0.977776	0.98267
AC124789.1	AC124789.1	ASO_G0260833_AD_06	Targeted lncRNA	r16bALLp1	1.076388	1.045495	1.064343	1.001543	1.001227	1.035304	0.994834	0.998122	1.019214	0.969838	0.986396	0.961384	1.035507	1.014305	1.036494	1.009562	1.014027	0.976613	1.015922	0.980547	1.024317	1.005604	1.024442	1.006351	1.03912	1.01831	0.997636	0.985623
AC124789.1	AC124789.1	ASO_G0260833_AD_07	Targeted lncRNA	r16bALLp1	1.076968	0.994339	1.047161	1.113072	1.062542	1.022461	1.007116	1.001881	0.963198	1.0122	0.979628	0.994589	1.064067	1.076864	1.053064	1.072858	1.001658	1.023185	1.011667	1.030494	1.010399	1.024686	1.002591	1.028367	1.043654	1.059831	0.994481	1.007583
AC124789.1	AC124789.1	ASO_G0260833_AD_10	Targeted lncRNA	r16bALLp1	0.891612	0.857406	1.003993	1.015235	0.946299	0.942207	0.978438	0.975443	1.040282	1.027681	1.043517	1.027099	0.965787	0.96317	0.974922	0.965739	1.039885	1.028646	1.027712	1.013636	1.030782	1.061987	1.037424	1.06074	0.986196	1.011784	1.002317	0.992912
AC144652.1	AC144652.1	ASO_G0273117_01	Targeted lncRNA	r14b9plusp3	0.921378	0.964183	0.99137	1.014509	1.017067	0.980255	1.005819	0.993796	1.013272	1.031745	1.017694	1.036106	1.014326	0.999032	1.013325	0.995869	0.987092	1.007772	0.994942	1.020214	0.971093	1.007045	0.974529	1.011829	0.993472	0.99134	1.008922	1.014416
AC144652.1	AC144652.1	ASO_G0273117_03	Targeted lncRNA	r14b9plusp3	0.961875	0.909179	1.068627	0.958067	0.980972	1.04705	0.993325	1.010698	1.007747	1.002385	1.037467	1.010832	1.018041	1.018682	1.016684	1.009372	1.028867	0.975715	1.02456	0.984981	1.052667	0.951752	1.054722	0.952349	1.027976	0.978246	1.008087	1.010856
AC144652.1	AC144652.1	ASO_G0273117_06	Targeted lncRNA	r14b9plusp3	0.967608	0.917556	0.950719	1.003186	1.004956	0.976206	1.001649	0.983679	0.981004	1.010937	1.015325	1.040032	0.987372	0.986499	0.97886	0.989551	0.979745	1.00503	0.977334	1.002558	0.998853	1.041679	0.988705	1.043384	0.980264	1.001823	0.995219	1.002177
AC144652.1	AC144652.1	ASO_G0273117_09	Targeted lncRNA	r14b9plusp3	0.945662	0.869601	0.988741	0.953229	1.01304	0.973264	1.004337	0.993734	1.019928	1.02891	1.028278	1.05364	1.008594	0.960329	0.99938	0.96083	0.979936	0.991382	0.994187	0.999285	0.981645	0.994272	0.982233	0.997895	0.979246	0.948522	1.011324	1.008522
AC144652.1	AC144652.1	ASO_G0273117_10	Targeted lncRNA	r14b9plusp3	0.865199	0.833369	0.946868	0.979624	1.060814	1.024928	1.003874	0.988936	0.972671	0.996592	1.011172	1.032118	1.009072	1.000859	1.003816	0.994791	0.948476	0.970197	0.960246	0.972501	0.955068	1.009098	0.956891	1.002292	0.975642	0.985607	0.998712	0.995552
AHR	AHR	ASO_C0011632_01	Positive Control	r5b3p1	1.103912	1.027543	1.033933	0.965867	0.93254	0.997206	0.981529	0.989554	1.063326	1.027917	1.045576	0.986492	0.972913	0.978396	0.975589	0.977387	1.041392	0.986848	1.032188	0.983062	1.054461	0.995482	1.060733	1.006219	1.000138	0.999814	1.006449	0.997223
AHR	AHR	ASO_C0011632_03	Positive Control	r5b3p1	0.91525	0.922726	0.913081	0.945381	0.876944	0.875336	0.965417	0.970781	1.100194	1.087209	1.15674	1.126124	0.880933	0.899911	0.879677	0.902226	1.03509	1.048929	1.030953	1.040189	1.006135	1.032169	1.021255	1.043409	0.884288	0.920038	1.028055	1.021496
AHR	AHR	ASO_C0011632_05	Positive Control	r5b3p1	0.987791	1.041725	0.897027	1.009897	0.945755	1.04449	0.983457	1.009649	1.054051	0.967136	1.113758	1.013314	0.918577	1.023185	0.912914	1.021489	0.977819	0.966158	0.996549	0.983064	0.943059	0.9601	0.95649	0.967654	0.899139	1.003196	1.034632	1.018089
AHR	AHR	ASO_C0011632_06	Positive Control	r5b3p1	0.971414	0.964196	1.059893	1.049156	0.986324	1.029961	0.995693	1.007885	1.007686	1.009976	1.017487	0.977086	1.011979	1.043369	1.010839	1.045193	1.016211	1.000327	1.01667	1.007096	1.018917	0.987704	1.029574	0.992553	1.015211	1.027116	1.007637	1.00451
AHR	AHR	ASO_C0011632_10	Positive Control	r5b3p1	0.92759	0.960157	0.936605	0.988564	0.908943	1.022674	0.981881	1.00383	1.051993	1.045457	1.078211	0.998288	0.907893	1.003553	0.911494	1.002416	1.00771	0.991205	1.009995	0.9907	1.01771	1.001378	1.032263	1.005911	0.928788	1.002498	1.017457	1.002317
AHR	AHR	ASO_C0011632_AD_01	Positive Control	r13b3ADp1	0.910325	0.86546	0.954905	1.026606	1.072323	1.036491	1.014447	1.003869	0.999773	1.002808	1.006838	0.990292	1.020093	1.031126	1.01294	1.029183	0.954024	0.988338	0.967261	0.985949	0.954911	0.999221	0.947913	0.997826	0.988508	1.029058	0.996104	0.991219
AHR	AHR	ASO_C0011632_AD_03	Positive Control	r13b3ADp1	0.848486	0.840196	1.065387	0.959211	1.045731	1.039979	1.010493	1.002562	1.006967	1.000003	0.988502	0.998156	1.052657	1.003848	1.044753	1.000962	1.004755	0.939667	0.99604	0.94782	1.020645	0.97019	1.011294	0.97764	1.044791	1.004249	0.98716	0.988091
AHR	AHR	ASO_C0011632_AD_07	Positive Control	r13b3ADp1	0.823349	0.798892	0.935383	1.089724	1.026443	0.991331	1.00221	0.995436	1.000932	1.053985	1.019202	1.067549	0.989191	1.033303	0.980397	1.021151	0.957846	1.027072	0.97197	1.034207	0.972075	1.048792	0.973179	1.050236	0.969402	1.028681	0.997603	1.008158
AHR	AHR	ASO_C0011632_AD_08	Positive Control	r13b3ADp1	0.84166	0.866977	1.016197	0.894639	1.046413	0.981947	1.007286	0.988853	1.013579	1.045543	1.008112	1.04644	1.035619	0.936161	1.02395	0.930895	0.990673	0.957324	0.988684	0.970464	0.997294	0.947778	0.991519	0.952121	1.01822	0.927497	0.99172	1.007206
AHR	AHR	ASO_C0011632_AD_10	Positive Control	r13b3ADp1	0.851639	0.910365	1.013977	1.061641	1.117647	1.003942	1.020494	0.988868	0.95348	1.02084	0.950521	1.013449	1.083776	1.025768	1.070746	1.020216	0.960177	1.010289	0.972952	1.007165	0.961229	1.050124	0.959816	1.050818	1.042865	1.036618	0.993859	0.993248
AMZ2P1	AMZ2P1	ASO_G0214174_02	Targeted lncRNA	r5b3p5	1.075943	1.100073	0.945029	0.978872	0.912225	0.913853	0.964911	0.976896	1.058123	1.049836	1.033622	1.040348	0.902548	0.933669	0.902653	0.935126	0.9988	1.019648	0.989299	1.012658	1.068432	1.045619	1.073246	1.052304	0.960879	0.976781	0.970774	0.984042
AMZ2P1	AMZ2P1	ASO_G0214174_03	Targeted lncRNA	r5b3p5	0.973077	1.078186	1.031325	0.950669	0.988178	0.935137	0.998261	0.98793	1.007771	1.020047	1.020019	1.096183	1.009215	0.938957	1.006725	0.934989	1.008219	1.010895	1.001927	1.01945	1.022429	0.992073	1.035342	1.000789	1.021502	0.929442	1.00275	1.025641
AMZ2P1	AMZ2P1	ASO_G0214174_05	Targeted lncRNA	r5b3p5	0.908508	0.87283	1.022291	0.959522	1.05527	0.951935	1.010562	0.982895	1.015973	1.044053	0.993097	1.052145	1.052733	0.951777	1.044011	0.950244	1.009263	0.996483	1.006728	1.003372	0.994587	1.009365	0.991002	1.027814	1.027738	0.962845	1.000273	0.999341
AMZ2P1	AMZ2P1	ASO_G0214174_06	Targeted lncRNA	r5b3p5	0.894288	0.774514	0.958524	0.985282	0.923731	0.947394	0.982351	0.992619	1.063869	1.055317	1.054994	1.079544	0.937907	0.974993	0.941922	0.971952	1.016024	1.02807	1.023374	1.034699	1.027121	0.995114	1.041184	1.00203	0.95798	0.95795	1.006048	1.019725
AMZ2P1	AMZ2P1	ASO_G0214174_09	Targeted lncRNA	r5b3p5	0.905081	0.923223	0.950967	0.958819	1.022574	0.964746	1.012731	0.995734	1.017615	1.005338	1.029228	1.073331	1.008911	0.963259	1.006744	0.962513	0.971432	1.016775	0.99044	1.023004	0.94053	0.978222	0.948897	0.98721	0.971915	0.937691	1.01614	1.029665
AP000704.5	AP000704.5	ASO_G0224790_02	Targeted lncRNA	r15bALLp2	1.035025	1.174371	0.925015	0.933629	1.025546	0.986782	0.997516	0.989043	0.991187	0.990603	0.991528	0.991882	0.981518	0.95	0.975011	0.944836	0.969406	0.97526	0.969212	0.964127	0.988698	1.021356	0.986654	1.010431	0.970502	0.982766	0.982525	0.972431
AP000704.5	AP000704.5	ASO_G0224790_03	Targeted lncRNA	r15bALLp2	0.95265	0.992508	0.979283	0.997624	1.008574	1.032763	0.994279	0.995933	1.025458	1.03199	1.018919	1.002123	0.997732	1.017966	0.993578	1.013089	0.983024	0.986263	0.993505	0.988613	0.984865	0.980135	0.985057	0.977292	0.989964	1.009078	1.001053	0.99987
AP000704.5	AP000704.5	ASO_G0224790_07	Targeted lncRNA	r15bALLp2	0.989669	0.977332	0.942891	0.980053	0.95234	0.991635	0.983502	1.000014	1.031235	0.999674	1.077946	1.025	0.943788	0.98694	0.946838	0.980776	1.006025	0.996376	1.013948	0.999879	0.976021	0.985194	0.98317	0.985727	0.932424	0.972369	1.019691	1.008877
AP000704.5	AP000704.5	ASO_G0224790_08	Targeted lncRNA	r15bALLp2	1.042603	0.947095	0.97052	0.989053	0.949586	1.002816	0.978877	0.987632	1.023409	1.017107	1.075406	1.04683	0.948004	1.001535	0.951036	0.990909	1.016147	1.002276	1.014782	1.006327	1.008027	0.992743	1.013433	0.989379	0.949974	0.983786	1.011076	1.009559
AP000704.5	AP000704.5	ASO_G0224790_10	Targeted lncRNA	r15bALLp2	0.991232	0.950825	0.913195	0.96966	0.964677	0.986717	0.987868	0.992007	1.028579	1.019397	1.070397	1.033894	0.944225	0.986914	0.936841	0.980399	0.988942	0.995039	1.001011	1.007601	0.959411	0.982308	0.964314	0.981902	0.921838	0.969065	1.018858	1.011827
FAM111A-DT	AP001258.4	ASO_G0245571_01	Targeted lncRNA	r3b2p3	1.092856	0.989941	0.975508	0.966552	0.962105	1.009633	0.977112	1.003933	1.037107	0.99509	1.046474	1.027358	0.96479	0.995763	0.959185	0.994199	0.999906	0.980846	1.001522	0.992746	1.036209	0.971961	1.035846	0.972555	0.993265	0.975204	0.995941	1.011083
FAM111A-DT	AP001258.4	ASO_G0245571_03	Targeted lncRNA	r3b2p3	0.998033	0.883333	0.979881	0.976604	0.959165	1.000311	0.990415	1.010956	1.021022	0.986675	1.055086	1.037912	0.976252	0.992542	0.976168	0.985963	1.012398	0.981489	1.011386	0.999938	1.016923	0.973681	1.020411	0.970736	0.981525	0.981135	1.006366	1.018724
FAM111A-DT	AP001258.4	ASO_G0245571_05	Targeted lncRNA	r3b2p3	0.900879	0.967137	0.988893	0.909847	0.972616	1.004921	0.99285	1.002359	1.024614	1.004915	1.047165	1.041793	0.977334	0.960921	0.978309	0.960402	1.008504	0.964438	1.001944	0.982438	1.025366	0.955294	1.022449	0.949406	0.988494	0.936581	1.000408	1.017474
FAM111A-DT	AP001258.4	ASO_G0245571_06	Targeted lncRNA	r3b2p3	0.863752	0.945567	1.010664	1.008115	0.994775	1.041867	1.001215	1.01063	1.021947	0.94667	1.072113	1.01097	1.014097	1.043326	1.015638	1.037535	1.015735	0.995964	1.035076	1.00059	0.985147	0.979747	0.988951	0.985118	0.978182	1.0086	1.0314	1.011272
FAM111A-DT	AP001258.4	ASO_G0245571_08	Targeted lncRNA	r3b2p3	0.837243	0.900246	0.829629	0.925413	0.939636	0.961887	0.975111	0.987783	1.027309	1.01216	1.117496	1.096808	0.88546	0.944596	0.885486	0.947025	0.949171	0.970712	0.971207	0.997037	0.925642	0.974264	0.944291	0.983002	0.865328	0.937437	1.029206	1.028184
FAM111A-DT	AP001258.4	ASO_G0245571_AD_01	Targeted lncRNA	r11b1ADp4	0.965186	0.975459	1.053319	0.995292	0.973658	0.941657	0.989617	0.985823	1.004254	1.014233	0.988108	1.033921	1.005698	0.964478	1.011889	0.967587	1.028344	1.019759	1.023655	1.016287	1.054719	1.013064	1.054861	1.014354	1.031116	0.982341	0.991437	1.011975
FAM111A-DT	AP001258.4	ASO_G0245571_AD_02	Targeted lncRNA	r11b1ADp4	1.001022	0.931754	0.919296	1.131169	0.989011	1.024508	0.997416	1.000387	0.960135	0.980429	0.9975	0.964527	0.959387	1.079412	0.964624	1.078377	0.974562	1.041616	0.97872	1.020776	0.961913	1.085642	0.958511	1.064595	0.945371	1.096169	1.005202	0.972674
FAM111A-DT	AP001258.4	ASO_G0245571_AD_03	Targeted lncRNA	r11b1ADp4	0.939115	0.859195	0.967795	1.011393	1.019549	0.976914	1.001843	0.983666	0.977954	1.010685	0.983957	1.005101	1.00112	0.983779	0.992885	0.981955	0.976438	0.989936	0.979131	0.993695	0.995785	1.02483	0.984117	1.021093	0.997896	1.005	0.989965	0.990514
FAM111A-DT	AP001258.4	ASO_G0245571_AD_07	Targeted lncRNA	r11b1ADp4	0.964684	0.836358	1.035385	1.08163	0.951767	0.994562	0.988858	0.983281	1.013606	1.015599	1.017879	1.018763	0.990071	1.027073	0.994185	1.019238	1.024165	1.015643	1.007305	1.015198	1.033164	1.051979	1.029135	1.053805	1.019766	1.043479	1.004402	0.999431
FAM111A-DT	AP001258.4	ASO_G0245571_AD_09	Targeted lncRNA	r11b1ADp4	0.820703	0.846027	0.962628	1.063131	1.012457	0.992736	1.003463	0.996581	0.991993	1.004664	0.991959	1.016052	0.992157	1.027042	0.989444	1.019917	0.980528	1.01065	0.97916	1.008548	0.986311	1.028543	0.975259	1.015919	0.99105	1.030723	0.986687	1.002562
ARHGAP5-AS1	ARHGAP5-AS1	ASO_G0258655_01	Targeted lncRNA	r8b7p5	0.989116	0.957285	0.943152	0.953654	0.878288	0.943133	0.972148	0.981378	1.07926	1.045478	1.104458	1.045536	0.899468	0.942073	0.903369	0.936787	1.033008	0.995178	1.026365	0.988962	1.002047	1.020411	1.012441	1.025294	0.921569	0.962149	1.021673	0.986758
ARHGAP5-AS1	ARHGAP5-AS1	ASO_G0258655_02	Targeted lncRNA	r8b7p5	0.861131	0.872094	0.966658	0.902611	0.989613	0.99948	0.993593	0.991248	0.996436	1.025839	1.04062	1.104993	0.983566	0.953486	0.972213	0.941839	0.995822	0.961737	1.001081	0.977153	1.008674	0.947339	1.003859	0.946691	0.969226	0.920917	0.997742	1.017471
ARHGAP5-AS1	ARHGAP5-AS1	ASO_G0258655_05	Targeted lncRNA	r8b7p5	0.792972	0.828793	0.98213	0.961148	0.948558	0.953368	0.98639	0.993556	1.033959	1.01749	1.08064	1.087844	0.961784	0.9664	0.951327	0.966763	1.007042	1.005654	1.013059	1.014447	1.019147	0.983059	1.025468	0.990408	0.97327	0.949061	1.008208	1.019737
ARHGAP5-AS1	ARHGAP5-AS1	ASO_G0258655_07	Targeted lncRNA	r8b7p5	0.830656	0.843419	1.020831	1.037856	0.957764	0.984549	0.985561	0.998884	1.010621	1.003106	1.039836	1.029619	0.965744	1.01512	0.96468	1.01343	1.003176	1.038037	1.005156	1.034248	1.042746	1.010566	1.055559	1.020711	0.993945	1.012007	1.002554	1.009595
ARHGAP5-AS1	ARHGAP5-AS1	ASO_G0258655_08	Targeted lncRNA	r8b7p5	0.727777	0.716732	0.975612	0.986888	0.992355	1.05113	0.990777	0.995839	1.010642	1.012426	1.053202	1.009951	0.98024	1.022046	0.965779	1.000358	0.987953	0.98095	0.998614	0.98001	1.002405	0.999683	0.998582	0.99859	0.967087	0.992858	0.99752	0.979734
BAZ2B	BAZ2B	ASO_G0226266_01	Positive Control	r4b4p3	1.172676	1.108845	0.942761	1.084926	0.98109	1.005614	0.989556	0.996257	1.008696	0.976145	0.979534	0.969587	0.948291	1.033205	0.939579	1.033842	0.96852	1.039386	0.964089	1.023085	0.994702	1.063423	0.995999	1.05755	0.963148	1.047332	0.979021	0.993127
BAZ2B	BAZ2B	ASO_G0226266_02	Positive Control	r4b4p3	0.79885	0.902697	1.038856	0.938463	1.12859	1.034935	1.022798	1.010559	0.940013	1.01114	0.946177	1.064474	1.102841	0.995984	1.089737	0.985306	0.996121	0.96981	0.991764	0.999682	0.984544	0.936154	0.974561	0.937363	1.041356	0.937183	0.990789	1.029487
BAZ2B	BAZ2B	ASO_G0226266_05	Positive Control	r4b4p3	0.86004	0.87478	0.948155	1.011218	0.99407	1.093528	0.984967	1.016767	1.036082	0.964881	1.11946	0.989766	0.965763	1.063579	0.951847	1.05466	0.976621	0.968222	0.993259	0.992062	0.95485	0.951538	0.954631	0.961469	0.927055	1.013085	1.024722	1.010968
BAZ2B	BAZ2B	ASO_G0226266_07	Positive Control	r4b4p3	0.851938	0.851318	0.888553	0.943584	0.966607	1.028553	0.98453	0.992859	1.050099	1.011507	1.168451	1.037859	0.923939	0.972868	0.914566	0.964957	0.974679	0.9831	1.007406	0.99147	0.930051	0.978814	0.945623	0.987443	0.879278	0.954171	1.04273	1.007332
BAZ2B	BAZ2B	ASO_G0226266_10	Positive Control	r4b4p3	0.8832	0.844181	1.053392	0.927729	0.988235	1.034204	1.007043	1.0027	1.00015	0.987857	1.055414	1.041102	1.01521	0.987911	1.013681	0.976025	1.018425	0.952676	1.02778	0.969257	1.004933	0.942085	1.00264	0.945376	0.992729	0.950692	1.016489	1.009781
BOLA3-AS1	BOLA3-AS1	ASO_G0225439_01	Targeted lncRNA	r4b4p2	1.129016	0.982494	1.010255	1.01853	1.02008	0.979942	1.002026	0.988366	0.978139	1.038256	0.961336	1.030056	1.017193	1.000606	1.014184	1.005015	0.991132	1.009864	0.98846	1.021	1.02182	1.000123	1.014444	0.998963	1.020674	0.99859	0.970558	1.00788
BOLA3-AS1	BOLA3-AS1	ASO_G0225439_03	Targeted lncRNA	r4b4p2	1.156321	1.008223	1.189547	1.14651	0.990078	0.998434	0.993142	0.997739	0.981161	0.986504	0.963732	0.956497	1.07641	1.059224	1.089511	1.073972	1.079213	1.062901	1.04663	1.03107	1.098844	1.062309	1.096729	1.060812	1.122501	1.094018	0.991109	0.994971
BOLA3-AS1	BOLA3-AS1	ASO_G0225439_06	Targeted lncRNA	r4b4p2	0.871678	0.967749	1.015517	0.986481	1.012917	0.967061	0.997585	0.998087	1.002085	1.057903	1.004481	1.068952	1.013808	0.991937	1.013873	0.996336	1.026608	1.031554	1.002701	1.043848	1.018512	0.96999	1.022272	0.982742	1.008962	0.961916	0.99275	1.033766
BOLA3-AS1	BOLA3-AS1	ASO_G0225439_08	Targeted lncRNA	r4b4p2	0.90851	1.046217	0.992014	0.987555	0.990043	1.013006	0.992794	1.003122	1.045672	1.003697	1.034769	1.036232	0.991706	1.006889	0.978896	1.007949	0.969421	1.000089	0.971157	1.014162	1.020901	0.966272	1.021043	0.974038	1.007959	0.984787	0.987226	1.02421
BOLA3-AS1	BOLA3-AS1	ASO_G0225439_09	Targeted lncRNA	r4b4p2	1.066815	1.011412	0.969539	1.007767	0.969301	0.975849	0.988707	0.988517	1.030628	0.998775	1.035321	0.969045	0.958367	0.991109	0.95325	0.996847	1.012104	1.009366	1.01272	0.999376	1.011672	1.043391	1.014944	1.044648	0.966704	1.028766	0.99513	0.984063
BOLA3-AS1	BOLA3-AS1	ASO_G0225439_AD_01	Targeted lncRNA	r12b2ADp2	0.91278	0.920348	0.926126	1.00834	0.982647	0.973609	1.001356	0.994403	1.017083	1.032343	1.028464	1.005862	0.963246	0.980344	0.958344	0.981845	0.973063	1.013192	0.982028	1.013259	0.967052	1.010828	0.971499	1.001483	0.956688	0.98848	1.010111	0.998918
BOLA3-AS1	BOLA3-AS1	ASO_G0225439_AD_02	Targeted lncRNA	r12b2ADp2	0.7782	0.785929	1.065173	0.962746	1.010828	0.995727	1.001069	0.993168	0.990526	0.99658	0.999504	1.014709	1.034117	0.973125	1.030462	0.96875	1.019216	0.988396	1.014383	0.997075	1.037704	0.997814	1.03038	0.995556	1.03505	0.974207	0.991288	0.997064
BOLA3-AS1	BOLA3-AS1	ASO_G0225439_AD_03	Targeted lncRNA	r12b2ADp2	0.937049	0.88927	1.011553	0.967503	1.076894	1.009441	1.005767	1.003373	0.995367	1.006479	0.986653	1.020875	1.053836	0.99939	1.041614	0.992379	0.981225	0.971457	0.982777	0.986488	1.000145	0.969957	0.995584	0.969843	1.02868	0.981058	0.979764	1.006462
BOLA3-AS1	BOLA3-AS1	ASO_G0225439_AD_04	Targeted lncRNA	r12b2ADp2	0.922683	0.89221	0.989102	1.056275	1.057969	1.056233	1.016723	1.003126	0.954196	0.969352	0.945867	0.981167	1.039888	1.060929	1.031335	1.039761	0.971987	0.976226	0.975532	0.985781	0.978323	1.034953	0.969518	1.012644	1.022173	1.047413	0.981602	0.977924
BOLA3-AS1	BOLA3-AS1	ASO_G0225439_AD_08	Targeted lncRNA	r12b2ADp2	0.883219	0.896917	0.888952	0.882458	0.915187	0.9341	0.988167	0.98514	1.046991	1.061973	1.103479	1.087547	0.897574	0.907344	0.894116	0.904025	0.977438	0.98819	0.99418	0.995008	0.96871	0.974907	0.978039	0.971942	0.903839	0.902429	1.026111	1.012885
BX322557.10	BX322557.10	ASO_G0215447_01	Targeted lncRNA	r2b1p3	0.360226	0.388538	1.049468	1.081479	0.962059	0.91207	0.98514	0.975324	1.001279	1.042873	0.989141	1.018065	0.984129	0.953584	0.983331	0.951062	1.036186	1.049316	1.022603	1.042984	1.055969	1.09612	1.051307	1.087759	1.018459	1.010491	0.985606	0.990919
BX322557.10	BX322557.10	ASO_G0215447_02	Targeted lncRNA	r2b1p3	1.045339	1.016182	0.992264	0.961985	1.034053	1.014409	1.005996	1.00397	1.009916	1.017536	1.013217	1.038058	1.017858	0.986336	1.01595	0.984675	0.992924	0.98559	0.992215	1.001756	0.98411	0.974482	0.979581	0.975468	0.997576	0.964817	1.002413	1.012959
BX322557.10	BX322557.10	ASO_G0215447_03	Targeted lncRNA	r2b1p3	0.806618	0.768379	0.871932	0.848796	0.921644	0.905771	0.978613	0.976716	1.063191	1.071328	1.115139	1.138817	0.894344	0.873347	0.894824	0.874447	0.984003	0.980121	0.989904	1.001869	0.952212	0.923683	0.957556	0.935937	0.893039	0.863047	1.022764	1.03631
BX322557.10	BX322557.10	ASO_G0215447_05	Targeted lncRNA	r2b1p3	0.968577	0.935696	0.968042	0.972822	1.006992	0.988881	1.000213	0.994283	0.990387	1.022384	0.959116	1.03126	0.98851	0.972141	0.984954	0.970826	0.972961	1.000873	0.968549	0.999184	1.014082	1.00288	1.014611	1.004751	1.009841	0.975832	0.980252	1.006742
BX322557.10	BX322557.10	ASO_G0215447_08	Targeted lncRNA	r2b1p3	0.948921	0.943499	0.987994	0.962294	1.004748	1.025066	0.99839	1.009997	0.981717	0.980621	0.979577	0.97402	0.988508	0.986942	0.984617	0.988605	0.984642	0.953786	0.982741	0.964282	1.009299	0.97036	1.014387	0.974907	1.00406	0.990292	0.988597	0.988163
C11orf95	C11orf95	ASO_G0188070_01	Targeted lncRNA	r1b0p5	0.757767	1.065477	1.003944	1.050836	1.014562	0.986564	1.007197	0.995963	0.917748	1.007142	0.973375	0.968004	1.015012	1.007315	1.013951	1.011932	0.994188	1.023765	0.99243	1.016232	0.991812	1.054157	0.982379	1.0517	1.016084	1.037486	0.995933	0.984103
C11orf95	C11orf95	ASO_G0188070_02	Targeted lncRNA	r1b0p5	0.709138	0.827709	1.11813	0.941713	0.973542	0.969998	0.986278	0.984272	1.031644	1.010624	1.006602	1.060563	1.028962	0.959437	1.032081	0.956646	1.07995	0.999252	1.052757	0.997572	1.091074	0.97956	1.073801	0.978535	1.04207	0.945958	0.985808	1.007626
C11orf95	C11orf95	ASO_G0188070_03	Targeted lncRNA	r1b0p5	0.810717	0.995808	0.90953	0.921712	1.001154	0.973788	1.001006	0.992946	1.085019	1.009844	1.111516	1.081905	0.968463	0.952655	0.957684	0.947331	0.953656	0.969529	0.977182	0.98661	0.918403	0.971932	0.929309	0.985166	0.932236	0.941655	1.028748	1.019289
C11orf95	C11orf95	ASO_G0188070_04	Targeted lncRNA	r1b0p5	0.936051	0.89917	1.028677	1.041216	1.039209	1.047234	1.014471	1.017386	0.95223	0.92944	0.997219	0.994222	1.039473	1.055224	1.036463	1.050717	1.003179	1.01259	1.00929	1.010091	0.972019	0.978788	0.965777	0.970142	1.005906	1.020774	1.01011	1.009799
C11orf95	C11orf95	ASO_G0188070_05	Targeted lncRNA	r1b0p5	0.95944	0.941345	1.059075	1.041713	0.920427	0.971462	0.984405	1.004129	1.082089	1.019949	1.04465	1.030165	0.973035	1.013299	0.977191	1.008019	1.074753	1.020836	1.055138	1.027273	1.071873	1.014507	1.069621	1.00871	0.993087	1.007201	0.99645	1.007377
C11orf95	C11orf95	ASO_G0188070_AD_02	Targeted lncRNA	r10b0ADp5	0.488278	0.627233	0.792891	0.839474	0.912641	0.903952	0.964297	0.969887	1.106712	1.116091	1.179912	1.211213	0.859052	0.874003	0.848618	0.864258	0.930617	0.970526	0.944439	0.985177	0.919159	0.923831	0.924793	0.932301	0.840426	0.846591	1.018061	1.037728
C11orf95	C11orf95	ASO_G0188070_AD_05	Targeted lncRNA	r10b0ADp5	0.999879	1.022864	1.013617	1.13913	1.159798	1.081275	1.023097	1.021498	0.945758	0.951698	0.911201	0.915673	1.100232	1.110304	1.094585	1.121077	0.961066	1.02542	0.969587	1.025231	0.939761	1.016375	0.936234	1.009646	1.055687	1.095766	0.997094	0.987329
C11orf95	C11orf95	ASO_G0188070_AD_06	Targeted lncRNA	r10b0ADp5	0.90433	0.926785	0.954063	0.948039	0.956354	0.928102	0.983712	0.986227	1.049224	1.041565	1.084036	1.049099	0.95508	0.938045	0.952407	0.936532	1.003457	1.011419	1.019233	1.007853	0.989891	1.019167	0.994478	1.027534	0.938407	0.952635	1.017157	0.99673
C11orf95	C11orf95	ASO_G0188070_AD_07	Targeted lncRNA	r10b0ADp5	0.644208	0.704099	0.966641	0.900014	0.942726	0.988429	0.989389	0.996443	1.049499	1.004477	1.076946	1.064696	0.962659	0.953442	0.955764	0.939455	1.004765	0.951253	1.012708	0.9685	1.0145	0.970873	1.0169	0.966999	0.957074	0.92691	1.005951	1.001316
C11orf95	C11orf95	ASO_G0188070_AD_08	Targeted lncRNA	r10b0ADp5	0.971488	0.969486	0.909658	0.984814	0.930605	0.949226	0.992564	0.988814	1.028345	1.048035	1.060724	1.030848	0.922825	0.969994	0.920504	0.971962	0.98585	1.01237	0.98362	1.003723	0.995677	1.022023	0.994962	1.018241	0.931756	0.982761	0.995324	0.995796
PCOTH	C1QTNF9B-AS1	ASO_G0205861_03	Targeted lncRNA	r5b3p5	0.987225	1.04956	0.966262	0.949343	0.942924	0.94585	0.969249	0.978009	1.016261	1.046029	0.987319	1.009986	0.925773	0.941454	0.933168	0.941465	1.010411	0.998115	0.992636	0.983989	1.05823	1.028394	1.060301	1.030713	0.975468	0.973075	0.970253	0.975056
PCOTH	C1QTNF9B-AS1	ASO_G0205861_04	Targeted lncRNA	r5b3p5	1.110466	0.988684	0.879872	0.915194	0.95945	0.977867	0.981506	0.989895	1.009931	0.998389	1.034491	1.034066	0.917086	0.944308	0.915249	0.944434	0.978347	0.984295	0.97775	0.97299	0.983406	0.98936	0.974121	0.989318	0.908221	0.943486	0.982174	0.992194
PCOTH	C1QTNF9B-AS1	ASO_G0205861_05	Targeted lncRNA	r5b3p5	0.717526	0.760395	0.834729	0.876244	0.917254	0.872881	0.978546	0.966939	1.050987	1.071818	1.108124	1.160351	0.863285	0.861418	0.848614	0.855032	0.963041	0.985045	0.962198	0.996592	0.971261	1.004406	0.965808	1.013143	0.871533	0.876463	0.990902	1.016787
PCOTH	C1QTNF9B-AS1	ASO_G0205861_07	Targeted lncRNA	r5b3p5	0.78302	0.853413	0.799223	0.909965	0.95753	0.862503	0.967806	0.971955	1.036562	1.086536	1.068927	1.151003	0.876731	0.886165	0.856394	0.884823	0.909206	1.031621	0.906878	1.032938	0.965839	1.017759	0.952312	1.029301	0.88428	0.899748	0.965719	1.02227
PCOTH	C1QTNF9B-AS1	ASO_G0205861_10	Targeted lncRNA	r5b3p5	1.040031	0.943321	0.906056	0.911328	0.950114	0.946837	0.97945	0.983911	1.008531	1.020966	1.015515	1.06038	0.921251	0.928497	0.926797	0.924343	0.984391	0.994438	0.978549	0.993956	1.017531	0.993496	1.020112	1.005371	0.942834	0.933715	0.969065	1.0041
CATG00000011013.1	CATG00000011013.1	ASO_C0018982_01	Targeted lncRNA	r5b3p2	1.057737	1.064514	0.956367	1.018502	1.016005	0.982837	1.003247	0.992355	1.050947	1.029626	1.006049	1.01277	0.989063	0.998934	0.988476	0.998185	0.973717	1.008914	0.977434	1.006212	0.956758	1.019369	0.95888	1.030009	0.983384	1.019959	1.002089	1.003435
CATG00000011013.1	CATG00000011013.1	ASO_C0018982_02	Targeted lncRNA	r5b3p2	0.993462	0.943696	0.936785	0.982424	0.908133	0.928568	0.976263	0.986213	1.032564	1.039839	1.085603	1.033661	0.912484	0.948356	0.908825	0.957651	1.010338	1.026581	1.017054	1.013112	1.029754	1.062803	1.041752	1.068755	0.93344	0.991698	1.011596	0.997582
CATG00000011013.1	CATG00000011013.1	ASO_C0018982_04	Targeted lncRNA	r5b3p2	0.914647	0.992662	0.930582	0.930868	0.878019	0.878686	0.969334	0.968253	1.065335	1.067767	1.076194	1.083465	0.884099	0.889354	0.892646	0.899763	1.042239	1.028901	1.027753	1.015962	1.021806	1.038517	1.031794	1.041431	0.917336	0.929736	1.006804	1.003595
CATG00000011013.1	CATG00000011013.1	ASO_C0018982_06	Targeted lncRNA	r5b3p2	1.087103	1.001749	0.991941	0.940115	1.058073	0.961543	1.015972	0.99875	0.986621	1.01057	1.006308	1.042034	1.032842	0.958748	1.025482	0.959605	0.979148	0.989364	0.989636	0.98713	0.97532	0.979287	0.969544	0.979796	1.004363	0.955921	1.006144	1.011502
CATG00000011013.1	CATG00000011013.1	ASO_C0018982_09	Targeted lncRNA	r5b3p2	0.408062	0.10397	0.68523	0.634685	0.857376	0.840784	0.949273	0.925737	1.153212	1.175395	1.284117	1.33311	0.760039	0.718161	0.740254	0.700624	0.896947	0.855849	0.930635	0.893444	0.866172	0.823926	0.874476	0.847244	0.745736	0.710006	1.039211	1.043307
CATG00000016989.1	CATG00000016989.1	ASO_C0020443_01	Targeted lncRNA	r5b3p6	1.018451	0.927586	0.970181	1.085433	0.941456	0.873237	0.98026	0.963534	1.02034	1.054602	1.027218	1.024873	0.944529	0.946775	0.94586	0.95303	1.005232	1.08075	0.995994	1.060642	1.03133	1.116742	1.026189	1.119684	0.967892	1.010173	0.991732	0.995054
CATG00000016989.1	CATG00000016989.1	ASO_C0020443_02	Targeted lncRNA	r5b3p6	1.036894	0.941968	0.941658	1.020574	0.958352	1.045685	0.987433	1.004717	1.051974	0.971774	1.061832	1.002341	0.953565	1.045989	0.947227	1.038081	0.997047	1.007917	1.007811	0.999691	0.997091	0.979619	1.007495	0.98243	0.951456	1.017491	1.015792	1.013365
CATG00000016989.1	CATG00000016989.1	ASO_C0020443_03	Targeted lncRNA	r5b3p6	0.915579	0.890314	0.987466	1.053128	0.964745	0.988953	0.988049	0.994981	1.05504	1.03242	1.077048	1.004461	0.971374	1.022359	0.962662	1.017777	0.995871	1.010355	1.007695	1.000786	0.991345	1.043907	1.000292	1.044776	0.967197	1.046199	1.026762	0.997431
CATG00000016989.1	CATG00000016989.1	ASO_C0020443_06	Targeted lncRNA	r5b3p6	1.012368	0.86679	0.924149	0.959752	0.782996	0.821458	0.938779	0.939389	1.130123	1.111388	1.203658	1.134963	0.832708	0.872057	0.845121	0.879546	1.073229	1.071363	1.059105	1.0557	1.049217	1.071338	1.078114	1.091733	0.896796	0.933015	1.038852	1.016904
CATG00000016989.1	CATG00000016989.1	ASO_C0020443_10	Targeted lncRNA	r5b3p6	1.046779	0.991544	1.017771	1.036513	0.990544	1.014577	0.99971	1.008244	0.9958	0.99416	1.003769	0.990362	1.002034	1.028519	0.999831	1.026391	1.009334	1.001046	1.008218	0.998681	1.019741	0.995562	1.017033	0.996161	0.999679	1.017132	0.999629	1.005006
CATG00000017883.1	CATG00000017883.1	ASO_C0020672_01	Positive Control	r3b2p5	0.905793	0.927299	0.914158	0.919901	0.992342	0.954401	0.989087	0.985297	1.021422	0.999658	1.038379	1.040909	0.939651	0.935386	0.931416	0.935287	0.94898	0.969894	0.954701	0.988455	0.972659	1.010253	0.968277	1.003766	0.93417	0.943702	0.994719	0.997644
CATG00000017883.1	CATG00000017883.1	ASO_C0020672_02	Positive Control	r3b2p5	0.855789	0.856353	0.865383	0.952389	0.911984	0.941476	0.981253	0.992255	1.072379	1.039101	1.119931	1.078432	0.890145	0.957468	0.891435	0.961585	0.981275	1.018462	1.00361	1.027217	0.981289	0.988388	0.992637	0.993608	0.887833	0.940315	1.01474	1.024819
CATG00000017883.1	CATG00000017883.1	ASO_C0020672_03	Positive Control	r3b2p5	0.907993	0.954676	0.926423	0.89222	0.944151	0.954449	0.994971	0.985834	1.005993	1.039945	1.099096	1.077103	0.937726	0.916295	0.934532	0.916726	0.987389	0.978325	1.004074	0.993075	0.967285	0.990778	0.972286	0.990733	0.921177	0.920246	1.026055	1.004616
CATG00000017883.1	CATG00000017883.1	ASO_C0020672_06	Positive Control	r3b2p5	0.974056	0.974883	1.012822	1.01937	0.989463	0.981817	0.98519	1.002305	0.973264	0.989868	0.979935	1.019961	1.001943	0.991887	1.005003	0.996669	1.020196	1.025712	1.01146	1.029736	1.064207	1.016679	1.05343	1.016882	1.020171	0.978067	0.982547	1.006317
CATG00000017883.1	CATG00000017883.1	ASO_C0020672_07	Positive Control	r3b2p5	0.744378	0.795516	0.758206	0.780625	0.862713	0.884528	0.978015	0.977142	1.122594	1.09636	1.264548	1.218944	0.807248	0.837835	0.800634	0.829553	0.951068	0.952832	0.991138	0.982792	0.894331	0.927143	0.909626	0.933422	0.779369	0.808659	1.068184	1.038413
CATG00000020700.1	CATG00000020700.1	ASO_C0020984_01	Targeted lncRNA	r5b3p2	0.996318	0.971113	0.991188	0.882562	1.04596	0.938224	1.004615	0.983937	0.950902	1.037829	0.944401	1.056395	1.022925	0.899283	1.027925	0.898019	0.967146	0.972744	0.966133	0.98319	0.998617	0.969847	0.99601	0.980038	1.035522	0.91395	0.98172	1.009588
CATG00000020700.1	CATG00000020700.1	ASO_C0020984_02	Targeted lncRNA	r5b3p2	0.962104	1.029154	0.92956	1.079858	0.980239	0.973144	1.001602	0.998183	0.997792	1.025232	1.017672	1.018565	0.95755	1.017929	0.955053	1.021528	0.977602	1.037059	0.983404	1.031141	0.979925	1.045399	0.982269	1.046079	0.957371	1.033967	1.003081	1.008475
CATG00000020700.1	CATG00000020700.1	ASO_C0020984_05	Targeted lncRNA	r5b3p2	0.892183	0.989265	0.974231	0.954424	1.023421	0.996095	1.0137	1.002168	1.013992	1.022459	1.031319	1.019939	1.010338	0.982562	1.007454	0.981922	0.973166	0.987789	0.997148	1.001874	0.951246	0.976649	0.948771	0.979613	0.977589	0.963814	1.023002	1.008378
CATG00000020700.1	CATG00000020700.1	ASO_C0020984_08	Targeted lncRNA	r5b3p2	1.055173	1.066611	0.924041	0.93954	0.965622	0.949384	0.994555	0.994438	1.027056	1.053429	1.033597	1.078588	0.949271	0.952239	0.949618	0.950929	0.97909	1.002612	0.983116	1.008171	0.980011	0.973725	0.987602	0.982334	0.949806	0.94189	1.007897	1.022054
CATG00000020700.1	CATG00000020700.1	ASO_C0020984_09	Targeted lncRNA	r5b3p2	-0.080495	0.103826	0.628908	0.777431	0.738066	0.824917	0.925721	0.952698	1.253962	1.182434	1.446095	1.306396	0.667899	0.7935	0.658091	0.779012	0.920431	0.965102	0.980787	1.002008	0.821998	0.903877	0.861911	0.932778	0.650895	0.76916	1.099084	1.073184
CATG00000034824.1	CATG00000034824.1	ASO_C0025760_01	Targeted lncRNA	r5b3p2	1.060774	1.127775	0.947422	1.091058	0.96049	0.99462	1.002766	1.004301	0.99821	0.977452	1.01519	0.93062	0.955072	1.038473	0.954573	1.043902	0.997377	1.042707	1.002635	1.019142	0.977735	1.062793	0.981833	1.05144	0.952088	1.071405	1.012617	0.975984
CATG00000034824.1	CATG00000034824.1	ASO_C0025760_02	Targeted lncRNA	r5b3p2	1.012933	1.093367	0.992503	1.043625	1.091854	1.093373	1.017126	1.014936	0.980631	0.948429	0.962054	0.930774	1.057865	1.07323	1.054949	1.073766	0.956689	0.992551	0.970593	0.990715	0.949542	0.977099	0.950459	0.974395	1.028996	1.052749	1.004214	0.993405
CATG00000034824.1	CATG00000034824.1	ASO_C0025760_03	Targeted lncRNA	r5b3p2	0.899862	0.916499	0.936637	1.026531	0.892977	0.878335	0.967521	0.967291	1.081731	1.041056	1.061424	0.993067	0.896604	0.922048	0.899598	0.931711	1.006098	1.039883	1.006756	1.016256	1.026046	1.103103	1.038756	1.104645	0.935888	1.019472	1.008133	0.984576
CATG00000034824.1	CATG00000034824.1	ASO_C0025760_07	Targeted lncRNA	r5b3p2	1.029946	1.160328	0.931256	0.986459	0.989975	1.0371	0.996804	1.005359	1.013708	0.980797	1.003325	0.943682	0.947258	1.00775	0.944878	1.008936	0.973849	0.98632	0.982586	0.981275	0.989264	0.98774	0.99188	0.989835	0.952606	1.008121	0.995222	0.994507
CATG00000034824.1	CATG00000034824.1	ASO_C0025760_10	Targeted lncRNA	r5b3p2	0.926639	1.009667	1.021121	1.127914	0.939933	1.034899	0.994868	1.006274	1.049619	1.064505	1.071889	0.999719	0.973538	1.092789	0.97846	1.094511	1.026353	1.041008	1.038146	1.033918	1.015572	1.024249	1.026904	1.026667	0.976866	1.085943	1.0274	1.010899
CATG00000035089.1	CATG00000035089.1	ASO_C0025854_01	Targeted lncRNA	r15bALLp1	0.909814	0.930539	0.939278	0.989491	0.951963	0.980151	0.994296	0.996698	1.024671	1.010148	1.033851	1.005203	0.942609	0.988002	0.946031	0.992639	0.982954	1.015515	0.997243	1.012392	0.982049	1.004586	0.990652	1.001156	0.952757	0.987248	1.015187	0.999045
CATG00000035089.1	CATG00000035089.1	ASO_C0025854_02	Targeted lncRNA	r15bALLp1	1.120457	1.054083	0.988349	0.996441	0.981097	0.990856	0.990647	0.989014	1.009827	0.993257	1.016887	0.997246	0.979781	0.978564	0.972213	0.984573	0.997144	0.994527	1.000693	0.986511	1.00523	1.025131	1.006639	1.022294	0.980667	1.011206	1.003082	0.988809
CATG00000035089.1	CATG00000035089.1	ASO_C0025854_04	Targeted lncRNA	r15bALLp1	1.053069	1.066516	0.987262	0.947906	1.001661	0.99925	1.00186	0.998696	1.026303	0.951172	1.012946	0.988278	0.992219	0.968545	0.990325	0.970651	1.002462	0.98078	1.012558	0.970633	0.994326	0.99129	0.99456	0.987148	0.979691	0.979307	1.000153	0.989461
CATG00000035089.1	CATG00000035089.1	ASO_C0025854_05	Targeted lncRNA	r15bALLp1	1.017376	1.281799	1.081089	1.001474	0.99578	0.941387	1.01583	0.986904	1.009675	0.990465	0.994403	0.991398	1.044102	0.958031	1.051265	0.969521	1.049677	1.027566	1.039778	1.007792	0.99988	1.029935	0.99758	1.026371	1.027949	0.990815	1.013494	0.99391
CATG00000035089.1	CATG00000035089.1	ASO_C0025854_09	Targeted lncRNA	r15bALLp1	0.97066	0.981242	0.999377	0.962627	0.971362	0.956417	0.988961	0.995751	1.041336	1.014094	1.020986	1.009164	0.978779	0.953405	0.980676	0.958484	1.010355	1.001416	1.000036	0.996446	1.021682	0.989962	1.025014	0.991644	0.994595	0.968829	0.998792	0.998971
CATG00000073509.1	CATG00000073509.1	ASO_C0007786_01	Targeted lncRNA	r5b3p1	0.976434	1.076423	0.968149	1.032769	0.994294	1.060098	1.004151	1.000552	1.009272	1.011	1.019731	0.986447	0.982272	1.042957	0.987911	1.034401	0.985919	0.985932	0.985266	0.991297	0.97469	0.995413	0.979981	1.000424	0.977188	1.03298	1.013376	0.990684
CATG00000073509.1	CATG00000073509.1	ASO_C0007786_02	Targeted lncRNA	r5b3p1	0.932421	0.993096	1.006937	0.985924	0.935004	0.927615	0.979392	0.971588	1.05301	1.069128	1.042379	1.056062	0.961027	0.950787	0.968473	0.953082	1.031652	1.031167	1.027047	1.021724	1.045135	1.034376	1.054715	1.042231	0.99349	0.977966	1.005207	1.008659
CATG00000073509.1	CATG00000073509.1	ASO_C0007786_03	Targeted lncRNA	r5b3p1	0.955406	0.818499	0.932439	1.013077	0.99557	0.957855	0.993913	0.989404	1.018737	1.036528	1.038244	1.046926	0.965894	0.971905	0.962494	0.971271	0.96795	1.019555	0.974002	1.014537	0.968258	1.033283	0.974555	1.044828	0.952532	0.987054	1.005693	0.999302
CATG00000073509.1	CATG00000073509.1	ASO_C0007786_04	Targeted lncRNA	r5b3p1	0.93844	0.903193	0.915302	0.975193	0.97676	0.964374	0.989843	0.993756	1.057429	1.046432	1.08965	1.070769	0.955948	0.970133	0.943918	0.964803	0.984005	1.004684	1.00495	1.012065	0.964508	0.995101	0.967821	0.995664	0.920264	0.954548	1.023138	1.0142
CATG00000073509.1	CATG00000073509.1	ASO_C0007786_08	Targeted lncRNA	r5b3p1	1.01817	0.992186	0.982266	0.984593	1.000644	0.951402	1.002726	0.982017	1.017143	1.045203	1.017207	1.069275	0.989653	0.960365	0.985997	0.958748	0.996321	1.011542	0.998884	1.020742	0.982943	1.01792	0.995033	1.031389	0.987168	0.96958	1.015657	1.021101
CATG00000076290.1	CATG00000076290.1	ASO_C0008822_02	Targeted lncRNA	r5b3p1	0.960477	1.004054	1.030136	1.027408	1.015578	0.993029	1.004279	0.994227	0.999251	1.048189	1.008062	1.007915	1.022634	1.005404	1.01906	1.007037	1.001057	1.026054	0.99233	1.021561	0.999689	1.012442	0.997456	1.01898	1.015507	1.001391	1.000365	1.001226
CATG00000076290.1	CATG00000076290.1	ASO_C0008822_03	Targeted lncRNA	r5b3p1	0.759748	0.8089	0.967395	0.887211	0.917079	0.894862	0.971028	0.968571	1.04352	1.089065	1.093112	1.148616	0.927175	0.878694	0.931693	0.877095	1.04473	0.989502	1.030804	0.997293	1.034158	0.973685	1.037659	0.994691	0.943718	0.886893	1.009115	1.021308
CATG00000076290.1	CATG00000076290.1	ASO_C0008822_04	Targeted lncRNA	r5b3p1	0.88381	0.873952	1.035072	0.936975	1.059483	0.956178	1.011977	0.979809	0.980056	1.055391	1.014722	1.083621	1.059583	0.949821	1.051332	0.944713	1.001462	0.987621	1.019143	0.997093	0.968687	0.994174	0.973038	1.002142	1.011734	0.941092	1.021353	1.007269
CATG00000076290.1	CATG00000076290.1	ASO_C0008822_07	Targeted lncRNA	r5b3p1	0.904412	0.992119	1.008244	0.998187	0.954613	0.93061	0.989453	0.98523	1.058623	1.060593	1.075544	1.087428	0.985215	0.958321	0.986586	0.959814	1.037885	1.023375	1.034373	1.029814	1.008785	1.011881	1.019302	1.018974	0.97583	0.962113	1.020326	1.02214
CATG00000076290.1	CATG00000076290.1	ASO_C0008822_10	Targeted lncRNA	r5b3p1	0.895001	0.941398	0.905719	0.869163	0.940908	0.939056	0.992193	0.986702	1.092821	1.081246	1.146876	1.141641	0.927025	0.905909	0.921265	0.907277	1.007683	0.994065	1.026085	1.007502	0.946052	0.93587	0.95996	0.952816	0.894329	0.880761	1.041791	1.036942
CATG00000079799.1	CATG00000079799.1	ASO_C0008586_03	Targeted lncRNA	r5b3p5	0.998075	1.020712	1.003373	1.0381	0.916317	0.953306	0.981693	0.985771	1.077216	1.027434	1.046633	1.023121	0.957867	0.977042	0.959133	0.978666	1.021419	1.021313	1.019513	1.019657	1.041562	1.050033	1.050062	1.059353	0.980592	1.008042	0.998243	0.994762
CATG00000079799.1	CATG00000079799.1	ASO_C0008586_04	Targeted lncRNA	r5b3p5	0.927062	0.977912	0.939191	0.98383	0.93728	0.993558	0.983448	0.996169	1.058269	1.041753	1.095432	1.061531	0.92996	1.001178	0.926003	0.994559	0.999614	0.999857	1.006049	1.011369	1.006103	0.99623	1.01705	1.005631	0.939641	0.982522	1.009855	1.010801
CATG00000079799.1	CATG00000079799.1	ASO_C0008586_05	Targeted lncRNA	r5b3p5	1.031575	0.939768	0.929382	0.999719	1.077656	1.007574	1.020129	1.006537	0.985173	1.03344	1.029016	1.063537	1.023598	1.018752	1.013367	1.016744	0.956958	1.007989	0.982604	1.018195	0.908271	0.978335	0.914088	0.985294	0.949204	0.987998	1.032474	1.02735
CATG00000079799.1	CATG00000079799.1	ASO_C0008586_07	Targeted lncRNA	r5b3p5	0.796193	0.990312	0.979061	1.001733	0.978984	0.990205	0.995499	0.999714	1.057546	1.032262	1.039343	1.027787	0.971429	1.00365	0.963617	0.999027	0.986491	1.00993	0.994029	1.014817	0.994195	0.997012	1.00374	1.00632	0.97425	0.991504	1.004453	1.009747
CATG00000079799.1	CATG00000079799.1	ASO_C0008586_10	Targeted lncRNA	r5b3p5	0.998102	0.943583	0.976844	1.041471	0.968767	0.940724	0.994486	0.989823	1.063401	1.012647	1.092976	1.048116	0.983478	0.985669	0.979459	0.989119	1.001189	1.049679	1.018396	1.045132	1.002565	1.041463	1.016037	1.050187	0.974869	1.00307	1.0204	1.010792
CATG00000079799.1	CATG00000079799.1	ASO_C0008586_AD_01	Targeted lncRNA	r13b3ADp1	1.015853	0.954744	1.034854	0.96072	1.038876	0.975534	1.004726	0.992483	0.976209	1.015907	0.965268	1.025385	1.037506	0.964393	1.031833	0.963053	1.000261	0.984878	0.988787	0.984817	1.025083	0.988799	1.016033	0.9882	1.044534	0.972707	0.977202	0.997001
CATG00000079799.1	CATG00000079799.1	ASO_C0008586_AD_02	Targeted lncRNA	r13b3ADp1	0.924946	0.866677	0.930597	1.118107	1.055334	1.054083	1.019105	1.009019	0.984967	1.029227	0.991739	0.992592	1.00353	1.085345	1.002428	1.084956	0.949167	1.026853	0.964578	1.014916	0.933118	1.031809	0.931411	1.03142	0.969967	1.0739	1.007153	0.99547
CATG00000079799.1	CATG00000079799.1	ASO_C0008586_AD_03	Targeted lncRNA	r13b3ADp1	0.86387	0.815703	1.015994	1.033539	1.044114	1.058684	1.005779	0.99382	0.981349	0.972747	1.001354	1.002586	1.035489	1.047714	1.023661	1.041854	0.974726	0.990082	0.982815	0.989526	0.992901	1.008206	0.995463	1.011474	1.016423	1.033387	0.995799	0.993516
CATG00000079799.1	CATG00000079799.1	ASO_C0008586_AD_06	Targeted lncRNA	r13b3ADp1	0.877447	0.766132	1.052967	1.061376	1.032598	1.047396	0.996445	1.000445	0.985039	0.995085	0.964527	0.972616	1.035861	1.055611	1.034221	1.049072	1.004902	0.99392	0.9894	0.992039	1.059818	1.044575	1.056376	1.040349	1.053691	1.06521	0.975786	0.973823
CATG00000079799.1	CATG00000079799.1	ASO_C0008586_AD_09	Targeted lncRNA	r13b3ADp1	0.953144	0.916743	1.019174	0.986068	1.036355	0.99775	1.003502	0.999478	0.994798	1.01833	0.991955	1.019711	1.038888	0.992304	1.035658	0.979662	0.979684	0.977369	0.978153	0.982295	0.993168	0.999813	0.994786	1.000564	1.034943	0.995004	0.992818	0.996482
CATG00000083589.1	CATG00000083589.1	ASO_C0010207_02	Targeted lncRNA	r5b3p5	1.097996	0.992019	1.027604	1.099004	1.027859	1.001705	0.999361	1.002968	1.008817	1.0307	0.984659	0.979678	1.033096	1.042608	1.02825	1.048849	0.99967	1.046165	0.996519	1.033767	1.009721	1.048268	1.020129	1.052285	1.028196	1.057046	0.990765	0.992056
CATG00000083589.1	CATG00000083589.1	ASO_C0010207_03	Targeted lncRNA	r5b3p5	1.014151	0.883588	0.976188	1.178945	1.003923	0.982981	0.998204	0.996782	1.006922	1.028604	1.034997	0.995327	0.998078	1.071341	0.987079	1.069602	0.993215	1.070266	1.002842	1.050858	0.97647	1.096468	0.98326	1.096694	0.978232	1.102157	1.015973	0.999624
CATG00000083589.1	CATG00000083589.1	ASO_C0010207_04	Targeted lncRNA	r5b3p5	0.886626	0.888827	0.954365	1.20019	0.92366	1.023622	0.987787	1.019564	1.06636	1.050229	1.115736	0.970523	0.942703	1.11203	0.942052	1.117926	0.998877	1.07251	1.007297	1.070406	0.982702	1.035724	0.997233	1.034449	0.943386	1.099331	1.032125	1.011845
CATG00000083589.1	CATG00000083589.1	ASO_C0010207_06	Targeted lncRNA	r5b3p5	0.859852	0.854996	0.930738	0.892846	0.921325	0.977745	0.979047	1.000821	1.067471	1.011809	1.153983	1.112579	0.925364	0.950402	0.909399	0.93469	0.982346	0.957355	1.010903	0.988354	0.999184	0.922694	1.018911	0.933837	0.92395	0.915	1.031583	1.032365
CATG00000083589.1	CATG00000083589.1	ASO_C0010207_07	Targeted lncRNA	r5b3p5	0.933746	0.963874	0.998634	0.934436	0.96041	1.022318	0.99537	1.001137	1.074827	1.017203	1.108458	1.018363	0.978096	0.97699	0.970452	0.972396	1.003123	0.956766	1.022821	0.976338	0.989455	0.940797	0.999425	0.951171	0.966543	0.959592	1.030351	1.014222
CATG00000089639.1	CATG00000089639.1	ASO_G0223811_01	Targeted lncRNA	r2b1p2	0.597878	0.546583	0.964834	1.00008	0.906128	0.886651	0.974103	0.97473	1.075721	1.060033	1.094944	1.056545	0.929054	0.926428	0.927342	0.926057	1.037131	1.035659	1.0288	1.037365	1.050148	1.069736	1.046536	1.066016	0.939086	0.961355	1.006061	1.003853
CATG00000089639.1	CATG00000089639.1	ASO_G0223811_03	Targeted lncRNA	r2b1p2	0.947988	0.953404	0.94099	0.927973	0.943064	0.99399	0.990445	0.994684	1.063025	0.997191	1.084259	0.993812	0.945879	0.953913	0.943277	0.954113	1.006448	0.965139	1.012213	0.967945	0.981359	0.990053	0.988593	0.990075	0.936259	0.962155	1.021727	0.983853
CATG00000089639.1	CATG00000089639.1	ASO_G0223811_04	Targeted lncRNA	r2b1p2	0.694481	0.660302	0.97629	1.08817	0.936879	0.934176	0.967686	0.974659	1.033433	1.022179	1.015436	0.956063	0.94225	0.979682	0.93845	0.980825	1.000338	1.057549	0.985552	1.020788	1.059626	1.128047	1.051915	1.117457	0.991867	1.065893	0.970298	0.965355
CATG00000089639.1	CATG00000089639.1	ASO_G0223811_05	Targeted lncRNA	r2b1p2	1.042028	1.038467	0.921253	0.922567	0.893393	0.927136	0.9767	0.979165	1.054066	1.025904	1.061369	0.988303	0.900827	0.919897	0.90131	0.928988	1.002982	0.992302	1.007508	0.98239	0.999351	1.013403	1.005176	1.017686	0.919928	0.968399	1.010974	0.985568
CATG00000089639.1	CATG00000089639.1	ASO_G0223811_06	Targeted lncRNA	r2b1p2	0.699463	0.734073	0.911024	0.933464	0.880169	0.856965	0.969059	0.958618	1.040899	1.074716	1.047425	1.095291	0.882777	0.878179	0.892962	0.888569	1.046733	1.06242	1.023356	1.031235	1.029853	1.052665	1.030889	1.059819	0.917287	0.925893	1.001779	1.010077
CATG00000089639.1	CATG00000089639.1	ASO_G0223811_AD_02	Targeted lncRNA	r15bALLp6	1.020571	1.00534	1.033141	0.993077	0.970548	0.983063	0.999536	0.997797	1.044396	1.015694	1.083545	1.019208	1.009804	0.982647	1.011166	0.983651	1.031801	1.008463	1.041544	1.012713	0.985389	0.980025	0.987898	0.98202	0.984605	0.974217	1.02968	1.012681
CATG00000089639.1	CATG00000089639.1	ASO_G0223811_AD_05	Targeted lncRNA	r15bALLp6	0.979304	1.139911	1.043968	1.0759	0.978872	1.00485	1.007953	1.002875	1.008703	1.005506	1.044757	0.997767	1.016079	1.040547	1.019129	1.042179	1.041071	1.0449	1.048707	1.029868	0.988387	1.027113	0.994576	1.024162	0.987719	1.033738	1.032546	0.999879
CATG00000089639.1	CATG00000089639.1	ASO_G0223811_AD_06	Targeted lncRNA	r15bALLp6	0.999074	1.03819	1.061754	0.953986	0.999401	0.983668	1.010621	0.991675	1.011228	1.028215	1.04014	1.066074	1.040477	0.973387	1.038625	0.96466	1.038619	0.992968	1.041373	1.012195	0.998367	0.97218	0.999757	0.978786	1.011289	0.947834	1.029583	1.019775
CATG00000089639.1	CATG00000089639.1	ASO_G0223811_AD_07	Targeted lncRNA	r15bALLp6	0.746973	0.854314	0.962597	0.936752	0.908161	0.965292	0.972701	0.992748	1.034647	0.984071	1.079266	0.981888	0.919016	0.939431	0.919966	0.935122	1.018703	0.967423	1.022279	0.966891	1.022278	1.00064	1.023976	0.997732	0.945033	0.962016	1.012618	0.972962
CATG00000089639.1	CATG00000089639.1	ASO_G0223811_AD_10	Targeted lncRNA	r15bALLp6	0.951707	1.093609	1.082111	0.974341	0.998095	0.964084	1.006924	0.998503	0.9921	1.012132	1.007767	1.028408	1.036344	0.963171	1.037506	0.960102	1.042922	1.001009	1.031658	1.00402	1.026829	0.990926	1.028018	0.991379	1.037793	0.968532	1.011798	1.01011
CATG00000090305.1	CATG00000090305.1	ASO_C0011140_02	Positive Control	r5b3p6	0.391687	0.514361	0.712181	0.673278	0.919127	0.892971	0.951747	0.955914	1.09836	1.1238	1.209561	1.268032	0.800909	0.780329	0.779222	0.7624	0.852947	0.880836	0.896568	0.915517	0.864891	0.842283	0.858332	0.852465	0.776563	0.747771	1.008331	1.033299
CATG00000090305.1	CATG00000090305.1	ASO_C0011140_06	Positive Control	r5b3p6	0.954844	1.014603	0.851146	0.916772	0.966274	0.933737	0.992809	0.982861	1.030961	1.040816	1.044397	1.096299	0.898421	0.920497	0.890489	0.914706	0.960573	1.012229	0.962656	1.015822	0.959052	0.983288	0.956683	0.980808	0.890497	0.910054	0.981159	1.016543
CATG00000090305.1	CATG00000090305.1	ASO_C0011140_07	Positive Control	r5b3p6	1.027708	1.046419	0.895736	1.022843	1.001411	0.994401	0.981715	0.997863	0.976389	1.008318	0.98402	1.028222	0.937052	1.015943	0.924409	1.011604	0.941668	1.031997	0.933698	1.02676	1.016227	1.027671	1.000221	1.024409	0.953438	1.004395	0.941923	1.000082
CATG00000090305.1	CATG00000090305.1	ASO_C0011140_09	Positive Control	r5b3p6	0.943075	1.040281	0.945861	0.994414	1.029798	0.982546	0.987553	0.989432	0.967284	0.986722	0.936823	1.006055	0.97515	0.991693	0.964539	0.988296	0.966381	1.021031	0.941181	1.013872	1.040146	1.041428	1.00951	1.037288	1.003202	0.999976	0.943385	0.981884
CATG00000090305.1	CATG00000090305.1	ASO_C0011140_10	Positive Control	r5b3p6	1.131247	1.01157	0.924182	0.982017	1.008851	0.972476	0.984548	0.980536	0.990286	1.0374	1.001574	1.03474	0.967234	0.984737	0.957613	0.982061	0.971496	1.020706	0.965971	1.016785	1.018472	1.028483	1.001151	1.037564	0.970935	0.986114	0.959755	1.004777
CATG00000095991.1	CATG00000095991.1	ASO_C0012015_01	Targeted lncRNA	r14b9plusp4	0.934118	0.963637	0.965443	0.992039	0.94703	0.887428	0.994452	0.968121	1.054408	1.055707	1.039782	1.059982	0.950213	0.914971	0.951287	0.922442	1.014902	1.045626	1.020571	1.033902	1.001436	1.052672	1.008602	1.060512	0.953079	0.95629	1.005696	1.003119
CATG00000095991.1	CATG00000095991.1	ASO_C0012015_03	Targeted lncRNA	r14b9plusp4	0.878844	0.899499	0.936482	0.954248	1.000843	0.994347	1.001059	1.003825	1.024464	1.000547	1.058081	1.031283	0.974366	0.977122	0.967654	0.971757	0.970443	0.970789	0.985918	0.985421	0.93011	0.968699	0.948776	0.972746	0.944494	0.955059	1.029985	1.005657
CATG00000095991.1	CATG00000095991.1	ASO_C0012015_07	Targeted lncRNA	r14b9plusp4	0.165954	0.281906	0.818903	0.802563	0.942257	0.899304	0.953653	0.94765	1.081332	1.086846	1.148032	1.149877	0.866059	0.83133	0.856612	0.824392	0.912864	0.90422	0.918944	0.91554	0.917659	0.898936	0.918746	0.911955	0.872643	0.846472	1.003837	1.009245
CATG00000095991.1	CATG00000095991.1	ASO_C0012015_09	Targeted lncRNA	r14b9plusp4	0.905247	0.923659	1.010542	0.976956	1.041992	1.011892	1.009013	0.992171	1.002282	1.014001	0.994213	1.035655	1.034121	0.988135	1.022354	0.978452	0.984685	0.990136	0.994806	1.004221	0.988164	0.993211	0.988563	0.993647	1.009637	0.962611	1.00803	1.002992
CATG00000095991.1	CATG00000095991.1	ASO_C0012015_10	Targeted lncRNA	r14b9plusp4	0.823627	0.863284	1.187841	1.118465	1.03569	1.070594	1.005949	1.002298	0.980956	0.95471	0.95581	0.929579	1.108438	1.092752	1.108341	1.086751	1.062941	1.01753	1.039898	0.995573	1.096911	1.074044	1.086758	1.061373	1.115806	1.099672	0.984461	0.961636
CATG00000095991.1	CATG00000095991.1	ASO_C0012015_AD_02	Targeted lncRNA	r13b3ADp1	1.02206	0.936822	0.993967	1.118743	1.037988	0.976436	0.998339	0.99538	0.984801	1.013159	0.974728	0.993004	1.019229	1.033043	1.015216	1.038954	0.976444	1.055146	0.971191	1.041321	1.007837	1.067688	0.99914	1.060688	1.022502	1.055351	0.974819	0.989
CATG00000095991.1	CATG00000095991.1	ASO_C0012015_AD_04	Targeted lncRNA	r13b3ADp1	0.893268	0.918103	0.987914	0.98482	1.036797	1.016206	1.007146	1.00181	0.980995	1.001264	0.959796	1.001721	1.015112	1.004263	1.013301	1.005781	0.96673	0.979228	0.964684	0.98684	1.002274	0.996651	0.995584	1.001971	1.020581	0.997956	0.973489	0.994942
CATG00000095991.1	CATG00000095991.1	ASO_C0012015_AD_05	Targeted lncRNA	r13b3ADp1	0.849964	0.877881	0.984775	1.039336	1.082527	1.045575	1.018875	1.005908	0.94502	0.974367	0.950032	0.979303	1.040148	1.048636	1.028142	1.046265	0.960686	0.996717	0.960439	0.99823	0.979328	1.003524	0.975742	1.006057	1.015525	1.037476	0.980953	0.996506
CATG00000095991.1	CATG00000095991.1	ASO_C0012015_AD_06	Targeted lncRNA	r13b3ADp1	0.743412	0.747717	0.900154	0.957122	0.9259	0.987566	0.974198	0.981386	1.065885	1.029629	1.122332	1.072682	0.907737	0.971407	0.907042	0.96446	0.998357	1.00776	0.996324	1.007081	0.983285	1.001534	0.987515	0.998757	0.915468	0.949005	1.011885	0.995526
CATG00000095991.1	CATG00000095991.1	ASO_C0012015_AD_09	Targeted lncRNA	r13b3ADp1	0.895302	0.836809	1.006051	0.998843	1.004383	1.040384	0.988552	1.009521	1.01609	1.001432	1.002471	1.003637	0.993928	1.032278	0.992044	1.029669	0.9941	0.98101	0.980948	0.985289	1.031424	0.97807	1.029673	0.982824	1.018849	1.019927	0.983143	0.996416
CATG00000098665.1	CATG00000098665.1	ASO_C0013450_01	Targeted lncRNA	r3b2p1	1.017828	0.988601	0.962071	0.919393	0.966925	0.952559	0.987727	0.982281	0.999777	0.997651	1.018404	1.034303	0.956843	0.933103	0.956832	0.940954	1.017354	1.014612	1.004152	1.000925	1.029396	1.022044	1.032736	1.028447	0.973292	0.954847	0.988561	0.992369
CATG00000098665.1	CATG00000098665.1	ASO_C0013450_02	Targeted lncRNA	r3b2p1	0.977066	0.970912	0.970817	1.044887	0.98282	1.058059	0.997604	1.021021	1.049578	1.034664	1.025918	1.017659	0.976809	1.064121	0.977687	1.065926	0.986284	0.982586	0.998784	1.004131	0.985438	0.955749	0.986213	0.964036	0.97287	1.03359	1.003857	1.027609
CATG00000098665.1	CATG00000098665.1	ASO_C0013450_03	Targeted lncRNA	r3b2p1	0.88805	0.839934	0.913864	0.891195	0.932445	1.022963	0.983739	1.003555	1.053639	1.039412	1.089383	1.072027	0.921275	0.965405	0.919627	0.949797	1.006438	0.954531	1.015431	0.983237	0.986267	0.915871	0.995792	0.929708	0.910282	0.907021	1.014883	1.025133
CATG00000098665.1	CATG00000098665.1	ASO_C0013450_06	Targeted lncRNA	r3b2p1	0.905636	0.835007	0.823117	0.932801	0.900798	0.896129	0.983863	0.9735	1.10119	1.090385	1.186908	1.135299	0.85096	0.909358	0.846045	0.907218	0.981636	1.033063	1.005465	1.040658	0.929389	1.0195	0.943651	1.02634	0.822907	0.906352	1.037716	1.025243
CATG00000098665.1	CATG00000098665.1	ASO_C0013450_07	Targeted lncRNA	r3b2p1	0.88118	0.821461	0.8466	0.940674	0.9332	0.949898	0.989483	0.992998	1.063002	1.058676	1.153815	1.108159	0.89337	0.95658	0.884935	0.954034	0.980834	1.005871	0.993456	1.022542	0.935553	0.981537	0.945952	0.990879	0.856575	0.929128	1.032518	1.024844
CATG00000098665.1	CATG00000098665.1	ASO_C0013450_AD_01	Targeted lncRNA	r13b3ADp1	0.97875	1.00712	1.100185	0.935564	1.006663	1.000911	1.008523	0.99368	1.026828	1.004662	0.994737	1.013977	1.049944	0.974066	1.051651	0.972993	1.037628	0.97759	1.027583	0.982147	1.044271	0.974583	1.039148	0.972008	1.060992	0.961162	0.995779	0.996244
CATG00000098665.1	CATG00000098665.1	ASO_C0013450_AD_02	Targeted lncRNA	r13b3ADp1	0.979542	0.987091	0.96402	0.903702	1.057589	1.053416	1.001885	1.013951	0.993952	0.999386	0.978429	1.000694	1.010735	0.994498	1.010095	0.992391	0.963424	0.939223	0.960688	0.949384	0.974022	0.932793	0.972843	0.928114	1.006461	0.966103	0.991404	0.995024
CATG00000098665.1	CATG00000098665.1	ASO_C0013450_AD_03	Targeted lncRNA	r13b3ADp1	0.89208	0.967209	1.011083	0.994352	0.990022	1.0083	0.98877	0.987388	1.048573	1.027022	1.041311	1.002755	1.000124	0.989265	1.001298	0.988226	1.003599	0.977812	1.005594	0.971742	1.009532	1.016734	1.009559	1.021111	0.998067	1.008165	1.003639	0.986106
CATG00000098665.1	CATG00000098665.1	ASO_C0013450_AD_04	Targeted lncRNA	r13b3ADp1	0.911678	0.964987	0.952353	1.081322	0.999568	1.021257	0.993274	0.99156	1.021489	1.012402	1.025083	1.007818	0.974657	1.042185	0.968086	1.03812	0.971043	1.019519	0.969612	1.008667	0.998417	1.040295	1.000077	1.037721	0.987501	1.044644	0.993841	0.987073
CATG00000098665.1	CATG00000098665.1	ASO_C0013450_AD_09	Targeted lncRNA	r13b3ADp1	0.354631	0.503636	0.851857	0.832187	0.903391	0.874097	0.973819	0.96126	1.086093	1.107694	1.132569	1.167904	0.862029	0.839574	0.851378	0.834275	0.940264	0.956375	0.953215	0.964525	0.956388	0.970971	0.966989	0.97999	0.877852	0.865227	1.009987	1.01918
CATG00000098831.1	CATG00000098831.1	ASO_C0013510_01	Targeted lncRNA	r3b2p5	0.976389	1.057104	1.042361	0.992463	0.89352	0.913185	0.971765	0.983396	1.051034	1.016293	1.037211	1.013363	0.932569	0.942156	0.940191	0.952173	1.069387	1.054032	1.04637	1.026375	1.091151	1.062282	1.085726	1.06159	0.987572	0.98561	0.986371	0.988813
CATG00000098831.1	CATG00000098831.1	ASO_C0013510_03	Targeted lncRNA	r3b2p5	0.95319	0.889597	0.921418	0.926259	0.980532	0.954844	0.997244	0.995949	1.018549	1.006683	1.078018	1.081564	0.951345	0.934105	0.944125	0.930734	0.977953	0.992137	0.991151	1.003525	0.963867	0.966214	0.963375	0.968074	0.925952	0.913468	1.008924	1.023696
CATG00000098831.1	CATG00000098831.1	ASO_C0013510_06	Targeted lncRNA	r3b2p5	0.332966	0.478137	0.739056	0.846907	0.840403	0.861286	0.964461	0.972758	1.130471	1.111277	1.310637	1.232298	0.786942	0.845043	0.76941	0.834423	0.923887	0.987491	0.968408	1.015749	0.881959	0.949329	0.893329	0.95854	0.756286	0.826674	1.056406	1.042768
CATG00000098831.1	CATG00000098831.1	ASO_C0013510_07	Targeted lncRNA	r3b2p5	0.927099	0.94024	1.000484	0.928967	0.994344	0.935497	0.995963	0.98223	1.040129	1.023659	1.071181	1.094664	0.98936	0.922331	0.9841	0.921348	0.987285	0.974541	1.006726	0.992846	0.983992	1.009171	0.987868	1.01575	0.967128	0.934409	1.013394	1.015399
CATG00000098831.1	CATG00000098831.1	ASO_C0013510_08	Targeted lncRNA	r3b2p5	0.9911	0.986465	0.910621	1.004824	0.922897	1.005417	0.98809	1.000808	1.068153	1.002806	1.11699	1.048321	0.914852	1.013526	0.914563	1.015786	1.001936	1.00872	1.014819	1.020468	0.983192	0.996815	0.986499	0.996698	0.908085	0.994408	1.018681	1.01138
CATG00000098831.1	CATG00000098831.1	ASO_C0013510_AD_02	Targeted lncRNA	r13b3ADp2	0.814398	0.736298	0.984015	0.881327	0.940367	0.928479	0.981545	0.971947	0.997219	1.044141	1.006467	1.087391	0.940986	0.896428	0.944156	0.887264	1.015973	0.975267	0.995186	0.977079	1.05704	0.992788	1.04501	0.99819	0.983247	0.914821	0.977723	0.993256
CATG00000098831.1	CATG00000098831.1	ASO_C0013510_AD_04	Targeted lncRNA	r13b3ADp2	1.018118	0.982354	1.111391	1.025745	0.980683	0.947074	0.998388	0.981953	0.992776	1.033334	0.956969	1.029926	1.048349	0.980164	1.057232	0.985949	1.061335	1.040371	1.043249	1.029582	1.077425	1.051722	1.073507	1.055204	1.073877	0.999734	0.987051	1.001462
CATG00000098831.1	CATG00000098831.1	ASO_C0013510_AD_05	Targeted lncRNA	r13b3ADp2	0.902723	0.868115	1.020728	0.954011	1.009747	0.982408	0.999822	0.986808	0.991467	1.005045	0.975242	1.027266	1.011758	0.972287	1.011604	0.971545	0.996686	0.98745	0.990928	0.996568	1.010739	1.010584	1.015346	1.016204	1.02549	0.97521	0.992223	1.004654
CATG00000098831.1	CATG00000098831.1	ASO_C0013510_AD_08	Targeted lncRNA	r13b3ADp2	0.959886	0.914522	1.053949	1.057825	0.995307	0.967661	1.004316	1.004226	0.972548	1.040495	0.963021	1.024822	1.015391	1.008263	1.019521	1.007878	1.017918	1.024123	1.012192	1.021163	1.037401	1.025783	1.035662	1.021746	1.033384	1.017926	0.993017	1.008013
CATG00000098831.1	CATG00000098831.1	ASO_C0013510_AD_10	Targeted lncRNA	r13b3ADp2	1.113606	1.014632	0.968957	1.035435	1.03286	0.960729	1.000407	0.983009	0.958207	0.994776	0.964285	0.967863	1.006894	0.981527	1.007129	0.985194	0.990434	1.031169	0.987297	1.00986	0.994554	1.082889	0.993827	1.07731	0.993981	1.024366	0.985294	0.972372
CATG00000106837.1	CATG00000106837.1	ASO_C0015153_01	Targeted lncRNA	r5b3p6	1.00077	1.045879	0.934818	0.976425	0.942459	0.994772	0.987076	0.991315	1.040095	0.989195	1.046105	1.011462	0.937553	0.979357	0.936297	0.982652	1.003074	1.005194	0.999784	1.002744	1.009621	1.000187	1.015632	1.002004	0.956941	0.978769	1.003953	1.002897
CATG00000106837.1	CATG00000106837.1	ASO_C0015153_03	Targeted lncRNA	r5b3p6	0.826203	0.899394	0.829429	0.832843	0.889501	0.904705	0.975318	0.977269	1.08002	1.086752	1.161295	1.187497	0.861621	0.871629	0.853205	0.868838	0.978279	0.980279	0.991115	0.999422	0.950467	0.940998	0.95545	0.958399	0.852554	0.853947	1.027742	1.038833
CATG00000106837.1	CATG00000106837.1	ASO_C0015153_04	Targeted lncRNA	r5b3p6	1.038426	0.937407	0.924311	0.948392	1.027515	1.017031	1.013005	0.991773	0.999748	0.999901	1.029862	1.040611	0.995926	0.98892	0.993434	0.982741	0.964025	0.97634	0.980552	0.984465	0.932105	0.966624	0.939887	0.975121	0.954753	0.966503	1.014936	1.013222
CATG00000106837.1	CATG00000106837.1	ASO_C0015153_07	Targeted lncRNA	r5b3p6	1.011483	0.862069	0.955039	0.930696	0.984287	0.951416	0.98967	0.993587	1.017401	1.06297	1.067682	1.11117	0.975947	0.947542	0.969041	0.939605	1.013061	1.009366	1.024168	1.026692	0.983807	0.979447	0.991844	0.986535	0.945227	0.919133	1.020183	1.028175
CATG00000106837.1	CATG00000106837.1	ASO_C0015153_08	Targeted lncRNA	r5b3p6	1.030312	0.983433	0.91484	0.87582	0.962418	0.963558	0.995963	0.994612	1.021688	1.041037	1.079662	1.097088	0.95121	0.928941	0.949275	0.92825	0.996893	0.978827	1.017171	0.994651	0.951432	0.942043	0.966237	0.95522	0.91856	0.905383	1.031441	1.033231
CATG00000108369.1	CATG00000108369.1	ASO_C014559_01	Targeted lncRNA	r2b1p4	1.050213	0.862743	0.880216	0.871509	0.847075	0.926187	0.950414	0.959391	1.106742	1.044683	1.141524	1.078105	0.855514	0.888117	0.866858	0.895183	1.01921	0.991033	1.009152	0.974575	0.99018	0.991865	1.003876	0.991051	0.896338	0.916953	1.027484	0.990861
CATG00000108369.1	CATG00000108369.1	ASO_C014559_02	Targeted lncRNA	r2b1p4	0.952164	1.041224	0.967338	1.029424	0.971315	0.944927	1.00085	0.994558	1.016008	0.991533	1.040861	1.015449	0.974783	0.97415	0.974833	0.982779	1.016412	1.028145	1.022368	1.01527	0.991575	1.030845	0.991461	1.033878	0.95949	1.00204	1.014328	1.000993
CATG00000108369.1	CATG00000108369.1	ASO_C014559_06	Targeted lncRNA	r2b1p4	1.025992	1.085088	0.957344	0.859868	0.840372	0.865767	0.954812	0.971167	1.084252	1.096512	1.123656	1.121047	0.89304	0.855655	0.90239	0.867011	1.054531	1.011623	1.045772	1.01542	1.068295	0.962785	1.076152	0.975618	0.942538	0.867668	1.017727	1.028389
CATG00000108369.1	CATG00000108369.1	ASO_C014559_07	Targeted lncRNA	r2b1p4	0.959377	0.798515	0.905115	0.962719	0.939195	0.93536	0.995236	0.986877	1.033063	1.041091	1.057	1.044515	0.931985	0.950804	0.934717	0.959003	0.989845	1.03752	0.9996	1.029148	0.957851	1.013069	0.961793	1.010484	0.923793	0.949881	1.018127	1.005513
CATG00000108369.1	CATG00000108369.1	ASO_C014559_AD_01	Targeted lncRNA	r13b3ADp2	0.992329	0.961174	1.062679	1.027496	0.955876	1.012788	0.990066	1.005647	1.014722	0.980505	1.025719	0.991384	1.000478	1.01778	1.007175	1.019213	1.03408	1.004639	1.023796	1.006139	1.046916	1.013066	1.045151	1.010925	1.018461	1.016394	1.001866	1.004844
CATG00000108369.1	CATG00000108369.1	ASO_C014559_AD_03	Targeted lncRNA	r13b3ADp2	1.029609	0.880651	1.131149	0.993328	0.996612	1.043746	0.990388	1.014979	0.972267	0.954964	0.970691	0.985481	1.047539	1.035257	1.056466	1.031621	1.044016	0.993147	1.023933	1.007175	1.071767	0.971878	1.068305	0.971805	1.073993	0.995302	0.978155	1.006685
CATG00000108369.1	CATG00000108369.1	ASO_C014559_AD_05	Targeted lncRNA	r13b3ADp2	0.874541	0.828235	0.974894	0.965048	0.948995	0.95394	0.982798	0.988898	1.011994	1.036177	1.044187	1.040047	0.950077	0.94373	0.947338	0.941305	0.999209	0.992061	1.004196	0.987916	1.029799	1.012078	1.041537	1.012161	0.966745	0.96026	0.999348	0.997552
CATG00000108369.1	CATG00000108369.1	ASO_C014559_AD_06	Targeted lncRNA	r13b3ADp2	0.76451	0.799054	0.886818	0.914026	0.939939	0.955764	0.984513	0.984045	1.071336	1.05626	1.135228	1.077535	0.912735	0.927873	0.898732	0.919955	0.982684	0.97664	1.001684	0.991605	0.955574	0.969138	0.969637	0.987789	0.887575	0.927962	1.030603	1.018823
CATG00000108369.1	CATG00000108369.1	ASO_C014559_AD_07	Targeted lncRNA	r13b3ADp2	0.938064	0.881323	0.999221	1.006073	0.952708	0.980119	0.994472	1.003376	1.006256	1.010806	1.032358	1.030037	0.971064	0.987861	0.97115	0.980441	1.009956	1.014237	1.015592	1.010418	1.026654	1.025494	1.02989	1.026856	0.980701	0.990699	1.002463	0.999162
CATG00000117597.1	CATG00000117597.1	ASO_C0015779_01	Positive Control	r5b3p6	1.000504	1.01529	1.080173	0.984151	0.992907	0.998938	1.004216	0.984141	0.995678	0.988237	1.004924	0.977994	1.045949	0.988392	1.04603	0.98958	1.059666	1.005891	1.053007	0.992421	1.010943	1.034076	1.010127	1.033363	1.025396	1.003766	1.021907	0.978006
CATG00000117597.1	CATG00000117597.1	ASO_C0015779_02	Positive Control	r5b3p6	0.899067	0.971834	0.97792	1.0157	1.010638	0.95838	0.999299	0.986465	1.059167	1.028437	1.038841	1.040975	0.998046	0.988014	0.992964	0.990528	0.985521	1.036744	0.997934	1.038719	0.992662	1.043286	0.999543	1.056127	0.986991	1.003773	1.003324	1.007618
CATG00000117597.1	CATG00000117597.1	ASO_C0015779_06	Positive Control	r5b3p6	0.985094	0.975331	0.902271	0.879109	0.962799	0.914601	0.990701	0.980666	1.052196	1.051724	1.068372	1.139165	0.937935	0.888453	0.933266	0.882077	0.983622	0.983539	0.982466	1.000027	0.975696	0.975127	0.980852	0.986127	0.926978	0.886015	1.010273	1.029733
CATG00000117597.1	CATG00000117597.1	ASO_C0015779_07	Positive Control	r5b3p6	0.983859	0.890318	1.080672	1.020061	0.96796	0.978005	0.996725	0.987066	1.028481	1.030095	1.055219	1.045592	1.024291	1.005365	1.023461	1.009139	1.064868	1.049147	1.060198	1.033853	1.037392	1.031794	1.039812	1.036234	1.012271	0.999324	1.018371	1.01087
CATG00000117597.1	CATG00000117597.1	ASO_C0015779_08	Positive Control	r5b3p6	0.975319	0.999518	0.938412	0.952417	0.972664	0.975299	0.987537	0.98985	1.046911	1.031481	1.060591	1.082027	0.964697	0.969677	0.954632	0.962906	0.978883	1.004315	0.998252	1.008747	0.977291	0.982704	0.985352	0.984265	0.946423	0.937559	1.01239	1.014424
CATGC0000023317	CATGC0000023317	ASO_C023317_01	Targeted lncRNA	r2b1p4	0.837496	0.878669	0.911782	1.056227	0.998255	0.893828	0.995945	0.974046	1.031916	1.068623	1.069194	1.070271	0.961454	0.949461	0.952547	0.957908	0.973644	1.074916	0.987063	1.056671	0.957501	1.06647	0.961829	1.066585	0.935827	0.978353	1.013191	1.010891
CATGC0000023317	CATGC0000023317	ASO_C023317_02	Targeted lncRNA	r2b1p4	1.224199	1.295336	1.204764	0.972249	0.949139	0.997288	0.977468	0.99053	1.008362	1.076806	0.975646	1.074787	1.037375	0.99061	1.050266	0.989487	1.146956	1.005633	1.086089	1.015482	1.19272	0.972345	1.173056	0.978217	1.09848	0.967169	0.96768	1.020468
CATGC0000023317	CATGC0000023317	ASO_C023317_03	Targeted lncRNA	r2b1p4	1.157584	0.96218	0.837978	0.943117	0.854658	0.976219	0.96192	0.991531	1.086755	1.055023	1.136192	1.084402	0.826513	0.958985	0.833284	0.952253	1.012989	0.983036	1.014728	0.995751	0.968232	0.954025	0.985755	0.959949	0.845959	0.938461	1.026865	1.01805
CATGC0000023317	CATGC0000023317	ASO_C023317_04	Targeted lncRNA	r2b1p4	0.874923	0.862077	1.154231	0.890385	0.897329	0.864471	0.967923	0.97285	0.975578	1.090914	0.899319	1.148665	0.985757	0.876923	1.005808	0.887259	1.101647	1.055374	1.036218	1.052464	1.190409	0.989873	1.171215	0.999735	1.120459	0.879224	0.938741	1.035694
CATGC0000023317	CATGC0000023317	ASO_C023317_07	Targeted lncRNA	r2b1p4	1.055568	1.090026	0.922414	1.056844	0.991324	1.031599	1.003035	1.001045	1.00784	0.955636	1.019474	0.90468	0.971167	1.041729	0.969957	1.048277	0.980739	1.029866	0.986211	1.00532	0.941178	1.060349	0.945032	1.051614	0.953715	1.06679	1.008657	0.963651
CATGE0000171943	CATGE0000171943	ASO_G0236933_03	Targeted lncRNA	r14b9plusp4	0.775198	0.768926	0.939154	0.971798	0.928544	0.869201	0.977974	0.956801	1.049181	1.051346	1.045082	1.02522	0.924324	0.883939	0.928324	0.898305	1.014762	1.037896	0.99937	1.00854	1.007723	1.059593	1.013621	1.064839	0.9562	0.954067	0.994367	0.981472
CATGE0000171943	CATGE0000171943	ASO_G0236933_05	Targeted lncRNA	r14b9plusp4	0.95683	0.956549	1.107204	1.06071	0.94873	0.948893	0.985675	0.989967	1.034722	1.024341	1.030865	0.996075	1.003533	0.989514	1.005538	1.001238	1.060359	1.031276	1.044485	1.019157	1.072977	1.048383	1.069642	1.053826	1.034145	1.028913	0.996884	0.995434
CATGE0000171943	CATGE0000171943	ASO_G0236933_06	Targeted lncRNA	r14b9plusp4	0.994732	0.999677	1.056396	1.019649	1.026691	0.960479	0.992919	0.990291	0.983433	0.993101	0.924511	0.989226	1.028909	0.979477	1.039437	0.988469	1.015234	1.013399	0.986628	1.003079	1.04805	1.024039	1.045966	1.023278	1.059201	1.018263	0.968064	0.991983
CATGE0000171943	CATGE0000171943	ASO_G0236933_07	Targeted lncRNA	r14b9plusp4	0.939747	0.987095	0.991184	1.067693	0.986484	0.997278	0.995051	0.999202	1.004503	0.997036	1.014168	1.003911	0.988768	1.025642	0.989503	1.029017	0.996504	1.032088	0.990588	1.018178	1.003945	1.040037	0.991926	1.031319	0.993105	1.039998	0.994778	0.994122
CATGE0000171943	CATGE0000171943	ASO_G0236933_08	Targeted lncRNA	r14b9plusp4	0.96648	0.996289	0.958212	0.967578	0.978113	1.007188	1.002632	0.998919	1.031444	0.98841	1.044001	0.992859	0.968566	0.989072	0.967545	0.995321	0.999311	0.995407	1.00563	0.993365	0.980194	0.974249	0.984187	0.980847	0.955125	0.980278	1.017737	1.002743
CD27-AS1	CD27-AS1	ASO_G0215039_01	Targeted lncRNA	r4b4p1	0.456177	0.460736	0.853889	0.896192	0.876977	0.910928	0.956282	0.980214	1.109347	1.070777	1.192806	1.137949	0.853155	0.898598	0.841075	0.893282	0.951654	0.985578	0.968956	1.0063	0.957633	0.955769	0.96841	0.962775	0.87526	0.891187	1.022546	1.037662
CD27-AS1	CD27-AS1	ASO_G0215039_03	Targeted lncRNA	r4b4p1	0.970395	0.954375	1.015491	1.052855	0.945591	1.018456	0.982205	1.004061	1.015343	1.014835	1.026673	1.005813	0.96797	1.034249	0.964862	1.033299	1.016826	1.024221	1.010337	1.013544	1.037698	1.016876	1.04149	1.013813	0.999835	1.03104	1.004945	1.006869
CD27-AS1	CD27-AS1	ASO_G0215039_05	Targeted lncRNA	r4b4p1	0.914335	0.971298	1.036172	1.007646	0.983206	0.955069	0.987567	0.986382	1.003288	1.024271	1.03347	1.020698	0.998698	0.974575	0.994895	0.971178	1.016005	1.014837	1.012056	1.011136	1.046295	1.042734	1.044285	1.035751	1.003093	0.9903	1.000353	0.99382
CD27-AS1	CD27-AS1	ASO_G0215039_06	Targeted lncRNA	r4b4p1	0.959504	0.98927	0.98516	0.9872	0.937701	1.028602	0.992291	1.001401	1.058813	1.01288	1.099063	1.037467	0.962121	1.019969	0.965545	1.018427	1.026799	1.012574	1.034365	1.013606	0.990436	0.960526	1.004121	0.966758	0.95438	0.979746	1.036126	1.025974
CD27-AS1	CD27-AS1	ASO_G0215039_08	Targeted lncRNA	r4b4p1	0.967986	1.003096	1.022029	1.002744	1.025918	0.941723	1.005835	0.992428	0.991705	1.033615	1.003171	1.04413	1.033093	0.959779	1.019477	0.960108	1.022107	1.015814	1.017163	1.021948	1.042812	1.014287	1.034176	1.017099	1.018041	0.969245	0.990265	1.005758
CD27-AS1	CD27-AS1	ASO_G0215039_AD_01	Targeted lncRNA	r11b1ADp1	0.92724	0.949376	1.03243	1.090236	1.019554	1.004858	1.005259	1.000212	0.980447	0.998147	0.993573	0.988197	1.024098	1.029993	1.013882	1.023411	1.005987	1.022761	0.999292	1.019523	1.015493	1.038792	1.0092	1.033298	1.024997	1.045491	0.992132	0.997133
CD27-AS1	CD27-AS1	ASO_G0215039_AD_05	Targeted lncRNA	r11b1ADp1	0.73539	0.765813	0.93787	0.937528	0.991338	0.941698	0.993506	0.986415	1.003143	1.025657	0.998137	1.026492	0.965771	0.925889	0.961208	0.925191	0.983549	0.990918	0.971969	0.980878	0.986657	0.997018	0.98277	1.000108	0.972498	0.956984	0.993606	0.996832
CD27-AS1	CD27-AS1	ASO_G0215039_AD_07	Targeted lncRNA	r11b1ADp1	0.792418	0.763241	1.015954	1.007264	0.998059	1.007779	0.998984	0.994029	1.009684	0.986135	1.004342	0.995618	1.006418	1.004184	0.998402	0.997692	0.997342	0.963614	0.996	0.978319	1.019984	1.01928	1.019283	1.020787	1.011376	1.026823	1.000859	0.996702
CD27-AS1	CD27-AS1	ASO_G0215039_AD_08	Targeted lncRNA	r11b1ADp1	0.754719	0.801333	0.952945	1.031057	0.99298	1.028852	0.985176	0.994334	1.007863	0.99314	1.035893	0.987046	0.966239	1.02691	0.962275	1.019297	0.986742	0.993747	0.990481	0.994997	0.994049	1.018323	0.999729	1.012086	0.968004	1.02618	1.006885	0.989294
CD27-AS1	CD27-AS1	ASO_G0215039_AD_09	Targeted lncRNA	r11b1ADp1	0.937008	0.91836	1.069621	1.088493	1.027118	1.072849	1.001758	1.016578	1.009358	0.97877	0.992005	0.989058	1.045675	1.090516	1.039671	1.088498	1.019279	1.008359	1.021212	1.024576	1.021788	0.993648	1.018652	0.98813	1.036198	1.049762	1.0033	1.016403
CD99P1	CD99P1	ASO_G0223773_01	Targeted lncRNA	r4b4p2	1.033339	1.047704	0.989265	1.008607	0.930179	0.981775	0.987972	0.985065	1.036846	1.012052	0.995088	1.008673	0.952329	0.975808	0.966746	0.971525	1.029799	1.006625	1.006846	1.003607	1.053336	1.036757	1.052776	1.039231	1.008747	1.000804	0.990175	0.990287
CD99P1	CD99P1	ASO_G0223773_05	Targeted lncRNA	r4b4p2	0.994485	1.022641	0.958676	1.06712	1.029795	1.020217	0.999739	0.994192	0.992301	1.018862	0.977209	1.04139	0.998991	1.051395	0.989241	1.053693	0.978962	1.043805	0.97873	1.041279	0.99475	1.02329	0.994135	1.021606	0.996273	1.030927	0.987441	1.016775
CD99P1	CD99P1	ASO_G0223773_06	Targeted lncRNA	r4b4p2	0.946278	0.978989	0.967397	0.977042	1.022375	0.967263	1.003632	1.00254	1.001518	1.039384	1.018243	1.074087	1.004276	0.965336	1.000247	0.967293	0.986807	1.014968	0.985938	1.03055	0.981251	0.967572	0.974739	0.974876	0.985095	0.946706	0.997306	1.033786
CD99P1	CD99P1	ASO_G0223773_07	Targeted lncRNA	r4b4p2	0.913916	0.858525	0.944174	0.940634	1.025868	0.941016	1.00317	0.986221	0.993773	1.043652	0.96263	1.037632	0.984492	0.937529	0.982014	0.935967	0.953684	0.984382	0.956929	0.986002	0.984379	1.001865	0.975385	1.004989	0.987702	0.957124	0.973282	0.999671
CD99P1	CD99P1	ASO_G0223773_10	Targeted lncRNA	r4b4p2	1.007068	1.037467	1.017208	1.055597	0.97581	0.994576	0.990285	0.991533	1.041453	1.051042	1.039418	1.067341	0.995636	1.033105	0.992685	1.033165	1.021876	1.028272	1.01339	1.03563	1.031993	1.00202	1.03203	1.009239	1.008476	1.013501	1.001201	1.021717
CDKN2C	CDKN2C	ASO_C0000830_02	Positive Control	r5b3p1	1.098985	1.134069	0.923476	0.959612	0.976198	0.995453	0.983917	0.995504	1.040116	1.065224	1.044417	1.025628	0.947944	0.982967	0.948082	0.987743	1.000573	1.003364	0.992433	0.996308	1.006001	0.987211	1.002983	0.986775	0.954857	0.981833	0.990833	0.999316
CDKN2C	CDKN2C	ASO_C0000830_04	Positive Control	r5b3p1	0.810749	0.773728	0.83505	0.849104	0.907883	0.895337	0.975309	0.974571	1.065125	1.106872	1.118675	1.185811	0.859854	0.867281	0.858605	0.860403	0.972672	0.984173	0.983079	1.001241	0.958894	0.953086	0.965884	0.970725	0.853392	0.848274	1.01351	1.037347
CDKN2C	CDKN2C	ASO_C0000830_05	Positive Control	r5b3p1	1.056541	1.060341	0.934218	0.960524	0.993752	0.958469	0.998747	0.987835	1.013812	1.035888	1.031445	1.039793	0.967015	0.956115	0.966424	0.956194	0.983073	1.003397	0.979972	1.002551	0.980679	1.027023	0.978514	1.024869	0.955653	0.964052	0.996684	1.000858
CDKN2C	CDKN2C	ASO_C0000830_07	Positive Control	r5b3p1	1.033001	0.979937	0.973176	0.973209	1.008036	0.988545	0.993645	0.995804	1.016224	1.021548	1.04541	1.04703	0.990118	0.977663	0.98309	0.976705	0.995053	1.00229	1.001205	1.000527	0.976769	0.994325	0.985295	1.001256	0.966935	0.970412	1.005227	1.014786
CDKN2C	CDKN2C	ASO_C0000830_08	Positive Control	r5b3p1	0.987451	0.946642	0.922431	0.93287	0.937734	0.955977	0.979614	0.983865	1.042969	1.067502	1.081497	1.102904	0.925019	0.939917	0.926909	0.934083	1.008865	1.005943	1.001033	1.01569	0.991128	0.977099	0.998803	0.985532	0.928556	0.923014	1.008353	1.025235
CKMT2-AS1	CKMT2-AS1	ASO_G0247572_01	Targeted lncRNA	r8b7p5	0.982699	0.970921	0.952282	0.933945	0.978755	0.952825	1.002981	0.98857	0.99807	1.050495	1.010375	1.065175	0.969898	0.938568	0.969868	0.935928	0.990787	0.987768	1.000144	0.990927	0.973981	0.98884	0.968939	0.990394	0.953502	0.948746	1.002915	1.006218
CKMT2-AS1	CKMT2-AS1	ASO_G0247572_03	Targeted lncRNA	r8b7p5	0.883118	0.963438	1.032959	0.960016	0.969468	0.951885	0.989296	0.994449	1.02572	1.031463	1.052009	1.069762	0.992696	0.952749	0.991511	0.958025	1.025187	1.007843	1.027319	1.006939	1.019123	0.97346	1.017999	0.980536	0.994605	0.958313	1.008933	1.017064
CKMT2-AS1	CKMT2-AS1	ASO_G0247572_07	Targeted lncRNA	r8b7p5	0.937938	0.988254	0.960547	1.001034	0.992834	1.005133	0.997822	1.001292	1.030459	1.030841	1.044811	1.041103	0.977822	1.004775	0.970286	1.000926	0.978519	1.0001	0.990193	1.004004	0.976073	0.967973	0.982107	0.982923	0.961954	0.988615	1.003716	1.017908
CKMT2-AS1	CKMT2-AS1	ASO_G0247572_08	Targeted lncRNA	r8b7p5	0.948455	1.037192	1.021161	1.103929	0.89825	0.89556	0.970869	0.972478	1.052228	1.043574	1.078346	1.02618	0.937514	0.964644	0.938278	0.974054	1.053518	1.0834	1.037072	1.058302	1.071173	1.102908	1.079166	1.110931	0.97479	1.029902	0.99885	1.000011
CKMT2-AS1	CKMT2-AS1	ASO_G0247572_09	Targeted lncRNA	r8b7p5	0.919882	0.964142	0.979583	0.92898	1.019657	0.966207	0.998029	0.994629	1.015273	1.055181	1.029023	1.05287	0.99864	0.948439	0.992065	0.947624	0.983458	0.991765	0.995816	0.993298	0.974214	0.963435	0.973424	0.969518	0.975581	0.944037	1.012221	1.007931
CLDN22	CLDN22	ASO_C0008202_01	Positive Control	r5b3p5	0.931433	0.903624	1.013632	1.026442	0.973953	1.038558	0.999042	0.996565	1.001691	0.941116	1.00994	0.98626	0.988134	1.027691	0.98645	1.025425	1.023869	0.993843	1.017676	0.987948	1.028374	1.011471	1.024595	1.0085	0.988405	1.034431	0.995337	0.995239
CLDN22	CLDN22	ASO_C0008202_02	Positive Control	r5b3p5	0.985337	0.930098	1.019305	0.944686	0.936741	0.892616	0.996861	0.98078	1.025001	1.070779	1.070143	1.096772	0.98123	0.911895	0.982932	0.908733	1.047572	1.002517	1.043634	1.010565	1.035235	1.011475	1.037957	1.027119	0.986682	0.938474	1.015117	1.013453
CLDN22	CLDN22	ASO_C0008202_04	Positive Control	r5b3p5	0.861486	0.863401	0.958287	0.971468	0.901779	0.950715	0.976376	0.996754	1.071654	1.070618	1.110506	1.092234	0.927583	0.957871	0.925883	0.955684	1.012546	1.012296	1.013184	1.021684	1.026675	0.974117	1.037294	0.982039	0.952165	0.943293	1.014488	1.026267
CLDN22	CLDN22	ASO_C0008202_05	Positive Control	r5b3p5	0.997227	0.906741	0.931826	0.973662	0.922608	0.904519	0.988776	0.979204	1.045116	1.060963	1.077238	1.0847	0.930138	0.930132	0.922488	0.92791	1.001658	1.026718	1.008334	1.018955	1.005488	1.047179	1.022598	1.058514	0.943313	0.965106	1.017258	1.001582
CLDN22	CLDN22	ASO_C0008202_09	Positive Control	r5b3p5	0.947066	0.863972	0.874997	0.893357	0.90597	0.923608	0.98187	0.987065	1.087113	1.063234	1.167123	1.120891	0.888409	0.908699	0.880809	0.901946	0.977784	0.980014	1.003835	1.004912	0.965116	0.978333	0.970367	0.989799	0.87907	0.903871	1.032121	1.025391
COX10-AS1	COX10-AS1	ASO_G0236088_02	Targeted lncRNA	r6b5p5	0.838149	0.915859	0.945843	0.914836	0.946308	0.953248	0.982613	0.985625	1.03541	1.014006	1.069858	1.041514	0.941446	0.925583	0.93805	0.929708	1.002073	0.991261	1.005852	0.979502	1.002988	1.001658	1.002461	0.995793	0.933624	0.936558	0.99985	0.993446
COX10-AS1	COX10-AS1	ASO_G0236088_03	Targeted lncRNA	r6b5p5	0.309767	0.344564	0.69614	0.711635	0.856788	0.883829	0.958775	0.968291	1.172198	1.137438	1.310464	1.279504	0.768209	0.792085	0.742184	0.767776	0.890192	0.882636	0.935018	0.927666	0.860392	0.874571	0.882182	0.894117	0.748012	0.767991	1.063309	1.048655
COX10-AS1	COX10-AS1	ASO_G0236088_07	Targeted lncRNA	r6b5p5	0.592613	0.628469	0.911313	0.848618	0.963287	0.939464	0.981882	0.974422	1.05854	1.088728	1.111664	1.165073	0.929125	0.8931	0.910871	0.87182	0.981985	0.928004	0.984785	0.955577	0.992873	0.947686	0.987147	0.944618	0.916788	0.871225	1.003242	1.016505
COX10-AS1	COX10-AS1	ASO_G0236088_08	Targeted lncRNA	r6b5p5	0.170769	0.127023	0.723584	0.69896	0.805393	0.772994	0.934037	0.922575	1.206404	1.215219	1.32426	1.372013	0.737394	0.71714	0.719663	0.702479	0.899779	0.904808	0.925635	0.943742	0.902731	0.900294	0.923948	0.922545	0.769722	0.743866	1.047126	1.057257
COX10-AS1	COX10-AS1	ASO_G0236088_10	Targeted lncRNA	r6b5p5	0.389515	0.51367	0.684189	0.813479	0.827696	0.868568	0.945648	0.968845	1.152375	1.116999	1.257254	1.220859	0.733379	0.827704	0.717528	0.81621	0.895668	0.961042	0.934031	0.982755	0.887428	0.937541	0.911754	0.94977	0.739251	0.817733	1.034722	1.03647
MIATNB	CTA-211A9.5	ASO_G0244625_02	Targeted lncRNA	r7b6p2	0.989364	1.040607	0.990303	1.036383	0.963847	0.994138	0.994716	0.996502	1.024262	0.974628	1.016935	0.982915	0.97716	1.021526	0.979237	1.02473	1.022694	1.025093	1.014965	1.016587	1.010677	1.032836	1.008725	1.034701	0.979598	1.029177	0.998916	0.997257
MIATNB	CTA-211A9.5	ASO_G0244625_04	Targeted lncRNA	r7b6p2	0.585213	0.787066	0.967019	0.897319	0.876029	0.901195	0.975885	0.968604	1.060221	1.046791	1.095764	1.099472	0.896425	0.892652	0.889022	0.886222	1.019775	0.989919	1.016075	0.99451	1.023296	0.983548	1.033588	0.996203	0.931237	0.905123	1.010443	1.010821
MIATNB	CTA-211A9.5	ASO_G0244625_06	Targeted lncRNA	r7b6p2	0.84998	0.983525	0.967551	1.071854	0.953065	0.981044	0.994518	0.995092	1.01532	0.985668	1.045099	0.985922	0.9587	1.028443	0.946859	1.02725	1.00739	1.035999	1.005463	1.024476	1.003185	1.070246	1.003728	1.072571	0.947852	1.048055	0.999157	0.992314
MIATNB	CTA-211A9.5	ASO_G0244625_08	Targeted lncRNA	r7b6p2	0.848293	0.924041	0.953304	1.020034	1.003577	1.002	0.999816	1.010469	0.985726	1.006521	1.029795	0.996177	0.981474	1.015768	0.970941	1.014065	0.982054	1.00938	0.988703	1.014738	0.972085	0.991557	0.971773	0.990493	0.961035	1.00439	1.000549	1.00396
MIATNB	CTA-211A9.5	ASO_G0244625_09	Targeted lncRNA	r7b6p2	0.784724	0.858329	0.970216	0.944703	1.002309	0.978781	0.984399	0.988842	1.007732	1.026797	1.040348	1.067605	0.979919	0.974656	0.965226	0.974149	0.972015	0.98301	0.9785	0.998901	0.988088	0.951769	0.989442	0.955483	0.968882	0.954668	0.996509	1.023714
MIATNB	CTA-211A9.5	ASO_G0244625_AD_05	Targeted lncRNA	r12b2ADp3	1.059169	0.994111	0.985062	1.076138	1.014514	1.015984	1.004251	1.011929	0.973265	1.014835	1.010719	1.038583	1.003619	1.04647	0.998674	1.038183	0.98708	1.031175	0.98502	1.032321	0.992386	1.007647	0.99181	1.002128	1.001833	1.017262	1.001817	1.016725
MIATNB	CTA-211A9.5	ASO_G0244625_AD_07	Targeted lncRNA	r12b2ADp3	0.806968	0.814379	1.021298	1.120166	1.0566	1.032534	1.005533	1.008279	0.950601	0.9573	0.959098	0.970507	1.032921	1.082271	1.020429	1.079208	0.988019	1.030149	0.972747	1.020115	1.040578	1.062761	1.02684	1.05096	1.02994	1.077168	0.97445	0.986768
MIATNB	CTA-211A9.5	ASO_G0244625_AD_08	Targeted lncRNA	r12b2ADp3	0.909279	0.919009	0.985089	1.013413	1.028749	1.01308	1.016344	1.005774	0.980367	1.010903	1.000097	1.04736	1.022828	1.034081	1.019628	1.025808	0.974195	1.007603	0.982697	1.020819	0.989214	0.998279	0.982575	0.994436	1.009277	0.996314	1.00152	1.012066
MIATNB	CTA-211A9.5	ASO_G0244625_AD_09	Targeted lncRNA	r12b2ADp3	0.894797	0.909994	1.080327	0.963818	1.009875	0.996719	1.007705	0.999926	0.979117	1.002076	0.997177	1.044191	1.066881	0.995509	1.067716	0.993407	1.062154	0.992444	1.034019	0.995368	1.036095	0.973861	1.029338	0.974953	1.062004	0.979664	1.000178	1.015405
MIATNB	CTA-211A9.5	ASO_G0244625_AD_10	Targeted lncRNA	r12b2ADp3	0.860096	0.864172	1.036217	0.979498	1.030241	0.983028	0.995962	1.007727	0.963445	1.000495	1.016716	1.041801	1.040567	0.993591	1.035057	0.988391	1.02059	0.99698	1.005533	0.996721	1.014839	0.982966	1.004812	0.981381	1.017243	0.979183	0.997544	1.010602
NUP50-DT	CTA-217C2.1	ASO_G0226328_02	Targeted lncRNA	r4b4p3	1.059773	1.130605	1.001787	1.05384	1.010191	1.052425	1.000159	1.007702	0.993459	0.970971	0.978672	0.964883	1.011596	1.066062	1.017228	1.061123	1.000861	1.008497	1.001147	1.017006	1.008272	1.017444	0.999738	1.00948	1.00649	1.047559	0.988118	0.994131
NUP50-DT	CTA-217C2.1	ASO_G0226328_03	Targeted lncRNA	r4b4p3	1.014982	1.040139	0.986492	1.099524	0.993304	1.015546	0.991853	1.005283	0.965129	0.979693	0.952748	0.964676	0.973766	1.04882	0.975562	1.055102	1.001318	1.047402	0.990273	1.038891	1.033032	1.048217	1.030541	1.051042	1.001431	1.056941	0.976677	0.998243
NUP50-DT	CTA-217C2.1	ASO_G0226328_04	Targeted lncRNA	r4b4p3	0.946603	0.874688	1.040386	1.079142	1.047675	0.97571	0.997663	0.990276	0.979815	1.010945	1.018496	0.991253	1.044272	1.025102	1.03998	1.033366	1.015086	1.052239	1.01496	1.051708	1.026894	1.057935	1.033582	1.062328	1.026284	1.039965	0.996941	0.999551
NUP50-DT	CTA-217C2.1	ASO_G0226328_07	Targeted lncRNA	r4b4p3	1.02199	0.982567	1.010973	1.073649	1.035892	1.008844	0.997953	1.004148	0.970217	0.995442	0.99969	0.977699	1.026338	1.038909	1.01744	1.034789	0.999537	1.029271	0.996903	1.027676	1.032351	1.051705	1.026481	1.05031	1.026315	1.048781	0.989483	0.992261
NUP50-DT	CTA-217C2.1	ASO_G0226328_10	Targeted lncRNA	r4b4p3	0.957145	0.990021	0.917813	1.04089	1.022884	1.020263	1.013995	1.000161	1.000316	0.98984	1.068782	0.9504	0.987788	1.035544	0.987236	1.038604	0.968449	1.012577	0.992053	0.997199	0.91289	1.02928	0.917184	1.036378	0.926564	1.055193	1.033958	0.981578
CTB-31O20.2	CTB-31O20.2	ASO_G0261526_01	Targeted lncRNA	r9b8p2	0.996407	0.985944	1.000951	0.973604	1.038229	0.995887	0.99462	0.996421	0.967007	1.000478	0.93254	1.004435	1.01568	0.984075	1.020126	0.983435	0.994233	0.994181	0.972134	0.998025	1.043502	0.977594	1.037997	0.979667	1.047673	0.980376	0.958705	0.996767
CTB-31O20.2	CTB-31O20.2	ASO_G0261526_02	Targeted lncRNA	r9b8p2	1.019892	0.930514	0.980155	0.999181	1.03564	1.043058	1.005502	1.003094	0.979377	0.991643	0.98193	0.988195	0.99487	1.029246	0.995575	1.025419	0.98003	0.984534	0.965583	0.980973	0.978054	0.98534	0.979036	0.987498	0.99135	1.010904	0.990365	0.998529
CTB-31O20.2	CTB-31O20.2	ASO_G0261526_03	Targeted lncRNA	r9b8p2	0.959366	0.877886	1.056052	0.957892	1.064234	1.005742	1.00903	0.995738	0.947079	1.014871	0.950436	1.001794	1.062033	0.979649	1.059561	0.974567	0.986148	0.976257	0.979149	0.980599	1.01616	0.977297	1.007952	0.975741	1.063361	0.973158	0.982615	0.995373
CTB-31O20.2	CTB-31O20.2	ASO_G0261526_06	Targeted lncRNA	r9b8p2	1.01965	0.839153	1.001959	1.016495	1.063103	1.019107	1.016188	1.004341	0.951699	1.004527	0.943877	1.007317	1.037495	1.023751	1.035806	1.017806	0.994202	0.989317	0.981194	0.994101	0.987821	0.985472	0.978912	0.984976	1.018098	1.001109	0.977263	1.002041
CTB-31O20.2	CTB-31O20.2	ASO_G0261526_08	Targeted lncRNA	r9b8p2	1.039892	0.939895	1.063055	1.021652	0.993593	1.030005	1.000738	1.007648	0.994956	0.998771	1.002982	0.987834	1.03443	1.034179	1.030733	1.03635	1.034104	1.003379	1.030162	1.002439	1.034446	0.993587	1.027762	0.988348	1.032618	1.022346	0.995327	0.99507
CTB-55O6.12	CTB-55O6.12	ASO_G0267169_03	Targeted lncRNA	r15bALLp4	0.97679	0.934761	1.058339	0.975627	1.039901	0.987786	0.999142	0.988091	0.991564	1.007213	0.983124	1.031157	1.056232	0.984014	1.055241	0.987753	1.020061	1.00484	1.008916	1.008513	1.028343	0.995314	1.025627	1.002767	1.053232	0.98052	0.996877	1.01427
CTB-55O6.12	CTB-55O6.12	ASO_G0267169_04	Targeted lncRNA	r15bALLp4	1.073386	1.023826	1.069685	1.088122	1.072525	1.041399	1.009622	1.008085	0.969454	1.019325	0.952564	0.989856	1.078267	1.071786	1.079621	1.067247	1.013224	1.018327	1.000394	1.015084	1.018148	1.003638	1.007766	0.996834	1.068691	1.049686	0.987891	1.002161
CTB-55O6.12	CTB-55O6.12	ASO_G0267169_05	Targeted lncRNA	r15bALLp4	1.005672	0.857303	0.971185	1.023582	1.02194	1.000471	0.99853	0.989204	1.02584	1.013769	1.000458	1.001534	0.999343	1.005148	0.994946	1.00658	0.986657	1.002551	0.982811	1.00397	0.990153	1.024935	0.984521	1.0232	0.987948	1.016487	0.992189	0.994034
CTB-55O6.12	CTB-55O6.12	ASO_G0267169_07	Targeted lncRNA	r15bALLp4	1.094356	1.016287	1.019299	1.051725	0.996023	1.032703	0.987992	0.999931	1.008107	1.006169	1.020444	0.981882	1.009735	1.045862	1.012322	1.05064	1.030477	1.02654	1.018693	1.011314	1.007172	1.020141	1.006792	1.012883	1.003627	1.039339	1.008147	0.986067
CTB-55O6.12	CTB-55O6.12	ASO_G0267169_10	Targeted lncRNA	r15bALLp4	0.90573	1.030701	1.04075	0.972767	1.023834	1.00842	1.001028	0.991896	0.973367	1.011311	0.969426	1.009772	1.026513	0.990584	1.023752	0.985776	1.004365	0.984326	0.999558	0.980847	1.011036	0.996498	1.011478	0.993661	1.028242	0.987943	0.991663	0.991215
LINC01184	CTC-228N24.3	ASO_G0245937_01	Targeted lncRNA	r7b6p4	0.960901	1.006553	0.939019	0.968841	1.00039	1.018241	0.995876	0.999729	0.994503	0.990304	1.003087	0.992081	0.974358	0.995809	0.969005	0.987147	0.972101	0.987151	0.97114	0.980361	1.00233	1.018951	0.993128	1.00903	0.981419	1.003198	0.980206	0.9801
LINC01184	CTC-228N24.3	ASO_G0245937_02	Targeted lncRNA	r7b6p4	1.005275	0.924916	1.033132	0.991751	0.993598	0.973811	0.98569	0.986325	0.973128	1.039437	0.975752	1.010414	0.995551	0.976165	0.996043	0.971533	1.021621	1.00777	0.996906	0.991307	1.061181	1.063384	1.04365	1.0548	1.016855	1.007953	0.968636	0.97883
LINC01184	CTC-228N24.3	ASO_G0245937_04	Targeted lncRNA	r7b6p4	0.86064	0.837433	0.911741	0.994987	0.957087	0.942553	0.972311	0.973639	1.020139	1.060727	1.029945	1.076545	0.926766	0.955838	0.921441	0.944086	0.98387	1.020881	0.980195	1.013272	1.030744	1.052747	1.022166	1.065319	0.943466	0.976645	0.967176	1.002773
LINC01184	CTC-228N24.3	ASO_G0245937_05	Targeted lncRNA	r7b6p4	0.943131	0.780724	0.953108	0.910113	0.972835	0.947413	0.984685	0.980461	1.01584	1.033439	1.018962	1.054497	0.956241	0.923269	0.949349	0.919187	0.985273	0.985535	0.978799	0.987974	1.015513	1.004886	1.015781	1.009108	0.972358	0.934619	0.983439	1.001069
LINC01184	CTC-228N24.3	ASO_G0245937_07	Targeted lncRNA	r7b6p4	0.929492	0.885871	0.959918	1.01076	0.946243	0.923475	0.982751	0.987713	1.033244	1.063947	1.013592	1.086893	0.941553	0.959621	0.939353	0.953522	1.005382	1.026207	1.00208	1.039039	1.032691	1.028089	1.041552	1.034501	0.966741	0.964964	0.985964	1.02076
LINC01184	CTC-228N24.3	ASO_G0245937_AD_02	Targeted lncRNA	r14b9plusp6	1.028343	1.024183	0.997291	1.004963	1.030091	1.018115	1.003817	1.007365	0.979039	1.002616	0.98364	1.010896	1.019589	1.014147	1.021836	1.013581	0.982486	0.981344	0.985526	0.991376	0.983724	0.995842	0.982578	0.995595	1.00765	1.011886	0.992422	1.00224
LINC01184	CTC-228N24.3	ASO_G0245937_AD_03	Targeted lncRNA	r14b9plusp6	0.914778	0.970074	0.953548	1.005937	1.029118	0.97404	1.00443	0.993419	1.019272	0.99722	1.058369	1.009068	1.001615	0.989518	0.990329	0.989438	0.973923	0.99819	0.994041	0.997103	0.952751	1.021352	0.949339	1.016727	0.957459	0.999292	1.021363	0.995029
LINC01184	CTC-228N24.3	ASO_G0245937_AD_05	Targeted lncRNA	r14b9plusp6	0.882497	0.899257	0.917191	0.847443	1.139807	1.090641	1.026782	1.017944	0.943136	0.987143	1.035767	1.058434	1.048145	0.982307	1.030895	0.961769	0.919564	0.885813	0.958826	0.926472	0.899208	0.872994	0.895573	0.874454	0.957106	0.908303	1.034392	1.030679
LINC01184	CTC-228N24.3	ASO_G0245937_AD_07	Targeted lncRNA	r14b9plusp6	0.869955	0.886805	1.025695	1.014388	1.079799	0.979851	1.01184	0.995715	0.980559	0.996304	0.967665	0.999702	1.064954	0.986725	1.059218	0.985974	0.987385	0.996537	0.995009	1.001319	0.989492	1.0292	0.98215	1.020704	1.029349	0.997372	0.990267	0.989886
LINC01184	CTC-228N24.3	ASO_G0245937_AD_09	Targeted lncRNA	r14b9plusp6	0.63058	0.666733	0.867543	0.843225	0.940211	0.942753	0.992861	0.991102	1.078875	1.043624	1.141957	1.105099	0.906492	0.896812	0.90067	0.890321	0.968667	0.967776	0.988522	0.979206	0.925006	0.930087	0.928034	0.93501	0.884629	0.876219	1.033266	1.024494
TMEM220-AS1	CTC-297N7.5	ASO_G0263400_03	Targeted lncRNA	r9b8p2	0.2211	0.261196	0.753744	0.794567	0.845205	0.879609	0.927137	0.947942	1.155695	1.09904	1.208324	1.153777	0.764217	0.806975	0.753505	0.797036	0.916402	0.927907	0.932572	0.937901	0.909524	0.925341	0.936357	0.937552	0.811344	0.839869	1.022497	1.005202
TMEM220-AS1	CTC-297N7.5	ASO_G0263400_04	Targeted lncRNA	r9b8p2	0.91286	0.913264	1.16064	1.063626	1.101959	1.063253	1.013991	1.010221	0.923037	0.932495	0.845754	0.884307	1.118223	1.072628	1.125286	1.074552	1.008245	0.983359	0.971617	0.965667	1.061244	1.033643	1.041305	1.008384	1.15074	1.083351	0.937382	0.949299
TMEM220-AS1	CTC-297N7.5	ASO_G0263400_06	Targeted lncRNA	r9b8p2	0.825509	0.858726	1.027125	1.044301	1.030339	1.052389	1.006128	0.998554	1.004182	0.970337	0.991628	0.964187	1.028133	1.050178	1.02019	1.042295	0.983605	1.01377	0.990495	1.005007	1.013711	1.033524	1.019406	1.028872	1.029473	1.046019	0.996629	0.974672
TMEM220-AS1	CTC-297N7.5	ASO_G0263400_09	Targeted lncRNA	r9b8p2	0.801224	0.8657	1.045729	1.048731	1.065588	1.018197	1.006446	1.001413	0.979767	0.993035	0.971042	0.998718	1.053064	1.022515	1.045113	1.016334	0.999576	1.008283	0.99002	1.002763	1.010841	1.029259	1.007638	1.02568	1.040605	1.024557	0.985076	0.991148
TMEM220-AS1	CTC-297N7.5	ASO_G0263400_10	Targeted lncRNA	r9b8p2	0.862548	0.899465	0.935752	1.02629	1.010259	0.992635	0.996526	0.989222	1.000102	1.014813	1.022245	1.010324	0.976007	1.006511	0.967564	1.001709	0.957841	1.008096	0.973361	0.996709	0.975845	1.050077	0.973178	1.045508	0.96185	1.026277	0.99643	0.978415
CTC-338M12.4	CTC-338M12.4	ASO_G0233937_01	Targeted lncRNA	r6b5p3	0.884454	0.790575	1.003021	1.088406	1.115593	1.063997	1.010276	1.01342	0.917441	0.959723	0.917418	0.966787	1.062935	1.086161	1.057351	1.084621	0.946697	1.020717	0.947996	1.005277	0.981676	1.018549	0.968515	1.00214	1.038747	1.065085	0.961002	0.984405
CTC-338M12.4	CTC-338M12.4	ASO_G0233937_02	Targeted lncRNA	r6b5p3	0.675382	0.731175	0.901283	1.064021	1.013129	1.029532	1.004167	0.995156	1.004926	0.982143	1.016374	1.01416	0.944995	1.023681	0.932612	1.012262	0.910948	1.000746	0.93099	0.984402	0.96811	1.054955	0.946434	1.050057	0.93866	1.032945	0.975222	0.989429
CTC-338M12.4	CTC-338M12.4	ASO_G0233937_04	Targeted lncRNA	r6b5p3	0.932277	0.81385	1.057672	0.956748	1.059283	0.997819	1.012063	0.993406	0.963762	1.008269	0.93434	1.054224	1.069387	0.974862	1.05875	0.955475	1.005124	0.989001	0.99042	0.995487	1.037469	0.99736	1.005332	0.991263	1.055142	0.947202	0.969999	0.995359
CTC-338M12.4	CTC-338M12.4	ASO_G0233937_05	Targeted lncRNA	r6b5p3	0.821634	0.815034	0.969402	1.032538	1.037758	1.002757	0.991957	1.006356	0.974051	0.990567	0.987307	1.018308	1.006265	1.022074	0.988311	1.018498	0.951666	1.011265	0.947686	1.017848	1.006633	1.004346	0.987846	1.004168	1.004891	1.008087	0.960804	1.004474
CTC-338M12.4	CTC-338M12.4	ASO_G0233937_10	Targeted lncRNA	r6b5p3	0.864253	0.891091	0.94618	0.949549	0.972469	0.92793	0.994455	0.990168	0.987242	1.03989	0.986184	1.06723	0.943191	0.935686	0.941401	0.936311	0.976794	1.013715	0.966443	1.013498	1.014021	0.992971	1.007645	1.000449	0.96932	0.940685	0.976926	1.009566
CTC-338M12.4	CTC-338M12.4	ASO_G0233937_AD_03	Targeted lncRNA	r13b3ADp3	1.052549	0.976512	0.850763	0.940353	0.963666	1.008404	0.99045	1.003854	1.028047	0.961072	1.07168	0.98442	0.907562	0.986695	0.902185	0.98536	0.94475	0.980448	0.961104	0.971096	0.934716	0.96287	0.949413	0.960249	0.897829	0.977145	1.014324	0.993689
CTC-338M12.4	CTC-338M12.4	ASO_G0233937_AD_05	Targeted lncRNA	r13b3ADp3	1.014992	1.06	0.949136	0.960102	0.92771	0.963519	0.989	0.993568	1.04246	1.01277	1.085823	1.048257	0.937382	0.963583	0.933427	0.964725	0.99952	1.016712	1.007379	1.020722	0.997105	0.996112	1.000062	1.000348	0.940991	0.953271	1.016998	1.01234
CTC-338M12.4	CTC-338M12.4	ASO_G0233937_AD_08	Targeted lncRNA	r13b3ADp3	0.912543	1.003433	0.931196	1.037841	0.952827	1.05574	0.994164	1.01004	1.031064	0.989448	1.052082	0.964414	0.947525	1.049178	0.945111	1.049559	0.980297	0.984696	0.988099	0.983809	0.974275	0.980948	0.978257	0.979309	0.94473	1.04663	1.010089	0.999099
CTC-338M12.4	CTC-338M12.4	ASO_G0233937_AD_09	Targeted lncRNA	r13b3ADp3	0.967706	1.063108	0.92296	0.982718	1.003852	1.017587	0.992132	1.002444	1.015156	0.977472	1.012279	1.003989	0.964737	1.000084	0.959741	1.002978	0.951662	0.994336	0.959881	0.990184	0.971067	0.982421	0.976969	0.986816	0.970001	0.99605	0.991343	1.004003
CTC-338M12.4	CTC-338M12.4	ASO_G0233937_AD_10	Targeted lncRNA	r13b3ADp3	0.852213	0.844389	0.856017	0.898959	0.970596	0.958318	0.991913	0.991736	1.0249	1.054194	1.072484	1.096584	0.913557	0.927375	0.908107	0.921959	0.949737	0.973854	0.962521	0.993527	0.925191	0.950357	0.925709	0.964795	0.899227	0.912367	1.00902	1.021514
CTC-338M12.5	CTC-338M12.5	ASO_G0250222_01	Targeted lncRNA	r8b7p2	0.167922	0.157839	0.773128	0.752526	0.914889	0.897128	0.953487	0.957724	1.107017	1.100821	1.219245	1.202998	0.840309	0.813631	0.822449	0.799042	0.922755	0.92317	0.952243	0.946925	0.909139	0.913405	0.924089	0.934063	0.821626	0.807859	1.029662	1.026127
CTC-338M12.5	CTC-338M12.5	ASO_G0250222_02	Targeted lncRNA	r8b7p2	0.91846	0.907248	1.083872	1.033123	0.97816	1.018713	0.989338	0.999911	0.99766	0.971606	1.01033	0.958651	1.020521	1.023837	1.023401	1.025244	1.061085	1.002574	1.040642	0.99364	1.071742	1.035131	1.077583	1.034866	1.03357	1.040495	1.002304	0.977647
CTC-338M12.5	CTC-338M12.5	ASO_G0250222_03	Targeted lncRNA	r8b7p2	0.812731	0.776975	1.020101	0.968393	0.942659	0.956651	0.987405	0.988549	1.026142	1.02579	1.043802	1.025708	0.968956	0.945453	0.967099	0.943874	1.013901	1.003055	1.019527	1.002255	1.047306	1.02229	1.057616	1.025559	0.987035	0.965372	1.001877	0.992903
CTC-338M12.5	CTC-338M12.5	ASO_G0250222_06	Targeted lncRNA	r8b7p2	0.751504	0.771782	0.910222	0.990228	0.927921	0.955701	0.973965	0.987931	1.073439	1.044642	1.09732	1.054377	0.906106	0.967198	0.900006	0.964482	0.998528	1.015075	1.002084	1.023136	0.989149	1.012776	0.999885	1.024423	0.909343	0.966208	1.017214	1.01133
CTC-338M12.5	CTC-338M12.5	ASO_G0250222_07	Targeted lncRNA	r8b7p2	0.880273	0.84243	0.953749	0.92501	0.988636	0.97277	0.99388	0.985611	1.047258	1.010772	1.059298	1.044321	0.971859	0.944944	0.965771	0.945202	0.98176	0.985817	1.006905	0.997671	0.966956	0.997239	0.978557	1.003781	0.943346	0.94351	1.017219	1.002403
CTC-338M12.5	CTC-338M12.5	ASO_G0250222_AD_02	Targeted lncRNA	r13b3ADp5	1.064925	1.011379	1.03881	1.110458	0.984077	0.984226	1.005455	0.999473	0.984348	1.016055	0.98372	1.000708	1.009848	1.039565	1.014921	1.045474	1.024605	1.049434	1.015512	1.044482	1.025917	1.040913	1.01135	1.034884	1.014816	1.040021	0.992671	1.009519
CTC-338M12.5	CTC-338M12.5	ASO_G0250222_AD_05	Targeted lncRNA	r13b3ADp5	1.013808	0.996528	0.926899	1.01942	1.021955	0.975399	1.00819	1.003297	1.007847	1.012851	1.009639	0.99438	0.985359	0.994988	0.980509	0.998543	0.969968	1.006206	0.977164	1.008222	0.950467	0.998731	0.949365	0.999579	0.962258	0.997674	1.007443	1.005383
CTC-338M12.5	CTC-338M12.5	ASO_G0250222_AD_06	Targeted lncRNA	r13b3ADp5	0.899505	0.997963	0.951494	1.088484	1.039281	1.038492	1.01069	1.013871	1.015106	0.96931	1.007414	0.961864	1.000969	1.07237	0.984758	1.073483	0.967229	1.012986	0.97411	1.01409	0.95621	1.024821	0.95236	1.015133	0.97192	1.058136	0.998902	0.995288
CTC-338M12.5	CTC-338M12.5	ASO_G0250222_AD_07	Targeted lncRNA	r13b3ADp5	0.882296	0.969349	0.930682	0.952666	1.018996	0.989243	1.008018	1.000929	1.01875	1.00184	1.048554	0.993482	0.983171	0.976202	0.96962	0.973139	0.966442	0.993014	0.994765	1.00225	0.931022	0.989892	0.929046	0.986851	0.933666	0.973801	1.020958	0.997217
CTC-338M12.5	CTC-338M12.5	ASO_G0250222_AD_10	Targeted lncRNA	r13b3ADp5	0.947742	0.941465	0.983988	1.06326	0.985639	0.973992	1.000462	0.99267	1.025275	1.017216	1.042516	0.991859	0.990016	1.011536	0.98369	1.015451	1.015633	1.044299	1.015051	1.026186	0.974212	1.037876	0.974756	1.038964	0.969568	1.027731	1.020699	1.001304
CTC-459F4.3	CTC-459F4.3	ASO_G0267575_01	Targeted lncRNA	r9b8p5	0.947545	0.971527	0.891411	1.03656	0.973119	0.922167	0.993207	0.981111	0.997533	1.027127	1.025976	1.00669	0.933755	0.963164	0.944697	0.973039	0.96176	1.033595	0.963351	1.021308	0.962865	1.043383	0.964228	1.054712	0.941907	1.01587	0.994677	1.000104
CTC-459F4.3	CTC-459F4.3	ASO_G0267575_02	Targeted lncRNA	r9b8p5	1.055675	0.933142	0.947024	0.957788	1.008162	0.945469	0.99994	0.98557	0.985366	1.033865	1.001463	1.090422	0.981303	0.9464	0.977838	0.948522	0.970367	1.004355	0.971044	1.004787	0.9883	0.98321	0.98554	0.990113	0.979819	0.958144	0.982983	1.018658
CTC-459F4.3	CTC-459F4.3	ASO_G0267575_03	Targeted lncRNA	r9b8p5	1.007566	0.861839	0.917601	0.941885	0.980863	0.909064	0.98929	0.973456	0.984061	1.036083	1.005585	1.082695	0.942569	0.907969	0.944282	0.90755	0.968062	0.993601	0.962434	0.992425	0.970524	1.005544	0.973732	1.017675	0.945538	0.933785	0.982402	1.006651
CTC-459F4.3	CTC-459F4.3	ASO_G0267575_04	Targeted lncRNA	r9b8p5	1.016976	0.892625	0.953111	0.942756	1.013976	0.978097	0.99591	0.988785	0.981152	1.01398	0.988243	1.043553	0.980385	0.961018	0.979048	0.955598	0.989289	0.965986	0.980706	0.97593	1.007841	1.001319	0.991169	1.011693	0.983768	0.968119	0.974012	1.000138
ZNF56	CTC-559E9.6	ASO_G0267419_02	Targeted lncRNA	r9b8p4	0.94042	0.940089	0.974271	0.982233	0.94327	0.932963	1.001527	0.97697	1.003497	1.023637	1.003873	1.024753	0.954435	0.948251	0.963064	0.955324	1.022717	1.016384	1.017281	1.011277	1.008419	1.028005	1.014284	1.037872	0.977493	0.988244	1.006488	1.000425
ZNF56	CTC-559E9.6	ASO_G0267419_03	Targeted lncRNA	r9b8p4	0.889541	0.95114	1.045223	1.088028	1.096968	1.040354	1.014617	1.003246	1.004801	1.00547	0.979658	0.993436	1.082228	1.059091	1.063058	1.057163	0.987248	1.027706	0.985154	1.015076	0.984475	1.030771	0.979885	1.027355	1.036893	1.048864	0.985917	0.995186
ZNF56	CTC-559E9.6	ASO_G0267419_04	Targeted lncRNA	r9b8p4	0.870448	0.989046	1.013989	1.098728	1.029006	1.032671	1.004499	1.007651	1.011297	1.008811	1.023258	0.980027	1.006017	1.058854	0.999787	1.057122	0.996009	1.016787	0.999654	1.014524	0.982073	1.025568	0.989106	1.027127	0.995028	1.065362	1.009398	1.001322
ZNF56	CTC-559E9.6	ASO_G0267419_05	Targeted lncRNA	r9b8p4	0.87364	0.90635	0.964669	0.980553	1.008766	1.0031	0.997676	1.002375	1.019313	1.020751	1.016752	1.034124	0.974469	0.994661	0.966436	0.990073	0.984065	0.97097	0.986045	0.98679	0.966748	0.946534	0.973525	0.960041	0.965644	0.982248	1.001428	1.020324
ZNF56	CTC-559E9.6	ASO_G0267419_08	Targeted lncRNA	r9b8p4	0.887097	0.997641	1.007774	1.062146	0.996102	1.02702	0.995583	1.005164	1.024782	1.014151	1.005499	0.978102	0.991312	1.032741	0.984591	1.030203	0.985275	1.014886	0.990908	1.01665	1.01371	1.006244	1.011851	1.005089	1.006943	1.024812	0.994039	0.997869
ZNF56	CTC-559E9.6	ASO_G0267419_AD_03	Targeted lncRNA	r12b2ADp5	1.081588	1.025266	0.901396	0.949072	1.030605	1.004315	1.00035	0.987827	0.978805	0.979349	1.011453	0.974323	0.976521	0.975516	0.968001	0.978027	0.950311	0.983799	0.957941	0.97799	0.965879	0.997277	0.964078	0.997211	0.958544	0.98065	0.984583	0.983994
ZNF56	CTC-559E9.6	ASO_G0267419_AD_04	Targeted lncRNA	r12b2ADp5	0.930962	0.875478	0.96296	0.919441	0.908286	0.932531	0.966027	0.984381	1.035534	1.020653	1.075279	1.064576	0.918307	0.92289	0.920114	0.927582	1.042051	1.004795	1.023738	1.005596	1.044215	0.985538	1.047342	0.996302	0.942023	0.931561	0.999609	1.011922
ZNF56	CTC-559E9.6	ASO_G0267419_AD_05	Targeted lncRNA	r12b2ADp5	0.990629	1.002603	0.953198	0.991518	1.044198	0.975952	1.0073	0.988718	0.958342	1.006262	1.006625	1.011461	1.009459	0.976173	1.007313	0.98071	0.979615	1.002528	0.979772	1.003823	0.952249	1.012928	0.952325	1.014652	0.971941	0.990083	1.00177	0.998884
ZNF56	CTC-559E9.6	ASO_G0267419_AD_06	Targeted lncRNA	r12b2ADp5	0.900162	0.955956	1.014658	0.915552	0.999872	0.976535	1.005094	0.993302	0.982062	1.015511	1.014497	1.017227	1.014504	0.951206	1.014846	0.952401	1.001577	0.973977	1.005408	0.987469	0.968288	0.967692	0.978279	0.965929	0.995072	0.939876	1.015554	1.000658
ZNF56	CTC-559E9.6	ASO_G0267419_AD_08	Targeted lncRNA	r12b2ADp5	0.870171	1.017056	1.007267	1.010524	1.030192	1.057895	1.010175	1.011739	1.006886	0.973968	1.000931	0.956363	1.03208	1.039368	1.027061	1.037162	0.991681	0.992267	0.999372	0.998272	0.973478	0.975242	0.969388	0.969959	1.000631	1.009398	1.007422	0.990416
ZNF433-AS1	CTD-2006C1.2	ASO_G0219665_01	Targeted lncRNA	r4b4p1	0.947719	0.974808	1.00436	0.972427	0.944172	1.000108	0.99427	0.99347	1.02229	1.034855	1.055108	1.053986	0.981579	0.984337	0.984585	0.980245	1.024803	1.004285	1.035419	1.009011	1.013341	0.990466	1.016398	0.994855	0.983238	0.972826	1.019148	1.006246
ZNF433-AS1	CTD-2006C1.2	ASO_G0219665_02	Targeted lncRNA	r4b4p1	0.979207	1.002339	0.975149	0.951276	0.930461	0.937411	0.985468	0.977817	1.087052	1.026615	1.109035	1.034652	0.946435	0.934074	0.943061	0.936961	1.019944	1.009218	1.031117	0.999409	0.974159	1.014944	0.988719	1.021552	0.934617	0.960429	1.038623	1.00163
ZNF433-AS1	CTD-2006C1.2	ASO_G0219665_06	Targeted lncRNA	r4b4p1	0.988708	1.058511	1.047059	1.029252	0.981042	0.975242	0.996712	0.992676	1.036326	1.020961	1.04557	1.065629	1.007406	0.983279	1.002468	0.984088	1.027273	1.027817	1.0224	1.025551	1.015271	1.010742	1.013214	1.015671	1.011966	0.98555	1.011822	1.022523
ZNF433-AS1	CTD-2006C1.2	ASO_G0219665_07	Targeted lncRNA	r4b4p1	0.578281	0.612075	0.793339	0.956927	0.875048	0.918799	0.954922	0.978388	1.13164	1.051929	1.250851	1.084473	0.807635	0.928158	0.805903	0.932773	0.977355	1.038928	0.994806	1.038416	0.903806	1.004729	0.930433	1.018778	0.802667	0.938278	1.062171	1.018867
ZNF433-AS1	CTD-2006C1.2	ASO_G0219665_08	Targeted lncRNA	r4b4p1	0.732991	0.785168	0.932271	0.909116	0.973003	0.977576	0.989907	0.993245	1.098125	1.08526	1.179104	1.142788	0.967341	0.948523	0.954466	0.932286	0.999732	0.961305	1.026816	0.988911	0.906151	0.92626	0.921415	0.937395	0.906519	0.912868	1.060081	1.046846
ZNF433-AS1	CTD-2006C1.2	ASO_G0219665_AD_02	Targeted lncRNA	r12b2ADp1	0.648063	0.641111	0.948655	0.912532	1.002601	0.995732	0.980979	0.975584	0.996627	1.023499	0.994053	1.028977	0.969063	0.946047	0.961249	0.934997	0.972406	0.962583	0.954131	0.955952	1.015316	0.996395	1.008655	0.992591	0.993589	0.964613	0.970191	0.972737
ZNF433-AS1	CTD-2006C1.2	ASO_G0219665_AD_03	Targeted lncRNA	r12b2ADp1	0.952596	0.935483	1.071986	1.032911	1.033861	1.07185	1.001314	1.009769	0.977923	0.97897	0.989479	0.982038	1.048408	1.063015	1.044692	1.059865	1.015476	1.006103	1.000578	1.001371	1.050089	0.98979	1.044494	0.990293	1.05501	1.034145	0.992712	1.000376
ZNF433-AS1	CTD-2006C1.2	ASO_G0219665_AD_04	Targeted lncRNA	r12b2ADp1	0.642449	0.619388	0.982232	0.964863	1.072082	1.114685	1.005415	1.011056	1.00725	0.984357	1.021224	1.002481	1.032689	1.056108	1.013986	1.036821	0.9557	0.951662	0.972372	0.969992	0.954458	0.941507	0.948876	0.938126	0.9977	0.994725	1.004838	0.99784
ZNF433-AS1	CTD-2006C1.2	ASO_G0219665_AD_05	Targeted lncRNA	r12b2ADp1	0.719277	0.751462	0.943218	0.942074	1.043093	1.043119	0.999995	0.995568	0.995489	0.993946	1.027209	1.014549	0.982846	0.989268	0.962841	0.9762	0.946007	0.954404	0.957446	0.954687	0.973701	0.98256	0.974476	0.983766	0.963387	0.973398	0.992148	0.990733
ZNF433-AS1	CTD-2006C1.2	ASO_G0219665_AD_08	Targeted lncRNA	r12b2ADp1	0.854286	0.839653	1.027362	1.001877	1.078054	1.07126	1.012715	1.010061	0.950731	0.989815	0.968204	0.969991	1.061228	1.040247	1.05029	1.033606	0.989333	0.97907	0.995331	0.980885	0.994237	0.957279	0.984122	0.953356	1.031094	1.00538	0.991319	0.996091
CTD-2015H6.3	CTD-2015H6.3	ASO_G0249042_01	Targeted lncRNA	r8b7p6	0.944902	1.00623	1.00531	1.104089	0.987246	1.071079	0.997101	1.01151	1.010584	0.946763	1.015819	0.911155	0.985954	1.087204	0.984048	1.088576	0.99542	1.014923	0.99335	1.000579	1.005328	1.033199	1.004533	1.017884	0.999762	1.090123	1.002372	0.968909
CTD-2015H6.3	CTD-2015H6.3	ASO_G0249042_02	Targeted lncRNA	r8b7p6	0.982355	0.931149	1.118733	1.014126	1.027175	1.089969	1.007424	1.012873	0.999491	0.965826	0.983316	0.924362	1.062592	1.053862	1.059538	1.055727	1.037057	0.966759	1.036917	0.970113	1.055211	0.97628	1.047403	0.976581	1.056445	1.044241	1.003192	0.983225
CTD-2015H6.3	CTD-2015H6.3	ASO_G0249042_03	Targeted lncRNA	r8b7p6	0.845463	0.905607	1.003812	0.99887	0.973739	0.978609	0.997778	0.996331	1.020874	1.040739	1.050879	1.078252	0.988892	0.986991	0.983444	0.985712	1.002647	0.991533	1.015302	1.003741	1.012536	0.977681	1.014876	0.982211	0.982068	0.986189	1.008745	1.018892
CTD-2015H6.3	CTD-2015H6.3	ASO_G0249042_08	Targeted lncRNA	r8b7p6	0.823406	0.941486	0.986634	0.948723	0.937188	0.986031	0.982472	1.003456	1.027923	0.974558	1.039143	0.990584	0.952269	0.968619	0.955469	0.96649	1.01152	0.973501	1.010926	0.981078	1.03107	0.989509	1.036219	0.990924	0.982894	0.97237	1.00295	0.992915
CTD-2015H6.3	CTD-2015H6.3	ASO_G0249042_09	Targeted lncRNA	r8b7p6	0.979438	0.967122	1.027005	1.084828	1.005065	1.019084	1.007421	0.996422	0.965307	1.016357	0.970295	0.956247	1.008346	1.04269	1.005596	1.04544	0.99164	1.025841	0.990002	1.009401	1.013423	1.039408	1.006923	1.039538	1.01778	1.066661	0.983727	0.986953
SCAMP1-AS1	CTD-2037K23.2	ASO_G0245556_01	Targeted lncRNA	r7b6p3	0.949692	0.94237	0.957361	0.950108	0.951279	0.976887	0.986356	0.998705	1.03861	1.022248	1.072102	1.043029	0.948171	0.962568	0.944498	0.960039	0.988683	0.983679	0.992049	0.991971	1.000921	0.983824	0.999934	0.982818	0.95711	0.955459	1.012944	1.007967
SCAMP1-AS1	CTD-2037K23.2	ASO_G0245556_03	Targeted lncRNA	r7b6p3	0.791423	0.788761	0.997658	0.917205	0.959255	0.950089	0.987116	0.995361	1.033343	1.081865	1.052906	1.111719	0.974531	0.928342	0.975585	0.922795	1.019925	0.974569	1.020679	0.996833	1.00986	0.947984	1.016315	0.957258	0.971442	0.911236	1.007025	1.028967
SCAMP1-AS1	CTD-2037K23.2	ASO_G0245556_04	Targeted lncRNA	r7b6p3	0.704801	0.771083	0.961407	0.964527	0.947902	1.002216	0.985943	0.998185	1.061076	1.030465	1.095639	1.046966	0.95383	0.987524	0.949605	0.983443	1.00595	0.994983	1.025989	0.996525	1.000989	0.989939	1.014528	0.98934	0.940915	0.977274	1.020747	1.006308
SCAMP1-AS1	CTD-2037K23.2	ASO_G0245556_05	Targeted lncRNA	r7b6p3	0.742693	0.725174	0.986113	0.942299	0.933281	0.904921	0.983462	0.976696	1.063326	1.049667	1.082467	1.087884	0.953342	0.908843	0.953488	0.911912	1.018791	1.000526	1.031351	1.009501	1.023341	1.027487	1.027989	1.031044	0.959573	0.942364	1.013782	1.007529
SCAMP1-AS1	CTD-2037K23.2	ASO_G0245556_07	Targeted lncRNA	r7b6p3	0.859153	0.820628	0.90247	0.927905	0.928898	0.997332	0.988047	0.992069	1.056374	1.046014	1.109507	1.04413	0.916733	0.959792	0.912284	0.958093	0.984205	0.96275	1.001384	0.974367	0.960526	0.968424	0.968232	0.977512	0.908836	0.954364	1.025536	1.012363
LINC02104	CTD-2078B5.2	ASO_G0271334_02	Targeted lncRNA	r14b9plusp2	0.978898	1.020874	1.00088	0.949862	1.018189	0.961908	1.001395	0.981578	0.969198	1.029131	0.948262	1.052641	1.000501	0.953088	0.999104	0.952286	0.991181	0.991902	0.987653	1.001344	1.013441	0.979192	1.002302	0.986955	1.006886	0.947161	0.982892	1.009536
LINC02104	CTD-2078B5.2	ASO_G0271334_05	Targeted lncRNA	r14b9plusp2	0.936055	0.960996	0.929365	0.91997	1.082865	1.030588	1.008517	1.010077	0.962526	1.009075	0.956811	1.052208	1.019364	0.996169	1.017911	0.986135	0.937296	0.961459	0.946779	0.98235	0.944714	0.915838	0.948715	0.920648	0.98798	0.942649	0.99314	1.027129
LINC02104	CTD-2078B5.2	ASO_G0271334_07	Targeted lncRNA	r14b9plusp2	0.943385	0.975934	0.984616	0.939119	1.073064	1.030173	1.00888	1.006652	0.988917	1.006929	1.004574	1.057749	1.046071	0.998464	1.033193	0.985524	0.957063	0.96889	0.969175	0.989063	0.953126	0.928354	0.951393	0.93802	1.008336	0.953295	1.006999	1.024447
LINC02104	CTD-2078B5.2	ASO_G0271334_08	Targeted lncRNA	r14b9plusp2	0.94135	0.9743	0.993911	0.926855	1.012928	0.99205	0.999523	1.005566	0.99647	1.013496	1.004504	1.040162	0.999916	0.972828	0.992697	0.959468	0.99121	0.969018	0.994511	0.982041	1.0043	0.957283	1.004949	0.956332	0.988456	0.946826	0.995721	1.009279
LINC02104	CTD-2078B5.2	ASO_G0271334_10	Targeted lncRNA	r14b9plusp2	0.990574	1.012145	0.984781	0.976868	1.019802	0.966123	1.002787	0.991334	0.987965	1.024538	1.004582	1.04952	1.011451	0.97022	1.007295	0.966918	0.975844	0.992537	0.98251	0.996657	0.977722	0.983817	0.972728	0.990519	0.999504	0.969592	1.003893	1.017548
ZNF790-AS1	CTD-2162K18.5	ASO_G0267254_02	Targeted lncRNA	r9b8p4	0.926746	0.974569	0.987712	1.005334	1.048021	1.029824	1.00576	1.006122	0.997614	0.987944	0.978862	0.988837	1.019828	1.02317	1.007125	1.024532	0.986476	0.999323	0.977484	1.001296	0.984176	0.997116	0.982366	1.001161	1.006464	0.999544	0.992217	0.99914
ZNF790-AS1	CTD-2162K18.5	ASO_G0267254_04	Targeted lncRNA	r9b8p4	0.676244	0.667939	0.874745	0.861447	0.92156	0.875873	0.977407	0.969096	1.081877	1.090078	1.143331	1.172089	0.892083	0.852076	0.887872	0.856572	0.990489	1.003799	1.000511	1.008496	0.949424	0.946734	0.961574	0.960979	0.889812	0.864284	1.027101	1.042823
ZNF790-AS1	CTD-2162K18.5	ASO_G0267254_05	Targeted lncRNA	r9b8p4	0.824288	0.811835	1.053995	1.076208	1.025433	1.049969	0.995474	1.000215	0.985856	0.980087	0.956717	0.963598	1.026549	1.050958	1.027497	1.057164	1.022316	1.020369	1.006993	1.00769	1.040253	1.019109	1.040992	1.01433	1.046706	1.052422	0.979404	0.988567
ZNF790-AS1	CTD-2162K18.5	ASO_G0267254_06	Targeted lncRNA	r9b8p4	0.700121	0.677752	1.047834	1.131805	1.036665	1.081986	0.996939	0.997944	0.9965	0.966097	1.01787	0.953021	1.03011	1.088083	1.015363	1.072411	0.997517	1.001012	0.993283	0.984202	1.053896	1.07805	1.039652	1.073893	1.027106	1.108554	0.982701	0.962331
ZNF790-AS1	CTD-2162K18.5	ASO_G0267254_07	Targeted lncRNA	r9b8p4	0.725679	0.673768	0.96716	0.966311	1.003243	0.987655	1.004595	0.996289	0.984961	1.0167	1.019811	1.070686	0.995252	0.982069	0.992856	0.983574	1.010214	1.01824	1.021131	1.027195	0.980396	0.974749	0.98145	0.980658	0.956722	0.940185	1.012102	1.022407
ZNF790-AS1	CTD-2162K18.5	ASO_G0267254_AD_01	Targeted lncRNA	r12b2ADp5	1.024087	1.013839	0.925972	0.912035	1.025274	1.051303	0.98971	1.002556	0.966976	0.95311	0.998478	0.978746	0.97546	0.985013	0.963863	0.973513	0.967273	0.948908	0.956917	0.950562	0.987508	0.973808	0.980149	0.961914	0.969199	0.964903	0.979363	0.976473
ZNF790-AS1	CTD-2162K18.5	ASO_G0267254_AD_02	Targeted lncRNA	r12b2ADp5	0.986273	0.96187	0.940088	0.936432	0.978191	1.00329	0.995526	1.007355	1.008152	0.99657	1.046753	1.047586	0.963168	0.974929	0.958627	0.969922	0.991285	0.968595	1.00101	0.977344	0.976194	0.950563	0.978181	0.959071	0.939553	0.94432	1.011569	1.016923
ZNF790-AS1	CTD-2162K18.5	ASO_G0267254_AD_03	Targeted lncRNA	r12b2ADp5	0.908478	0.936065	0.984555	0.970013	1.046106	1.059965	1.010732	1.008973	0.966481	0.943581	0.978219	0.975465	1.021537	1.028395	1.014752	1.024031	0.98114	0.964407	0.992492	0.980965	0.982611	0.970589	0.976619	0.972878	0.995595	1.005496	0.995319	1.002207
ZNF790-AS1	CTD-2162K18.5	ASO_G0267254_AD_07	Targeted lncRNA	r12b2ADp5	0.970274	0.934662	0.92088	1.000001	1.031109	1.03473	1.002751	1.003805	0.980714	0.972001	1.036779	1.010988	0.984696	1.03733	0.976763	1.028622	0.970301	1.015178	0.974429	1.021184	0.959731	0.989579	0.964953	0.991394	0.949991	0.998512	1.008366	1.004314
ZNF790-AS1	CTD-2162K18.5	ASO_G0267254_AD_09	Targeted lncRNA	r12b2ADp5	1.013911	1.035547	0.890617	0.958964	1.015409	1.051086	1.001882	1.006951	0.977753	0.982872	0.996496	0.998566	0.961517	1.014846	0.954581	1.007323	0.947736	0.974241	0.952457	0.983713	0.953594	0.96588	0.95586	0.965656	0.947835	0.979019	0.990355	0.996691
WFDC21P	CTD-2319I12.1	ASO_G0261040_01	Targeted lncRNA	r9b8p5	0.977949	0.932597	0.971113	1.033542	1.008839	1.033418	1.007414	1.010928	0.981596	0.941262	0.996789	0.971932	0.991935	1.03369	0.988801	1.033523	0.976084	0.988955	0.981571	0.999871	0.98652	0.992645	0.989406	0.989883	1.002755	1.029747	0.993339	0.998994
WFDC21P	CTD-2319I12.1	ASO_G0261040_05	Targeted lncRNA	r9b8p5	0.954683	0.983369	0.938773	0.977379	1.017974	0.98	1.00066	0.994458	0.981256	1.011778	1.029614	1.039596	0.984356	0.980842	0.976919	0.980692	0.967556	0.994153	0.961997	0.998972	1.000536	0.982718	0.980557	0.988764	0.973035	0.981526	0.980474	1.01251
WFDC21P	CTD-2319I12.1	ASO_G0261040_06	Targeted lncRNA	r9b8p5	0.890359	0.908614	0.979205	1.013314	0.954218	1.00522	0.981068	1.005547	1.036797	0.986753	1.078273	1.013535	0.969095	1.019155	0.968451	1.021261	1.015812	0.985498	1.022469	0.993097	1.016876	0.979953	1.023757	0.98693	0.969352	1.024119	1.010727	1.010993
WFDC21P	CTD-2319I12.1	ASO_G0261040_08	Targeted lncRNA	r9b8p5	0.929021	0.983634	0.904621	1.012142	1.029723	1.068822	1.001178	1.01496	0.984391	0.96047	1.036447	0.985856	0.972232	1.058228	0.96291	1.04992	0.946282	0.980221	0.954318	0.994303	0.946241	0.95913	0.946264	0.959558	0.949695	1.017594	1.00584	1.004213
WFDC21P	CTD-2319I12.1	ASO_G0261040_10	Targeted lncRNA	r9b8p5	1.001867	1.062799	0.936177	0.990852	0.964493	1.05323	0.990426	1.014215	1.024294	0.955742	1.06677	0.965549	0.950949	1.022809	0.949291	1.023581	0.990724	0.96989	1.002439	0.975143	0.976309	0.961614	0.98151	0.964899	0.948397	1.015055	1.00929	1.002002
CTD-2319I12.4	CTD-2319I12.4	ASO_G0267248_01	Targeted lncRNA	r9b8p4	0.87933	0.884535	0.887805	1.001568	0.965661	1.046797	0.985192	1.0081	1.019484	0.970233	1.035836	0.990729	0.920149	1.026247	0.914108	1.020136	0.946558	0.967622	0.958418	0.971798	0.977721	0.988904	0.982666	0.987812	0.941767	1.027102	0.987693	0.987558
CTD-2319I12.4	CTD-2319I12.4	ASO_G0267248_02	Targeted lncRNA	r9b8p4	0.826339	0.806311	0.91507	1.000794	0.964152	0.959492	0.992331	0.989912	1.013386	1.037089	1.001828	1.048565	0.934566	0.9717	0.93878	0.969646	0.989613	1.021483	0.982087	1.014935	1.009559	1.015291	1.00271	1.022912	0.955162	0.988726	0.975841	1.00558
CTD-2319I12.4	CTD-2319I12.4	ASO_G0267248_05	Targeted lncRNA	r9b8p4	0.94755	0.889315	0.990105	0.93182	1.047313	0.99881	1.004738	0.997481	0.981512	1.033692	0.992714	1.047567	1.011882	0.963852	1.002384	0.953557	0.967781	0.974182	0.965094	0.982294	0.999319	0.97331	0.988717	0.974844	1.008992	0.952805	0.979046	0.998802
CTD-2319I12.4	CTD-2319I12.4	ASO_G0267248_08	Targeted lncRNA	r9b8p4	0.883616	0.8431	0.958394	0.975689	1.005264	0.970448	0.990562	0.986523	0.965712	1.020476	0.987602	1.024959	0.986357	0.960181	0.985209	0.958207	0.995674	0.999353	0.98489	1.004659	1.003493	1.007464	0.994187	1.017441	0.983012	0.962469	0.981908	1.003982
CTD-2319I12.4	CTD-2319I12.4	ASO_G0267248_AD_02	Targeted lncRNA	r12b2ADp5	1.051077	1.033858	0.894354	0.940299	1.033422	1.065571	0.9949	1.01244	0.967744	0.967087	0.973618	0.960199	0.956581	1.003367	0.956126	0.991311	0.941373	0.965271	0.951381	0.965331	0.966146	0.963382	0.962001	0.956215	0.954789	0.981258	0.974608	0.976691
CTD-2319I12.4	CTD-2319I12.4	ASO_G0267248_AD_03	Targeted lncRNA	r12b2ADp5	0.842438	0.885793	0.888133	0.910645	1.041426	0.97673	1.005203	0.995721	1.007075	1.016309	1.079597	1.109467	0.979687	0.954205	0.965555	0.947682	0.952372	0.988575	0.983901	1.017269	0.923502	0.943632	0.926907	0.951093	0.914379	0.90456	1.023553	1.033059
CTD-2319I12.4	CTD-2319I12.4	ASO_G0267248_AD_05	Targeted lncRNA	r12b2ADp5	0.896533	0.916082	0.99421	0.9557	1.037559	1.03512	1.014583	1.010891	0.975434	0.971755	1.016009	1.02355	1.032215	1.002928	1.025251	0.992609	0.982288	0.9557	0.9972	0.96708	0.959121	0.94286	0.959119	0.944629	0.980103	0.974083	1.019136	1.016133
CTD-2319I12.4	CTD-2319I12.4	ASO_G0267248_AD_07	Targeted lncRNA	r12b2ADp5	0.906817	0.933375	1.059056	0.953463	1.042294	1.02424	0.997654	0.991275	0.993694	1.003337	1.005615	1.002043	1.042261	0.989678	1.033996	0.986581	1.00696	0.951009	0.994776	0.9549	1.016409	0.993227	1.018377	1.000877	1.036121	1.005127	0.995948	0.988834
CTD-2319I12.4	CTD-2319I12.4	ASO_G0267248_AD_08	Targeted lncRNA	r12b2ADp5	0.998777	0.959969	1.052817	0.927551	0.981015	1.011577	1.00447	1.001997	0.972035	0.974925	0.993609	0.999815	1.016813	0.971875	1.026102	0.972258	1.032375	0.963411	1.018727	0.962778	1.017443	0.964583	1.009106	0.969085	1.01851	0.956457	1.000944	0.995425
CTD-2336O2.1	CTD-2336O2.1	ASO_G0253982_01	Targeted lncRNA	r8b7p3	1.009528	1.071026	0.953153	0.950012	0.954651	0.965946	0.990173	1.004653	0.985072	1.018779	0.98879	1.056145	0.939687	0.962545	0.94609	0.960835	0.981904	0.987724	0.982023	1.012568	1.022995	0.952489	1.012312	0.955225	0.970533	0.939798	0.971056	1.024773
CTD-2336O2.1	CTD-2336O2.1	ASO_G0253982_02	Targeted lncRNA	r8b7p3	1.074292	1.038405	0.972499	1.034711	1.029961	1.05625	1.009114	1.008739	0.989821	0.993896	0.920553	0.954876	1.000187	1.049727	1.00147	1.054667	0.979225	1.003396	0.969729	0.99551	0.997474	0.99842	0.985047	1.002944	1.007638	1.045049	0.964871	0.988503
CTD-2336O2.1	CTD-2336O2.1	ASO_G0253982_05	Targeted lncRNA	r8b7p3	1.011056	0.94339	0.929278	0.974088	0.99927	0.927727	0.985225	0.976863	0.983786	1.054924	1.002104	1.078904	0.968462	0.941559	0.966282	0.938697	0.988677	1.025716	0.978645	1.019455	1.012761	1.025651	1.001715	1.033442	0.967223	0.955118	0.968804	1.005757
CTD-2336O2.1	CTD-2336O2.1	ASO_G0253982_06	Targeted lncRNA	r8b7p3	0.971087	0.962717	0.967589	0.951518	1.032711	0.987389	0.999722	1.000379	0.973139	1.005488	0.962129	1.039174	0.998043	0.96654	0.987663	0.960702	0.960362	0.981372	0.940017	0.99086	1.026821	0.983891	0.998268	0.979516	1.004236	0.952099	0.953718	1.007205
CTD-2336O2.1	CTD-2336O2.1	ASO_G0253982_08	Targeted lncRNA	r8b7p3	0.952327	0.895461	0.97193	0.951601	0.982576	1.039618	0.989558	0.999097	1.030188	0.988577	1.019667	0.985814	0.970032	0.993384	0.964898	0.977232	0.995037	0.967804	0.989964	0.97087	1.020581	1.003533	1.008871	0.992876	0.972037	0.976303	0.981024	0.976812
CTD-2336O2.1	CTD-2336O2.1	ASO_G0253982_AD_01	Targeted lncRNA	r13b3ADp6	0.968466	0.952674	1.095038	1.07039	1.022351	1.001071	1.006167	0.989619	0.97269	1.004351	0.973507	0.968546	1.067445	1.023875	1.059967	1.02558	1.024607	1.020211	1.020759	1.00474	1.041284	1.028009	1.031797	1.024949	1.060012	1.035959	0.983217	0.98537
CTD-2336O2.1	CTD-2336O2.1	ASO_G0253982_AD_04	Targeted lncRNA	r13b3ADp6	0.949543	0.932371	0.975484	1.029947	0.960491	1.013869	0.987139	0.999435	1.041326	1.026854	1.03871	1.023658	0.953756	1.025044	0.948466	1.01944	0.994548	1.005935	0.994113	1.002995	1.012629	1.002773	1.016711	1.005441	0.961938	1.013199	1.000356	1.004767
CTD-2336O2.1	CTD-2336O2.1	ASO_G0253982_AD_06	Targeted lncRNA	r13b3ADp6	0.780506	0.749368	1.055151	1.003231	0.974156	1.032726	0.986694	0.989059	1.02946	0.980254	1.017327	0.970499	0.989435	1.012535	0.986962	0.992793	1.012749	0.999476	1.00572	0.986075	1.036826	1.032206	1.041797	1.019742	1.017861	1.002583	0.995635	0.967004
CTD-2336O2.1	CTD-2336O2.1	ASO_G0253982_AD_08	Targeted lncRNA	r13b3ADp6	0.767814	0.776579	1.00188	0.97514	1.024721	0.966552	1.00249	0.994893	1.01063	1.041513	1.023335	1.060809	1.003549	0.959587	0.993648	0.954609	0.984323	0.991721	0.990042	0.997653	0.977808	0.994435	0.981324	0.995917	0.980059	0.958881	1.009384	1.011022
CTD-2336O2.1	CTD-2336O2.1	ASO_G0253982_AD_10	Targeted lncRNA	r13b3ADp6	0.951244	0.914959	0.977946	1.061115	0.970509	0.99969	0.988271	0.990021	1.03739	1.012418	1.051752	1.023292	0.964327	1.036318	0.968814	1.036069	0.998292	1.032096	0.999989	1.035212	0.989548	1.02631	1.001699	1.026175	0.972363	1.025622	1.01624	1.011337
CTD-2366F13.1	CTD-2366F13.1	ASO_G0247796_02	Targeted lncRNA	r8b7p1	1.024207	0.980192	0.898549	0.917237	0.963192	0.984337	0.999168	1.004806	1.021485	0.984401	1.050246	1.016806	0.939972	0.957442	0.940322	0.958662	0.962045	0.975815	0.975191	0.978056	0.943894	0.951242	0.945802	0.944316	0.928024	0.942168	1.014681	1.006795
CTD-2366F13.1	CTD-2366F13.1	ASO_G0247796_04	Targeted lncRNA	r8b7p1	0.911933	0.890709	1.068508	0.987195	0.992141	0.937178	0.985059	0.984461	1.01433	1.036547	1.035246	1.039595	1.016642	0.944393	1.013458	0.945627	1.020951	1.012379	1.006398	1.004954	1.058432	1.022649	1.053263	1.017129	1.02997	0.957822	0.9973	0.995786
CTD-2366F13.1	CTD-2366F13.1	ASO_G0247796_05	Targeted lncRNA	r8b7p1	0.823283	0.811596	1.013694	0.946931	0.942378	0.953905	0.986334	0.988786	1.044608	1.013041	1.074399	1.079775	0.970065	0.95827	0.964976	0.948911	1.036846	1.008578	1.033774	1.002992	1.043121	0.992783	1.042645	0.987772	0.974899	0.942861	1.008598	1.012428
CTD-2366F13.1	CTD-2366F13.1	ASO_G0247796_07	Targeted lncRNA	r8b7p1	0.87398	0.840504	0.933139	0.947852	0.969267	0.955851	0.992331	0.992291	1.018976	1.046588	1.071614	1.080495	0.954902	0.957161	0.954727	0.946899	0.998296	0.994108	1.001554	1.000346	0.986869	0.986842	0.985014	0.990136	0.933945	0.942428	1.015946	1.009531
CTD-2366F13.1	CTD-2366F13.1	ASO_G0247796_10	Targeted lncRNA	r8b7p1	0.939576	0.944409	1.052117	0.95582	0.973775	0.995323	0.992366	0.992766	1.011257	1.00686	1.034141	1.007944	1.000036	0.978843	0.99893	0.970512	1.028864	0.992189	1.02092	0.992779	1.04946	1.006415	1.049218	1.004469	1.019038	0.972139	1.002963	0.991254
CTD-2532K18.2	CTD-2532K18.2	ASO_G0251144_04	Targeted lncRNA	r8b7p2	0.770681	0.822179	0.918938	0.89289	0.930975	0.918614	0.980925	0.977489	1.072733	1.055902	1.112258	1.108037	0.912455	0.903004	0.905532	0.900602	0.980836	0.980902	0.999738	1.006562	0.978728	0.973687	0.994701	0.992645	0.910349	0.900694	1.014762	1.030075
CTD-2532K18.2	CTD-2532K18.2	ASO_G0251144_05	Targeted lncRNA	r8b7p2	0.124492	0.154255	0.772876	0.782828	0.877945	0.873606	0.958874	0.962173	1.123086	1.127418	1.223535	1.203569	0.812546	0.819616	0.79582	0.801251	0.93232	0.920676	0.965172	0.951055	0.905779	0.90957	0.920815	0.929878	0.79985	0.817828	1.040559	1.03304
CTD-2532K18.2	CTD-2532K18.2	ASO_G0251144_06	Targeted lncRNA	r8b7p2	0.84522	0.837969	0.972856	0.971345	1.009416	0.997574	0.993101	0.999601	1.018839	0.977346	1.016132	0.97886	0.985076	0.984808	0.979842	0.982537	0.980372	0.973517	0.984606	0.970165	1.007692	0.997688	1.009987	1.00243	0.986707	0.996893	0.99184	0.987353
CTD-2532K18.2	CTD-2532K18.2	ASO_G0251144_07	Targeted lncRNA	r8b7p2	0.874502	0.947256	0.963184	1.100741	1.010732	0.938706	0.999968	0.984248	1.001936	1.002586	0.985762	1.006683	0.983705	1.009914	0.97918	1.019995	0.969329	1.069259	0.970497	1.052484	0.986302	1.100828	0.985189	1.099454	0.980072	1.051327	0.988518	0.997968
CTD-2587H24.5	CTD-2587H24.5	ASO_G0267577_01	Targeted lncRNA	r14b9plusp4	-0.378199	-0.399341	0.585648	0.52722	0.812022	0.750639	0.923352	0.908788	1.205026	1.236202	1.32182	1.357937	0.668463	0.606915	0.650377	0.589746	0.808829	0.787969	0.86673	0.853593	0.781846	0.745679	0.809573	0.775519	0.688616	0.621918	1.057605	1.069002
CTD-2587H24.5	CTD-2587H24.5	ASO_G0267577_03	Targeted lncRNA	r14b9plusp4	0.816285	0.870466	0.884246	0.866869	0.900305	0.951061	0.976345	0.988743	1.102009	1.044866	1.191147	1.147132	0.88793	0.908901	0.89083	0.914789	1.023035	1.001202	1.03395	1.00294	0.941339	0.92107	0.957535	0.937349	0.870824	0.876319	1.050433	1.041548
CTD-2587H24.5	CTD-2587H24.5	ASO_G0267577_07	Targeted lncRNA	r14b9plusp4	0.778461	0.760505	1.020233	1.043347	0.954019	0.960634	0.994144	0.988878	1.019473	1.02943	1.051786	1.023234	0.980881	0.981029	0.975338	0.977579	1.019261	1.004847	1.017672	1.006025	1.020019	1.03803	1.024031	1.033085	0.979061	1.00095	1.016651	0.999353
CTD-2587H24.5	CTD-2587H24.5	ASO_G0267577_08	Targeted lncRNA	r14b9plusp4	0.946041	0.933251	0.928951	0.924327	1.00572	1.018091	1.007614	1.006031	0.983501	1.015026	1.000481	1.013119	0.968335	0.975891	0.965212	0.969626	0.966811	0.955881	0.974169	0.966455	0.972035	0.967178	0.966256	0.965227	0.953419	0.966275	0.996123	1.005442
CTD-2587H24.5	CTD-2587H24.5	ASO_G0267577_10	Targeted lncRNA	r14b9plusp4	0.999183	1.011606	0.980531	1.020684	1.019173	1.093791	0.999337	1.013391	0.974316	0.979598	0.972549	0.978611	0.999623	1.074811	0.991677	1.064284	0.973475	0.980741	0.97207	0.989132	0.9981	0.975367	0.992799	0.976529	0.999695	1.031686	0.987171	0.999958
CTD-2651B20.3	CTD-2651B20.3	ASO_G0259520_01	Targeted lncRNA	r3b2p4	0.899089	1.094857	0.968463	0.989196	0.955488	0.976535	0.999324	0.983214	1.015956	0.997507	1.004337	1.013727	0.964263	0.98296	0.964663	0.984138	1.01174	1.00636	1.007647	0.999607	1.0143	1.0212	1.012338	1.025246	0.973436	0.996003	0.99446	0.992267
CTD-2651B20.3	CTD-2651B20.3	ASO_G0259520_02	Targeted lncRNA	r3b2p4	0.998687	0.885312	0.990312	1.013455	0.944389	0.981445	0.984351	0.994686	1.003137	1.019939	1.004512	1.031342	0.95535	0.987312	0.959659	0.982897	1.00815	1.025543	1.00437	1.021328	1.043969	1.015864	1.048065	1.01511	0.99571	0.988952	0.985484	1.001306
CTD-2651B20.3	CTD-2651B20.3	ASO_G0259520_04	Targeted lncRNA	r3b2p4	0.963643	0.934569	0.946479	0.962098	0.914768	1.005579	0.980764	1.003059	1.00747	1.027525	1.058911	1.034923	0.917795	1.002335	0.92072	0.993558	1.009906	0.983487	1.013661	1.002727	1.021838	0.981702	1.034402	0.98871	0.936507	0.974689	1.013363	1.006289
CTD-2651B20.3	CTD-2651B20.3	ASO_G0259520_06	Targeted lncRNA	r3b2p4	1.021315	0.952467	0.90646	0.948937	0.94154	0.935423	0.980065	0.975661	1.031941	1.025814	1.043785	1.05767	0.908397	0.932626	0.906171	0.933613	0.990199	1.022089	0.988455	1.0147	1.00372	1.026507	1.012561	1.037381	0.927449	0.954461	0.994707	1.004623
CTD-2651B20.3	CTD-2651B20.3	ASO_G0259520_07	Targeted lncRNA	r3b2p4	0.806749	0.902896	0.932461	0.909688	0.925804	0.947655	0.976872	0.990509	1.05276	1.044243	1.088896	1.100843	0.929062	0.929434	0.927602	0.924352	0.991224	0.976785	1.00471	0.995234	0.996852	0.965321	1.017038	0.97431	0.941119	0.920316	1.015645	1.024228
CTD-2651B20.3	CTD-2651B20.3	ASO_G0259520_AD_03	Targeted lncRNA	r11b1ADp6	0.95367	0.956314	0.954421	0.956632	0.98249	0.995859	0.990876	0.993722	1.026368	0.998258	1.069191	1.001514	0.964898	0.977963	0.95773	0.97294	0.985019	0.97584	1.007509	0.986025	0.972793	0.999969	0.975468	1.00094	0.938275	0.983166	1.016598	0.992425
CTD-2651B20.3	CTD-2651B20.3	ASO_G0259520_AD_04	Targeted lncRNA	r11b1ADp6	0.596283	0.561995	1.126406	1.09172	1.031618	0.992566	0.999344	1.005078	0.966959	1.019981	0.973494	1.001619	1.079741	1.0383	1.076342	1.030619	1.025382	1.003628	1.029674	1.009576	1.051994	1.026542	1.039546	1.029142	1.086459	1.057919	0.993575	1.007229
CTD-2651B20.3	CTD-2651B20.3	ASO_G0259520_AD_05	Targeted lncRNA	r11b1ADp6	0.59868	0.641526	1.006046	0.888618	1.152104	1.126985	1.017914	1.013085	0.953967	0.993197	0.999167	1.050231	1.09823	1.026861	1.079706	1.004471	0.962768	0.903955	0.980722	0.93694	0.936192	0.885111	0.92992	0.883019	1.010904	0.949404	1.01812	1.025029
CTD-2651B20.3	CTD-2651B20.3	ASO_G0259520_AD_08	Targeted lncRNA	r11b1ADp6	0.679986	0.667785	1.054516	1.071787	1.029989	0.949291	0.999288	0.975137	0.997866	1.03746	1.009234	1.056099	1.032546	1.004773	1.029155	1.007738	0.999278	1.057736	1.001871	1.042039	1.029032	1.062677	1.030388	1.065854	1.041597	1.022394	0.993892	1.011848
CTD-2651B20.3	CTD-2651B20.3	ASO_G0259520_AD_09	Targeted lncRNA	r11b1ADp6	0.860689	0.808846	0.962145	1.035436	1.014104	1.04002	0.994798	1.006747	1.006346	1.006359	1.007535	0.992877	0.980863	1.03613	0.97156	1.021581	0.960088	0.981632	0.964588	0.990964	0.989154	0.988071	0.984608	0.978644	0.988789	1.020268	0.994343	0.996279
ZNF528-AS1	CTD-3018O17.3	ASO_G0269834_01	Targeted lncRNA	r14b9plusp1	0.993377	0.96213	0.913983	0.883987	1.015843	0.969113	0.995094	0.992096	0.995949	1.035953	1.044177	1.081082	0.970184	0.929033	0.95572	0.923906	0.958528	0.966015	0.971652	0.986289	0.963888	0.944032	0.970117	0.958144	0.948073	0.906598	1.005532	1.023111
ZNF528-AS1	CTD-3018O17.3	ASO_G0269834_02	Targeted lncRNA	r14b9plusp1	0.63992	0.712035	1.036151	0.925886	0.97144	0.944536	0.987358	0.990633	1.043962	1.028033	1.062594	1.050088	0.986247	0.937338	0.972761	0.922923	1.029085	0.97595	1.028305	0.989706	1.026919	1.017381	1.022567	1.016875	0.978035	0.938804	1.00964	0.998791
ZNF528-AS1	CTD-3018O17.3	ASO_G0269834_04	Targeted lncRNA	r14b9plusp1	0.879392	0.885075	1.024801	1.001521	0.945785	0.9658	0.984203	0.993192	1.049369	1.043953	1.035973	1.070297	0.984699	0.9858	0.979969	0.984025	1.036845	1.016224	1.022538	1.020845	1.044022	1.017025	1.04998	1.022627	0.997547	0.985207	1.001526	1.010399
ZNF528-AS1	CTD-3018O17.3	ASO_G0269834_05	Targeted lncRNA	r14b9plusp1	0.964044	0.95304	0.954658	0.899909	0.970914	1.04198	0.999816	1.016038	1.010853	0.982404	1.071227	1.026373	0.975191	0.991361	0.97542	0.984423	1.015076	0.951929	1.018322	0.96884	0.987982	0.921658	0.992902	0.91026	0.958917	0.934301	1.024405	1.011887
ZNF528-AS1	CTD-3018O17.3	ASO_G0269834_09	Targeted lncRNA	r14b9plusp1	0.963401	0.998413	0.796616	0.839503	0.883381	0.933157	0.976972	0.983881	1.083214	1.046254	1.179076	1.105455	0.846744	0.88962	0.849275	0.887593	0.986076	0.966629	1.002534	0.982425	0.91453	0.94828	0.934156	0.954754	0.826888	0.876817	1.048793	1.018972
ZNF528-AS1	CTD-3018O17.3	ASO_G0269834_AD_01	Targeted lncRNA	r12b2ADp6	0.928658	0.9499	0.937668	0.916243	1.050507	1.053902	1.003492	1.00276	1.012853	1.012045	1.013624	1.026528	1.01409	0.98523	1.004297	0.976954	0.971862	0.962164	0.980526	0.974319	0.942437	0.932025	0.94179	0.930745	0.972	0.936878	1.011812	1.013157
ZNF528-AS1	CTD-3018O17.3	ASO_G0269834_AD_02	Targeted lncRNA	r12b2ADp6	0.886459	0.870219	0.987955	0.883086	0.916672	1.020454	0.987858	1.000463	1.060198	1.047178	1.09343	1.068646	0.945191	0.959207	0.950718	0.948017	1.0242	0.957272	1.035026	0.973595	1.015631	0.926471	1.021223	0.927598	0.950178	0.916822	1.025214	1.017504
ZNF528-AS1	CTD-3018O17.3	ASO_G0269834_AD_05	Targeted lncRNA	r12b2ADp6	0.887144	0.912099	0.912115	0.870122	1.005966	0.956557	0.996296	0.995673	1.039082	1.052288	1.061813	1.100785	0.959745	0.911378	0.95039	0.90536	0.968308	0.95741	0.98031	0.978263	0.946448	0.940974	0.953121	0.951875	0.925155	0.891068	1.016632	1.028808
ZNF528-AS1	CTD-3018O17.3	ASO_G0269834_AD_06	Targeted lncRNA	r12b2ADp6	0.658394	0.654759	0.781504	0.739448	0.963876	0.972637	0.99309	0.986725	1.061924	1.070291	1.162753	1.164852	0.879254	0.864351	0.859859	0.844285	0.908807	0.889846	0.942615	0.938006	0.872497	0.855842	0.881971	0.863819	0.828801	0.812345	1.040575	1.042334
ZNF528-AS1	CTD-3018O17.3	ASO_G0269834_AD_08	Targeted lncRNA	r12b2ADp6	0.950434	1.004964	0.931312	0.945451	0.981723	0.978458	0.998095	0.997264	1.029432	1.02726	1.08611	1.058765	0.958016	0.966695	0.946864	0.965487	0.993489	0.995511	1.000704	1.001621	0.971908	0.979453	0.975156	0.981739	0.934605	0.957198	1.017538	1.015914
CTD-3074O7.5	CTD-3074O7.5	ASO_G0255517_01	Targeted lncRNA	r8b7p4	0.554035	0.445501	0.815451	0.698429	0.888369	0.818555	0.966238	0.946284	1.082518	1.150695	1.146757	1.283803	0.842734	0.744916	0.828717	0.736584	0.944719	0.917219	0.95532	0.940677	0.95579	0.890007	0.957994	0.911086	0.857689	0.753297	0.998695	1.039477
CTD-3074O7.5	CTD-3074O7.5	ASO_G0255517_02	Targeted lncRNA	r8b7p4	1.001489	0.917626	0.916542	0.923602	0.981205	0.957582	0.992456	0.990093	1.027447	1.032856	1.065279	1.08804	0.943599	0.945904	0.938297	0.933548	0.965255	0.976905	0.977613	0.990771	0.966485	1.003737	0.964223	0.992675	0.933079	0.934656	1.003898	1.001935
CTD-3074O7.5	CTD-3074O7.5	ASO_G0255517_05	Targeted lncRNA	r8b7p4	1.109067	1.011995	0.895732	0.944103	1.024806	0.97824	0.999447	0.988835	0.993141	1.029896	0.988938	1.048465	0.957222	0.964646	0.950499	0.962684	0.947206	0.997162	0.945702	0.998632	0.969536	0.990779	0.960804	0.991561	0.952661	0.965608	0.972145	1.002665
CTD-3074O7.5	CTD-3074O7.5	ASO_G0255517_07	Targeted lncRNA	r8b7p4	0.629491	0.604961	0.849151	0.851554	0.970101	0.938988	0.969857	0.95276	1.021329	1.067061	1.031642	1.150459	0.887338	0.878746	0.870802	0.865708	0.9031	0.945886	0.914237	0.956016	0.965142	0.955815	0.952904	0.958191	0.909982	0.873476	0.956164	0.990072
CTD-3074O7.5	CTD-3074O7.5	ASO_G0255517_09	Targeted lncRNA	r8b7p4	0.967134	0.937206	0.920472	0.974968	0.96204	0.952604	0.991454	0.988184	0.975756	1.040499	1.033855	1.073833	0.944433	0.962792	0.943289	0.955874	0.976247	0.999336	0.982807	0.999439	0.983714	1.0204	0.983562	1.016385	0.945465	0.975008	0.999429	1.00134
CTD-3131K8.2	CTD-3131K8.2	ASO_G0269439_02	Targeted lncRNA	r2b1p1	0.974624	0.970912	1.019138	1.027789	0.982792	1.01099	0.988622	1.007704	1.019697	0.982325	1.019775	0.999705	0.993113	1.020593	0.988867	1.021889	1.012399	1.010706	1.009371	1.00369	1.023383	0.992676	1.018204	0.989001	1.002675	1.014048	1.00138	1.006469
CTD-3131K8.2	CTD-3131K8.2	ASO_G0269439_05	Targeted lncRNA	r2b1p1	0.546097	0.615221	0.975917	1.032237	0.927182	0.946536	0.980278	0.98103	1.008109	1.020132	0.983557	1.00076	0.937315	0.96838	0.936289	0.965443	1.023655	1.029376	0.996735	1.007596	1.070099	1.066708	1.065576	1.054625	0.989543	1.005778	0.973443	0.981396
CTD-3131K8.2	CTD-3131K8.2	ASO_G0269439_07	Targeted lncRNA	r2b1p1	0.890435	0.88698	0.968671	0.866291	1.053206	0.966077	1.008823	0.994862	0.983781	1.039814	0.972428	1.081837	1.023539	0.920511	1.025805	0.917431	0.966053	0.972433	0.973991	0.98529	0.947201	0.923291	0.938796	0.927446	1.000764	0.890508	0.994826	1.023342
CTD-3131K8.2	CTD-3131K8.2	ASO_G0269439_08	Targeted lncRNA	r2b1p1	0.922775	0.97172	0.96278	0.916808	0.998717	0.906968	1.007735	0.990852	1.012983	1.082852	1.015271	1.103608	0.987621	0.91505	0.987583	0.913145	0.992346	1.011606	1.001216	1.02203	0.95912	0.972587	0.965139	0.981285	0.969125	0.908506	1.010829	1.030085
CTD-3131K8.2	CTD-3131K8.2	ASO_G0269439_09	Targeted lncRNA	r2b1p1	0.446638	0.366491	1.088041	1.127188	0.99131	0.980752	0.996463	0.988564	0.998843	1.020584	1.007966	1.012608	1.035825	1.052937	1.032948	1.035888	1.035291	1.056292	1.031212	1.03984	1.059143	1.096737	1.035207	1.076015	1.028836	1.054866	0.993764	0.981615
CTD-3131K8.2	CTD-3131K8.2	ASO_G0269439_AD_01	Targeted lncRNA	r12b2ADp6	1.017021	1.026879	0.977851	0.902208	0.993776	1.050087	0.994944	1.002206	0.97411	0.987471	0.99234	0.981064	0.991765	0.978889	0.99167	0.970438	0.998129	0.9412	0.989614	0.950521	1.018964	0.969432	1.014041	0.964016	0.996267	0.962791	0.986684	0.979781
CTD-3131K8.2	CTD-3131K8.2	ASO_G0269439_AD_02	Targeted lncRNA	r12b2ADp6	0.882437	0.954185	0.868796	0.872859	0.956057	1.041201	0.998914	1.010528	1.06059	0.986294	1.09659	1.072411	0.918405	0.970688	0.910397	0.959204	0.965783	0.92927	0.975115	0.949948	0.961387	0.901774	0.968248	0.905366	0.903561	0.923686	1.019132	1.023816
CTD-3131K8.2	CTD-3131K8.2	ASO_G0269439_AD_03	Targeted lncRNA	r12b2ADp6	0.906259	0.814279	0.896593	1.043256	0.977922	0.951893	0.987813	0.991325	1.020679	1.035974	1.054748	1.114316	0.930503	0.989023	0.924811	0.990249	0.96244	1.04012	0.969729	1.044994	0.979632	1.024022	0.984799	1.016069	0.923983	0.963159	1.006638	1.028973
CTD-3131K8.2	CTD-3131K8.2	ASO_G0269439_AD_04	Targeted lncRNA	r12b2ADp6	0.91657	0.945968	0.945473	0.971715	0.985938	1.023155	0.993961	0.996369	1.043458	1.000013	1.09798	1.057566	0.961189	0.996086	0.945314	0.980174	0.992949	0.98691	1.005405	0.990509	0.985688	1.003279	0.985961	0.996924	0.940096	0.980069	1.018053	1.005432
CTD-3131K8.2	CTD-3131K8.2	ASO_G0269439_AD_05	Targeted lncRNA	r12b2ADp6	0.935984	0.998125	0.917501	0.943481	1.062033	1.044149	1.01681	1.009727	1.000204	1.007408	1.024213	1.058667	0.997605	1.002354	0.983224	0.9947	0.956925	0.96653	0.973305	0.990083	0.947176	0.932319	0.933302	0.934144	0.946114	0.951588	1.001357	1.027155
CTD-3138B18.5	CTD-3138B18.5	ASO_G0268516_02	Targeted lncRNA	r14b9plusp1	0.966922	1.004168	0.933805	0.915317	0.978698	0.980615	0.988212	0.996618	1.010032	1.036979	1.020753	1.046434	0.961886	0.958377	0.957101	0.952633	0.991892	0.97349	0.991811	0.987156	0.999573	0.963931	1.010013	0.975439	0.965389	0.945792	0.993911	1.011674
CTD-3138B18.5	CTD-3138B18.5	ASO_G0268516_03	Targeted lncRNA	r14b9plusp1	0.969586	0.954927	0.937332	0.994665	0.98064	1.033335	0.988404	1.006843	1.010594	0.97219	1.035834	1.004174	0.962779	1.013571	0.955137	1.006266	0.968212	0.979694	0.978305	0.984718	0.98426	0.967606	0.99254	0.969783	0.958753	0.984325	1.000745	1.00382
CTD-3138B18.5	CTD-3138B18.5	ASO_G0268516_04	Targeted lncRNA	r14b9plusp1	0.933461	0.912656	0.971237	1.000791	1.007982	1.01299	0.995756	0.993692	1.024802	1.017401	1.009163	1.018883	0.983806	1.009222	0.976279	1.004663	1.000103	0.995735	0.99159	0.994002	0.992135	1.027987	0.987118	1.02127	0.974235	1.001301	0.996803	0.99154
CTD-3138B18.5	CTD-3138B18.5	ASO_G0268516_07	Targeted lncRNA	r14b9plusp1	0.88245	0.851251	0.891421	0.950542	0.900455	0.946721	0.978363	0.980623	1.064145	1.043773	1.118951	1.068855	0.887634	0.941748	0.890292	0.938599	0.996453	0.993807	0.996706	1.000343	0.980743	0.992448	0.995737	1.003117	0.902153	0.949457	1.021913	1.016432
CTD-3138B18.5	CTD-3138B18.5	ASO_G0268516_10	Targeted lncRNA	r14b9plusp1	0.924617	0.864669	0.852625	0.861497	0.937049	0.970335	0.990984	0.989816	1.047429	1.011411	1.09875	1.071949	0.898407	0.914826	0.890771	0.913157	0.962242	0.962619	0.983201	0.981154	0.946486	0.95525	0.955971	0.95701	0.87965	0.896078	1.020731	1.011901
MHENCR	CTD-3184A7.4	ASO_G0232442_01	Targeted lncRNA	r2b1p6	0.998729	0.934183	0.907552	0.961897	0.839324	0.842377	0.961634	0.963891	1.101384	1.088118	1.136687	1.103077	0.848213	0.875849	0.857374	0.889094	1.022736	1.029867	1.018042	1.01294	1.020487	1.050213	1.038718	1.063228	0.890786	0.937683	1.019582	1.014044
MHENCR	CTD-3184A7.4	ASO_G0232442_02	Targeted lncRNA	r2b1p6	1.081311	0.983004	0.957766	0.987911	0.89014	0.887357	0.976491	0.977578	1.052007	1.073987	1.088792	1.042801	0.907517	0.921606	0.913444	0.929829	1.031267	1.044682	1.02888	1.030643	1.015195	1.071388	1.028361	1.078635	0.923513	0.965501	1.020682	1.000308
MHENCR	CTD-3184A7.4	ASO_G0232442_03	Targeted lncRNA	r2b1p6	0.877633	0.846986	0.983406	1.077994	0.933141	0.908428	0.978694	0.9755	1.01949	1.032517	1.001858	1.034522	0.943478	0.97586	0.944483	0.988332	1.013829	1.076035	0.988744	1.057028	1.054332	1.103751	1.057765	1.105802	0.98465	1.021835	0.978465	0.998187
MHENCR	CTD-3184A7.4	ASO_G0232442_04	Targeted lncRNA	r2b1p6	1.040611	1.055999	1.012944	1.037681	0.945124	0.907074	0.989739	0.984054	1.044058	1.021085	1.030952	1.048278	0.968094	0.956409	0.978687	0.966564	1.021999	1.048451	1.014475	1.038542	1.018711	1.060866	1.033947	1.061596	0.993009	0.98448	1.009598	1.014487
MHENCR	CTD-3184A7.4	ASO_G0232442_07	Targeted lncRNA	r2b1p6	0.95465	0.989673	1.001709	1.056243	0.945401	0.957516	0.992027	0.994791	1.059182	0.996352	1.026253	1.01636	0.958732	0.990185	0.968524	0.994095	1.013693	1.041226	1.01754	1.040099	1.013827	1.046228	1.017179	1.041867	0.979968	1.005869	1.003142	1.002184
DANCR	DANCR	ASO_G0226950_01	Targeted lncRNA	r1b0p6	0.926404	0.777858	0.967129	0.991697	0.940269	0.979134	0.976224	0.987879	1.036082	1.019703	1.04958	1.019803	0.943185	0.980152	0.943193	0.9761	0.996084	0.998953	0.992114	0.998503	1.062416	1.028775	1.059861	1.02723	0.974666	0.991389	0.986678	0.994803
DANCR	DANCR	ASO_G0226950_02	Targeted lncRNA	r1b0p6	0.902657	0.873303	1.04892	1.151059	0.892673	0.836916	0.968022	0.955009	1.01142	1.036419	1.006415	1.037087	0.945276	0.949475	0.956436	0.95893	1.060987	1.139124	1.030466	1.10459	1.10454	1.201909	1.106935	1.198717	1.010899	1.040414	0.985144	0.994285
DANCR	DANCR	ASO_G0226950_03	Targeted lncRNA	r1b0p6	1.000111	0.934022	1.05918	0.991033	0.85438	0.943358	0.964199	0.985653	1.070779	1.05587	1.113312	1.042917	0.93384	0.965397	0.939812	0.964269	1.100609	1.025456	1.084291	1.023032	1.10782	1.024093	1.118276	1.028903	0.976809	0.972808	1.01546	1.002649
DANCR	DANCR	ASO_G0226950_04	Targeted lncRNA	r1b0p6	0.564778	0.595973	1.061086	0.921192	0.714978	0.728788	0.905715	0.899834	1.132289	1.154592	1.110225	1.159285	0.812684	0.768062	0.829355	0.776532	1.139872	1.066664	1.081861	1.036959	1.255161	1.153661	1.256221	1.161015	0.978628	0.891341	0.979257	0.98465
DANCR	DANCR	ASO_G0226950_05	Targeted lncRNA	r1b0p6	0.643969	0.768556	1.07412	1.022135	0.800827	0.777824	0.938603	0.934989	1.113455	1.111521	1.090878	1.115583	0.883297	0.858715	0.893699	0.866753	1.123656	1.114203	1.080803	1.08866	1.191573	1.182143	1.185943	1.182325	0.984649	0.949644	0.983194	0.991484
DANCR	DANCR	ASO_G0226950_AD_01	Targeted lncRNA	r10b0ADp6	1.037329	1.035253	0.975794	1.027738	1.033026	1.012169	0.998284	1.000028	1.012171	0.985098	1.006185	0.972647	1.014216	1.031136	1.004565	1.020744	0.982875	1.02065	0.978537	1.002276	1.003281	1.034399	0.997407	1.024203	0.999004	1.024529	0.99478	0.982684
DANCR	DANCR	ASO_G0226950_AD_03	Targeted lncRNA	r10b0ADp6	0.959288	0.927455	0.968773	0.99146	0.999771	0.991725	0.99583	0.999824	1.007103	1.021792	1.03852	1.062981	0.980367	0.993976	0.973995	0.982966	0.995054	1.005539	0.990863	1.010537	0.999791	1.008098	0.994329	1.005019	0.978396	0.971337	0.994878	1.011193
DANCR	DANCR	ASO_G0226950_AD_04	Targeted lncRNA	r10b0ADp6	0.922888	0.885326	1.051615	0.987444	0.976766	0.939547	0.994148	0.984568	1.013913	1.045232	1.04326	1.07926	1.006129	0.965274	1.006935	0.96144	1.040697	1.024816	1.03	1.020275	1.037708	1.023807	1.040458	1.027219	1.006708	0.971536	1.01425	1.016695
DANCR	DANCR	ASO_G0226950_AD_07	Targeted lncRNA	r10b0ADp6	0.812413	0.853747	0.943128	0.918235	0.933689	0.92286	0.987681	0.981996	1.044112	1.046259	1.057837	1.09988	0.920754	0.909273	0.912657	0.895817	0.983861	0.980575	0.982932	0.98696	1.020907	1.004728	1.024876	1.006499	0.95049	0.916809	0.994936	1.006011
DANCR	DANCR	ASO_G0226950_AD_08	Targeted lncRNA	r10b0ADp6	0.904283	0.932526	0.948838	0.942698	0.982191	0.946542	0.998396	0.983218	1.017566	1.019461	1.052163	1.048472	0.972984	0.943106	0.966942	0.94889	0.999683	0.995042	0.994848	0.992489	0.991461	1.001476	0.988139	1.006864	0.956745	0.955812	1.008553	1.009978
DGUOK-AS1	DGUOK-AS1	ASO_G0237883_01	Targeted lncRNA	r7b6p6	1.051959	0.931081	0.982605	1.007336	0.985602	0.992846	0.99611	1.003316	0.986535	0.99947	0.979528	1.018177	0.982904	1.002187	0.981842	1.002929	0.993563	1.027359	0.975031	1.014748	1.040285	1.011641	1.026665	1.008701	1.014696	0.99353	0.962458	1.002089
DGUOK-AS1	DGUOK-AS1	ASO_G0237883_02	Targeted lncRNA	r7b6p6	1.009731	0.935934	0.919392	0.994904	1.026199	0.993107	0.998687	0.99857	0.957571	1.020254	0.954055	1.01744	0.965622	0.997236	0.961907	0.997087	0.943928	1.010296	0.930728	1.005151	0.991276	1.00753	0.97121	1.008861	0.979079	1.002277	0.952918	1.003526
DGUOK-AS1	DGUOK-AS1	ASO_G0237883_03	Targeted lncRNA	r7b6p6	0.910358	0.832846	0.95257	0.942093	0.986763	0.937569	0.985039	0.99005	1.02136	1.047849	1.018094	1.088754	0.960581	0.938208	0.951711	0.931796	0.992397	1.005661	0.974795	1.010038	1.023903	1.001487	1.011639	1.005746	0.969362	0.938812	0.967202	1.009088
DGUOK-AS1	DGUOK-AS1	ASO_G0237883_04	Targeted lncRNA	r7b6p6	0.75661	0.772601	0.926489	0.984039	1.023355	0.923718	1.004012	0.996009	0.985254	1.056499	0.992488	1.128642	0.983867	0.944253	0.973994	0.940916	0.970469	1.029544	0.970918	1.037233	0.974235	0.972422	0.958926	0.98196	0.959154	0.928273	0.981125	1.047781
DGUOK-AS1	DGUOK-AS1	ASO_G0237883_07	Targeted lncRNA	r7b6p6	0.881943	0.876176	0.929384	0.987486	1.022774	0.955314	0.990194	0.996012	0.999448	1.065887	1.000285	1.064906	0.976122	0.970808	0.977016	0.966189	0.968817	1.006519	0.97562	1.007389	0.974135	0.983168	0.974679	0.988846	0.966315	0.966267	0.992507	1.020101
DLGAP1-AS1	DLGAP1-AS1	ASO_G0177337_01	Targeted lncRNA	r15bALLp2	1.039293	1.125316	0.888683	0.937567	1.026134	0.98231	0.978487	0.988451	0.960145	0.97311	0.948784	0.993228	0.940213	0.954097	0.938831	0.952115	0.922737	0.986191	0.925542	0.981732	1.003055	1.013333	0.994085	1.004061	0.975778	0.967071	0.95442	0.9827
DLGAP1-AS1	DLGAP1-AS1	ASO_G0177337_02	Targeted lncRNA	r15bALLp2	0.978377	0.896066	0.936432	1.02705	0.999481	1.041193	0.998888	1.010099	0.994489	0.964266	0.99926	0.993846	0.968964	1.043029	0.970705	1.043559	0.973355	0.988432	0.979087	1.000706	0.958129	0.974856	0.964277	0.972452	0.961054	1.019739	1.004702	1.009118
DLGAP1-AS1	DLGAP1-AS1	ASO_G0177337_03	Targeted lncRNA	r15bALLp2	0.943587	0.969972	0.935963	0.992704	0.931676	1.009813	0.98322	1.000735	1.032686	0.98503	1.057655	0.995223	0.934579	1.003762	0.931996	0.9986	0.995733	0.985146	1.00368	0.996425	0.986185	0.994719	0.990808	0.992552	0.929411	1.001179	1.016048	1.000978
DLGAP1-AS1	DLGAP1-AS1	ASO_G0177337_04	Targeted lncRNA	r15bALLp2	1.050261	1.021078	1.047701	1.002398	1.017636	0.997579	0.995557	0.993386	0.961042	0.98884	0.945811	0.951486	1.028568	0.991496	1.032376	0.992468	1.009943	0.993641	0.995801	0.984374	1.040789	1.038692	1.04001	1.029477	1.057507	1.034333	0.978339	0.978326
DLGAP1-AS1	DLGAP1-AS1	ASO_G0177337_09	Targeted lncRNA	r15bALLp2	1.014158	0.965376	0.975559	1.023967	0.988759	1.019058	0.998523	1.002075	1.008095	1.006059	1.041084	1.007109	0.989078	1.032859	0.982018	1.037322	0.997419	1.007257	1.006931	1.009834	0.983923	0.99474	0.982282	0.992675	0.968472	1.021794	1.018294	1.005311
DNAJC27-AS1	DNAJC27-AS1	ASO_G0224165_01	Targeted lncRNA	r4b4p2	0.950332	0.946361	1.156111	1.056829	1.050456	0.991136	1.009704	0.99765	1.003715	0.998942	0.953644	0.971802	1.108775	1.007512	1.115368	1.016387	1.060535	1.036707	1.045869	1.024358	1.065769	1.0479	1.062905	1.057647	1.114487	1.040397	0.996709	0.991452
DNAJC27-AS1	DNAJC27-AS1	ASO_G0224165_04	Targeted lncRNA	r4b4p2	0.930882	1.013771	1.074173	0.988311	1.007927	1.005075	0.999882	0.99815	0.985838	1.016544	0.995042	1.052006	1.049754	1.010032	1.045542	1.007495	1.015327	1.004196	1.015297	1.016283	1.044551	0.992345	1.049341	1.006308	1.056424	0.984504	0.995162	1.019648
DNAJC27-AS1	DNAJC27-AS1	ASO_G0224165_06	Targeted lncRNA	r4b4p2	0.988265	0.919333	1.017938	1.021037	0.980896	1.033619	0.992736	0.999383	1.024686	1.036175	1.03228	1.033457	0.989649	1.037118	0.98761	1.033705	1.016675	0.99516	1.02439	1.006271	1.009566	0.996049	1.009526	1.00802	0.980118	1.013967	1.005606	1.016454
DNAJC27-AS1	DNAJC27-AS1	ASO_G0224165_09	Targeted lncRNA	r4b4p2	0.733343	0.774967	0.866042	0.951738	0.878121	0.868201	0.964938	0.96326	1.093804	1.082256	1.11074	1.066916	0.843675	0.881873	0.836095	0.884559	0.96888	1.032293	0.975919	1.022648	0.985521	1.030281	1.002153	1.04077	0.902	0.942842	1.00613	1.006895
DNAJC27-AS1	DNAJC27-AS1	ASO_G0224165_10	Targeted lncRNA	r4b4p2	0.951418	0.816731	1.070025	1.07554	0.867544	0.938546	0.95357	0.977022	1.081064	1.035678	1.040585	0.998655	0.930099	0.985415	0.939213	0.985609	1.095249	1.052041	1.061459	1.027619	1.130949	1.09253	1.151999	1.099931	1.015203	1.050978	0.994013	0.985368
DNAJC27-AS1	DNAJC27-AS1	ASO_G0224165_AD_01	Targeted lncRNA	r12b2ADp1	0.729871	0.663544	0.955491	0.88452	0.928392	0.995279	0.968171	0.981559	1.028449	1.016066	1.026345	1.056265	0.909017	0.927268	0.912579	0.910132	0.989367	0.939244	0.970249	0.942851	1.030362	0.967177	1.032105	0.960938	0.966838	0.929024	0.980546	0.989045
DNAJC27-AS1	DNAJC27-AS1	ASO_G0224165_AD_03	Targeted lncRNA	r12b2ADp1	0.94791	0.993471	1.086485	1.061216	1.02615	1.002827	0.989912	0.990797	0.981343	0.984637	0.944295	0.977357	1.052401	1.020276	1.059035	1.019778	1.038397	1.022036	1.011508	1.01794	1.068067	1.059633	1.067606	1.057435	1.086196	1.030756	0.979812	0.97791
DNAJC27-AS1	DNAJC27-AS1	ASO_G0224165_AD_07	Targeted lncRNA	r12b2ADp1	0.899606	0.931692	0.967893	0.968874	1.051576	1.100881	1.005331	1.014141	0.951956	0.938837	0.954296	0.899009	1.004385	1.035199	0.990817	1.031399	0.947597	0.944391	0.954593	0.943147	0.99583	0.99443	0.98231	0.977883	0.996422	1.039098	0.973271	0.960575
DNAJC27-AS1	DNAJC27-AS1	ASO_G0224165_AD_08	Targeted lncRNA	r12b2ADp1	0.933826	0.965914	1.031835	1.043099	1.037271	0.955601	1.007736	0.993158	0.977446	1.011053	0.957455	0.996492	1.022268	0.984127	1.016482	0.992168	0.977412	1.039071	0.97796	1.021661	0.988207	1.044164	0.986756	1.038944	1.034716	1.013772	0.987717	1.000023
DNAJC27-AS1	DNAJC27-AS1	ASO_G0224165_AD_10	Targeted lncRNA	r12b2ADp1	0.915197	0.918074	0.932229	0.990081	0.917164	0.974754	0.975751	0.980869	1.027007	0.988064	1.035528	0.964558	0.903729	0.958644	0.908403	0.965826	0.998483	1.0091	0.986417	0.989958	1.008729	1.053413	1.013328	1.046391	0.943928	1.005227	0.989406	0.966895
DNM3OS	DNM3OS	ASO_G0230630_01	Targeted lncRNA	r1b0p2	0.902255	0.849692	0.822074	0.860481	0.847887	0.875233	0.966334	0.97527	1.043465	1.054484	1.130805	1.105506	0.833765	0.867021	0.832862	0.861485	0.969865	0.971072	0.978954	0.988672	0.988807	0.981772	0.99741	0.989425	0.863791	0.886592	1.011722	1.011306
DNM3OS	DNM3OS	ASO_G0230630_02	Targeted lncRNA	r1b0p2	0.70889	0.877385	0.874515	0.762067	0.898262	0.816978	0.9805	0.953869	1.065842	1.123206	1.141466	1.221241	0.884355	0.780244	0.87875	0.768698	0.972404	0.948994	0.98929	0.968736	0.96159	0.965999	0.977044	0.986339	0.877738	0.802836	1.030787	1.025443
DNM3OS	DNM3OS	ASO_G0230630_03	Targeted lncRNA	r1b0p2	1.072216	1.062035	0.895357	0.926731	0.886976	0.885122	0.972397	0.967602	1.007747	1.04862	1.112745	1.100673	0.884684	0.902076	0.888939	0.899701	1.006038	1.008847	1.008646	1.008614	0.997859	1.032508	1.003968	1.040133	0.904572	0.934157	1.024914	1.0059
DNM3OS	DNM3OS	ASO_G0230630_05	Targeted lncRNA	r1b0p2	0.900518	1.004525	0.89508	0.936473	0.939373	0.962112	0.992477	0.98753	1.062044	1.011711	1.106164	1.09619	0.915011	0.953791	0.905835	0.940302	0.979587	0.980324	0.999218	1.000889	0.974621	0.990245	0.983237	0.990662	0.904134	0.942813	1.022771	1.018381
DNM3OS	DNM3OS	ASO_G0230630_06	Targeted lncRNA	r1b0p2	0.854799	0.992259	1.18558	0.98337	1.008903	0.953983	1.005692	0.99321	0.980175	0.996262	0.974419	1.031019	1.089414	0.977403	1.089106	0.974052	1.06687	1.011781	1.052984	1.018913	1.066328	1.011064	1.063881	1.009669	1.096116	0.97996	1.002843	1.008941
DNM3OS	DNM3OS	ASO_G0230630_AD_01	Targeted lncRNA	r10b0ADp2	0.969096	0.947834	1.025132	0.95272	0.975785	1.011616	0.988066	0.998723	0.987098	0.989743	1.017612	1.028642	0.997746	0.981861	0.999359	0.982368	1.02519	0.967549	1.013415	0.983334	1.041581	0.976524	1.042018	0.977256	1.015315	0.968094	0.996031	1.006625
DNM3OS	DNM3OS	ASO_G0230630_AD_02	Targeted lncRNA	r10b0ADp2	0.861513	0.914123	1.078584	1.075419	1.022606	1.062063	0.998897	1.008357	0.999167	0.978048	1.00013	0.981369	1.043278	1.077305	1.029217	1.065956	1.026031	1.008618	1.020396	1.010031	1.072282	1.041957	1.06563	1.032337	1.046569	1.057918	0.977377	0.990801
DNM3OS	DNM3OS	ASO_G0230630_AD_04	Targeted lncRNA	r10b0ADp2	0.550498	0.526282	0.906097	0.90426	0.901817	0.865957	0.97082	0.964609	1.099895	1.109189	1.205665	1.220508	0.90231	0.875197	0.896556	0.882019	1.035748	1.064219	1.038311	1.069713	0.97181	0.977204	0.977317	0.997411	0.880357	0.86909	1.045982	1.0594
DNM3OS	DNM3OS	ASO_G0230630_AD_09	Targeted lncRNA	r10b0ADp2	0.767479	0.758302	0.885336	0.983757	0.919537	0.908681	0.967128	0.971845	1.043103	1.060647	1.070928	1.106331	0.884316	0.934287	0.876942	0.934825	0.965619	1.028939	0.960765	1.024787	0.999236	1.024654	0.995512	1.036597	0.909355	0.955125	0.987598	1.013433
DNM3OS	DNM3OS	ASO_G0230630_AD_10	Targeted lncRNA	r10b0ADp2	0.865491	0.88007	1.049175	1.006854	1.042828	0.994895	1.003776	0.999363	0.992416	1.015164	0.988987	1.033716	1.052333	1.00006	1.044897	0.993255	1.01247	1.002303	1.005646	1.007452	1.033041	0.99103	1.032477	0.992308	1.046216	0.990806	0.98682	1.015799
NRAV	DYNLL1-AS1	ASO_G0248008_01	Targeted lncRNA	r8b7p1	0.993123	0.984905	1.034234	1.040456	0.988023	0.99957	1.002599	0.996897	0.993478	1.032318	1.003966	1.039697	1.014127	1.020353	1.007301	1.016869	1.018122	1.028613	1.010588	1.033633	1.030709	1.015664	1.021333	1.016793	1.009512	0.998744	0.991551	1.016348
NRAV	DYNLL1-AS1	ASO_G0248008_02	Targeted lncRNA	r8b7p1	0.771933	0.810149	0.951498	0.858663	0.903984	0.884111	0.978375	0.967496	1.073517	1.08229	1.141134	1.151665	0.925448	0.86131	0.919622	0.849283	1.04199	0.977997	1.039631	0.992287	1.024976	0.970666	1.028052	0.974171	0.925479	0.862088	1.02548	1.023813
NRAV	DYNLL1-AS1	ASO_G0248008_04	Targeted lncRNA	r8b7p1	0.884693	0.91282	1.035664	0.931974	0.964025	0.980946	0.98804	0.986189	1.006556	1.028068	1.031891	1.056992	0.997854	0.952346	0.989772	0.94071	1.0224	0.974561	1.0144	0.978197	1.053249	0.991292	1.045376	0.991201	1.008977	0.941787	0.997181	0.997812
NRAV	DYNLL1-AS1	ASO_G0248008_08	Targeted lncRNA	r8b7p1	0.84319	0.84748	0.916179	0.977705	0.930526	0.94722	0.984511	0.986723	1.047736	1.02452	1.088625	1.068329	0.92277	0.961743	0.915346	0.955498	0.986052	1.006998	0.996319	1.006946	0.98305	1.028241	0.989158	1.027662	0.920613	0.968681	1.012495	1.00968
NRAV	DYNLL1-AS1	ASO_G0248008_10	Targeted lncRNA	r8b7p1	0.908458	0.90881	0.955305	0.99848	0.992442	0.999315	0.998787	1.003554	1.014201	0.987113	1.034855	0.994676	0.978162	1.004427	0.974364	1.001756	0.974419	0.993019	0.981757	0.993007	0.966365	0.996269	0.970784	0.99572	0.96738	0.998845	1.009184	0.999052
EIF3J-DT	EIF3J-AS1	ASO_G0179523_04	Targeted lncRNA	r5b3p3	0.988911	1.102026	0.936806	0.895251	0.979311	0.916108	1.003686	0.982512	1.005609	1.03825	1.02169	1.107172	0.960216	0.899109	0.95369	0.900306	0.970442	0.993147	0.970457	1.006104	0.96633	0.96954	0.97242	0.986985	0.958456	0.906324	1.003796	1.030295
EIF3J-DT	EIF3J-AS1	ASO_G0179523_08	Targeted lncRNA	r5b3p3	0.912238	0.965865	0.969054	0.972134	0.977314	0.958214	0.992135	0.994133	0.9822	1.039939	1.052741	1.097641	0.977989	0.96708	0.97586	0.960887	1.012928	1.015215	1.030032	1.033993	0.981541	0.994414	0.989406	1.001462	0.952967	0.942475	1.025416	1.029914
EIF3J-DT	EIF3J-AS1	ASO_G0179523_09	Targeted lncRNA	r5b3p3	0.952071	0.884521	0.926137	0.907196	0.953491	0.963402	0.997294	0.997921	0.990939	1.040184	1.063532	1.116447	0.933666	0.937289	0.939727	0.929333	0.991618	0.989255	0.995409	1.009579	0.974661	0.941033	0.981054	0.953183	0.932515	0.901264	1.024268	1.037887
EMX2OS	EMX2OS	ASO_G0229847_01	Targeted lncRNA	r1b0p6	0.870802	1.093503	1.009712	0.933272	1.030542	0.999845	1.007546	1.002387	0.934981	1.015198	0.974856	0.993383	1.016981	0.966845	1.018625	0.963127	0.982197	0.961144	0.98957	0.973512	0.978747	0.967147	0.984374	0.966636	1.014265	0.969526	1.001617	0.997149
EMX2OS	EMX2OS	ASO_G0229847_02	Targeted lncRNA	r1b0p6	0.864825	0.977166	1.008624	0.940582	0.926825	0.850167	0.980462	0.958779	1.017708	1.074847	1.042668	1.118428	0.959936	0.872322	0.959725	0.874984	1.042729	1.053054	1.033952	1.041418	1.041275	1.062937	1.052105	1.061776	0.980097	0.903417	1.006615	1.005205
EMX2OS	EMX2OS	ASO_G0229847_03	Targeted lncRNA	r1b0p6	0.531552	0.596453	0.950356	0.977082	0.829272	0.891716	0.957869	0.973449	1.118325	1.076152	1.170905	1.12714	0.874987	0.931909	0.869311	0.918912	1.04322	1.0464	1.044481	1.052039	1.067612	1.06822	1.079251	1.066984	0.892456	0.934729	1.022931	1.012989
EMX2OS	EMX2OS	ASO_G0229847_04	Targeted lncRNA	r1b0p6	0.76243	0.937703	0.928004	0.842904	0.936404	0.916312	0.985269	0.986675	1.120816	1.067271	1.113188	1.156054	0.928561	0.88952	0.925904	0.880184	0.983487	0.959932	0.999319	0.991448	0.974589	0.930665	0.992028	0.942777	0.927947	0.862914	1.02049	1.040975
EMX2OS	EMX2OS	ASO_G0229847_05	Targeted lncRNA	r1b0p6	0.41183	0.39567	0.850798	0.896183	0.727209	0.74345	0.926202	0.930496	1.176489	1.172308	1.230351	1.243675	0.755145	0.791333	0.757415	0.790964	1.050858	1.067961	1.050591	1.06364	1.075548	1.083474	1.093229	1.099307	0.824281	0.850648	1.027848	1.028146
EMX2OS	EMX2OS	ASO_G0229847_AD_02	Targeted lncRNA	r10b0ADp6	1.072037	1.122583	0.961814	0.944078	0.976464	0.906357	0.98303	0.986927	1.00501	1.044269	1.021522	1.053076	0.965798	0.917474	0.96303	0.924342	0.997208	1.007461	0.994618	1.004308	1.026919	1.013766	1.028972	1.013843	0.982039	0.94072	0.988619	1.00251
EMX2OS	EMX2OS	ASO_G0229847_AD_03	Targeted lncRNA	r10b0ADp6	1.006957	1.021257	0.899417	0.981225	1.059856	1.094118	1.021892	1.009151	0.981472	0.96238	1.038516	0.972273	1.008772	1.054077	1.002386	1.050033	0.969278	0.993989	0.985392	0.991982	0.908792	0.997163	0.894997	0.980806	0.928246	1.011517	1.019687	0.983572
EMX2OS	EMX2OS	ASO_G0229847_AD_04	Targeted lncRNA	r10b0ADp6	0.879799	0.889602	0.880306	0.905787	0.906067	0.912245	0.981401	0.972696	1.052277	1.051242	1.126644	1.10141	0.896878	0.907622	0.89883	0.902565	1.026415	1.009168	1.01441	1.005586	0.985536	1.020956	0.988386	1.022635	0.889346	0.922264	1.021245	1.003833
EMX2OS	EMX2OS	ASO_G0229847_AD_05	Targeted lncRNA	r10b0ADp6	0.933624	0.968426	0.971804	1.134762	0.952041	0.906239	0.989177	0.983737	1.045686	1.061419	1.078577	1.065156	0.964937	0.997995	0.963066	1.004998	1.024297	1.108898	1.018936	1.095629	1.018352	1.106082	1.019324	1.108349	0.961375	1.02556	1.013319	1.017426
EMX2OS	EMX2OS	ASO_G0229847_AD_06	Targeted lncRNA	r10b0ADp6	0.906534	1.043317	0.910891	0.964458	1.031696	0.987463	1.000771	0.987996	1.023198	1.026482	1.010712	1.067198	0.973149	0.982136	0.962678	0.973992	0.960259	1.015934	0.951363	1.003179	0.956258	1.010679	0.955723	1.015446	0.955938	0.965046	1.001677	1.002332
ERVK13-1	ERVK13-1	ASO_G0260565_01	Targeted lncRNA	r15bALLp1	0.970073	0.893064	1.050554	0.988715	0.951306	1.02475	0.999362	1.011106	0.982513	1.01213	0.994177	0.973975	0.991927	1.013008	0.998861	1.007248	1.009244	0.970841	1.012019	0.988758	1.032206	0.972957	1.03202	0.97314	1.017338	1.002555	1.005326	0.997248
ERVK13-1	ERVK13-1	ASO_G0260565_02	Targeted lncRNA	r15bALLp1	1.066623	1.05423	0.992745	0.959974	0.998984	0.988412	1.008317	0.996078	0.998727	0.983625	1.006429	0.990319	0.999138	0.968184	0.996582	0.971423	1.00034	0.98742	1.007184	0.991684	0.976472	0.991369	0.97788	0.99102	0.981216	0.974738	1.01559	0.996225
ERVK13-1	ERVK13-1	ASO_G0260565_03	Targeted lncRNA	r15bALLp1	0.930349	0.945196	0.968951	0.962645	0.951018	0.961067	0.989568	0.987302	1.072038	1.028705	1.042632	1.029654	0.955368	0.952765	0.951912	0.949757	1.006444	1.003004	1.009377	1.00471	1.006579	1.005065	1.010889	1.006365	0.963065	0.960603	1.006176	1.002846
ERVK13-1	ERVK13-1	ASO_G0260565_04	Targeted lncRNA	r15bALLp1	0.965404	0.964911	1.052496	1.08847	1.011595	1.049161	1.009123	1.013592	1.017402	0.934492	0.997343	0.940472	1.034638	1.070123	1.032786	1.073684	1.006856	1.012846	1.009342	1.002138	1.00561	1.027748	1.007094	1.019088	1.022222	1.072504	1.004141	0.992153
ERVK13-1	ERVK13-1	ASO_G0260565_07	Targeted lncRNA	r15bALLp1	1.004869	1.042152	1.005535	1.069875	0.942097	1.04196	0.985633	1.012208	1.014947	0.987433	1.030544	0.980198	0.969016	1.05934	0.976608	1.060587	1.022957	1.005686	1.021146	1.003007	1.023088	0.996262	1.021745	0.995113	0.983278	1.052391	1.006748	1.001634
ERVK13-1	ERVK13-1	ASO_G0260565_AD_02	Targeted lncRNA	r10b0ADp4	1.001997	0.931653	0.919553	0.969924	0.905899	0.984611	0.978216	0.991201	1.031421	1.015193	1.069155	1.017659	0.901475	0.977819	0.909187	0.976401	1.007419	1.000181	1.002552	0.992114	0.999815	0.989369	1.009598	0.996062	0.921864	0.983646	1.010507	1.000733
ERVK13-1	ERVK13-1	ASO_G0260565_AD_04	Targeted lncRNA	r10b0ADp4	0.938498	0.952708	1.02265	0.997965	1.028757	0.932208	1.009743	0.991792	1.00039	1.017913	1.008653	1.042219	1.034424	0.966506	1.025511	0.967998	1.014629	1.034298	1.007762	1.033653	0.983803	1.016331	0.982646	1.019671	1.011419	0.972268	1.010147	1.015234
ERVK13-1	ERVK13-1	ASO_G0260565_AD_06	Targeted lncRNA	r10b0ADp4	0.82083	0.834456	0.95283	0.918552	0.984737	0.948855	0.991707	0.979248	1.041318	1.078892	1.104937	1.12704	0.975392	0.931035	0.960927	0.920092	0.975098	0.97622	0.991441	0.987178	0.996999	0.985895	0.999746	0.990709	0.964136	0.920425	1.01508	1.021999
ERVK13-1	ERVK13-1	ASO_G0260565_AD_07	Targeted lncRNA	r10b0ADp4	0.903523	0.905929	1.05228	1.058337	1.041624	1.015744	1.006363	1.00453	0.983825	0.998094	0.986707	1.003553	1.046904	1.03887	1.047062	1.037244	1.006884	1.021158	1.002223	1.023525	0.993467	1.011256	0.992718	1.016243	1.026337	1.022733	1.005129	1.010823
ERVK13-1	ERVK13-1	ASO_G0260565_AD_08	Targeted lncRNA	r10b0ADp4	0.845294	0.877231	1.038213	1.024051	0.991931	0.961264	1.00528	0.994718	1.006751	1.017631	0.98564	1.054128	1.016543	0.993651	1.021965	1.002719	1.027904	1.047106	1.010954	1.038065	1.010758	1.014008	1.019246	1.012967	1.028525	0.992359	1.003163	1.014788
ERVK3-1	ERVK3-1	ASO_G0142396_01	Targeted lncRNA	r1b0p1	1.01657	0.850426	1.043528	0.985348	1.052922	1.065541	1.006142	1.013584	1.015123	0.899293	0.994438	0.982181	1.052936	1.032275	1.04828	1.025438	0.999634	0.970428	1.00151	0.991688	0.993476	0.956549	0.987335	0.953284	1.036767	0.998958	0.999366	1.009321
ERVK3-1	ERVK3-1	ASO_G0142396_02	Targeted lncRNA	r1b0p1	1.034096	0.947236	0.962904	1.10397	0.91588	0.916869	0.985097	0.987537	1.070976	1.022092	1.051084	1.058183	0.939827	0.996833	0.942685	0.997738	1.01297	1.073208	1.017447	1.063674	1.016033	1.074817	1.023419	1.078236	0.95128	1.006009	1.008547	1.016818
ERVK3-1	ERVK3-1	ASO_G0142396_03	Targeted lncRNA	r1b0p1	1.012275	0.797056	0.873008	0.87769	0.864726	0.916112	0.965992	0.96681	1.082	1.029433	1.134975	1.120117	0.86356	0.897952	0.858794	0.895468	0.983334	0.97024	0.999265	0.983047	1.012974	0.990562	1.021311	1.00426	0.882337	0.901462	1.012705	1.017053
ERVK3-1	ERVK3-1	ASO_G0142396_06	Targeted lncRNA	r1b0p1	1.083128	1.009206	1.019443	0.959863	1.0078	1.000754	1.001899	0.998187	1.042694	1.009971	1.03021	1.023544	1.022729	0.985514	1.022578	0.985742	1.013542	0.995874	1.022297	0.995264	0.988671	0.984183	0.991294	0.983605	1.000099	0.969037	1.014326	1.005173
ERVK3-1	ERVK3-1	ASO_G0142396_08	Targeted lncRNA	r1b0p1	0.792521	0.864611	0.808312	0.856288	0.756549	0.790839	0.932389	0.945116	1.147403	1.11519	1.221443	1.216931	0.762644	0.807297	0.768958	0.805102	1.02412	1.029157	1.018863	1.025403	1.035111	1.039482	1.050536	1.051365	0.813857	0.839811	1.016173	1.025087
ERVK3-1	ERVK3-1	ASO_G0142396_AD_01	Targeted lncRNA	r10b0ADp1	0.46367	0.429223	1.014043	0.977301	0.932387	0.933172	0.96072	0.98006	1.013983	1.017152	1.023206	1.035828	0.94034	0.923159	0.943985	0.923757	1.000417	0.973595	0.978499	0.97084	1.086296	1.02145	1.073793	1.010598	1.012211	0.964544	0.967238	0.981684
ERVK3-1	ERVK3-1	ASO_G0142396_AD_02	Targeted lncRNA	r10b0ADp1	0.947631	0.945441	1.011588	1.043325	0.981372	1.034337	0.996773	0.991436	0.973436	0.965951	0.979788	0.966261	0.996373	1.032002	0.994346	1.029386	1.019163	1.00593	1.002066	1.000865	1.037623	1.051047	1.027518	1.045798	1.011525	1.034702	0.979626	0.983748
ERVK3-1	ERVK3-1	ASO_G0142396_AD_05	Targeted lncRNA	r10b0ADp1	1.027939	0.986752	0.941866	0.978445	0.986127	0.956161	0.988251	0.989273	0.980257	1.007889	1.019978	1.032768	0.965279	0.953244	0.959678	0.950847	0.984776	1.004691	0.99125	1.00706	1.002628	1.031514	0.994819	1.02692	0.965706	0.973787	0.987588	0.997094
ERVK3-1	ERVK3-1	ASO_G0142396_AD_07	Targeted lncRNA	r10b0ADp1	0.994765	0.943316	0.957664	1.053332	0.978988	0.940727	0.986879	0.980962	1.008431	1.023366	1.020016	1.038363	0.965268	0.98278	0.962223	0.986018	1.003792	1.064668	0.987001	1.050881	1.016689	1.046382	1.012204	1.045015	0.982989	0.991382	0.985241	1.005513
ERVK3-1	ERVK3-1	ASO_G0142396_AD_08	Targeted lncRNA	r10b0ADp1	1.033637	0.987431	0.996014	1.059524	0.983852	1.043837	0.9881	0.997647	0.99889	0.985272	1.008844	0.975203	0.984949	1.046855	0.981444	1.04408	1.010509	1.018042	1.010247	1.013063	1.032899	1.02386	1.030495	1.02054	1.003139	1.040745	0.992216	0.993892
FBXL19-AS1	FBXL19-AS1	ASO_G0260852_01	Targeted lncRNA	r3b2p4	0.993017	1.104045	0.889174	0.876525	0.936526	1.014274	0.988655	1.000559	1.040548	0.991376	1.056322	1.01954	0.922969	0.956273	0.918483	0.951025	0.982492	0.95338	0.989315	0.9641	0.975795	0.932775	0.980525	0.944631	0.924979	0.932915	1.008251	1.003939
FBXL19-AS1	FBXL19-AS1	ASO_G0260852_02	Targeted lncRNA	r3b2p4	0.937419	0.936924	0.926679	0.930968	0.9957	0.976352	0.999159	0.990864	1.031518	1.02939	1.047414	1.075096	0.966252	0.954489	0.964209	0.951327	0.966347	1.004458	0.984215	1.010137	0.966997	0.972525	0.976225	0.978971	0.94935	0.938233	1.013043	1.019719
FBXL19-AS1	FBXL19-AS1	ASO_G0260852_04	Targeted lncRNA	r3b2p4	0.949889	0.963844	0.915029	0.980606	0.983568	1.007034	0.995317	0.996921	1.005491	1.011546	1.061783	1.017941	0.959995	1.000876	0.950233	0.996389	0.976817	0.990597	0.984419	0.99316	0.968445	0.993952	0.975009	0.999316	0.939118	0.999583	1.013972	1.001053
FBXL19-AS1	FBXL19-AS1	ASO_G0260852_07	Targeted lncRNA	r3b2p4	0.890445	0.867195	0.896843	0.941856	0.88153	0.891011	0.969316	0.968007	1.070998	1.08089	1.142483	1.110365	0.880582	0.893308	0.878777	0.895378	1.023636	1.015646	1.018923	1.008713	0.995404	1.011883	1.004275	1.017016	0.889272	0.921278	1.021263	1.011425
FBXL19-AS1	FBXL19-AS1	ASO_G0260852_08	Targeted lncRNA	r3b2p4	0.829411	0.929055	0.978895	0.932162	0.906352	0.889354	0.982019	0.969416	1.039902	1.046956	1.066139	1.08441	0.947334	0.903809	0.95074	0.902679	1.04454	1.01419	1.043176	1.006829	1.022242	1.034846	1.034096	1.047834	0.956124	0.945964	1.015053	1.00167
FBXL19-AS1	FBXL19-AS1	ASO_G0260852_AD_01	Targeted lncRNA	r15bALLp5	0.965364	0.991371	1.010713	0.983803	1.02521	1.058638	1.013556	1.008824	0.965292	0.993349	0.957549	0.994174	1.018909	1.033548	1.019542	1.030182	0.978711	0.98377	0.978833	0.990996	0.995261	0.957743	0.996661	0.958242	1.020872	0.994855	0.995725	1.007473
FBXL19-AS1	FBXL19-AS1	ASO_G0260852_AD_02	Targeted lncRNA	r15bALLp5	0.886805	1.095779	1.083911	0.94257	1.037602	1.006994	1.012911	0.993502	0.98445	0.99473	0.995409	0.997124	1.069288	0.975699	1.065528	0.968658	1.0178	0.977009	1.019807	0.980957	1.005887	0.978931	1.002066	0.975378	1.038976	0.964005	1.011799	0.993784
FBXL19-AS1	FBXL19-AS1	ASO_G0260852_AD_03	Targeted lncRNA	r15bALLp5	0.871107	0.867822	1.002163	1.074997	0.9874	1.001135	1.000137	1.00163	0.989551	0.982222	0.99781	1.021294	1.000824	1.050942	0.996282	1.056325	0.995775	1.01409	0.997482	1.024675	1.002639	0.99789	1.003411	1.00228	0.994596	1.031863	1.001157	1.021883
FBXL19-AS1	FBXL19-AS1	ASO_G0260852_AD_05	Targeted lncRNA	r15bALLp5	1.139148	1.017907	0.98756	1.01503	1.009864	1.012648	1.008265	0.993044	0.986796	0.984548	0.988408	0.984084	1.00422	1.006012	1.002705	1.004302	0.985057	0.996345	0.98746	0.998105	0.987528	1.035829	0.982704	1.033799	0.995332	1.022577	0.9947	0.985801
FBXL19-AS1	FBXL19-AS1	ASO_G0260852_AD_09	Targeted lncRNA	r15bALLp5	0.946385	1.041743	0.944222	0.967366	1.009341	0.991389	1.003324	1.010723	1.025256	0.968851	1.008924	1.00536	0.986044	0.988297	0.976876	0.987903	0.974494	0.98393	0.986213	0.993358	0.961112	0.959971	0.964407	0.970013	0.963805	0.972543	1.002783	1.016696
FGD5-AS1	FGD5-AS1	ASO_G0225733_01	Targeted lncRNA	r1b0p6	0.996273	0.937752	1.007758	1.100502	0.99161	0.974009	0.997085	0.986359	1.010215	1.015328	1.001488	1.006903	0.999384	1.033689	0.996288	1.034911	1.003484	1.056151	1.007892	1.04548	1.031973	1.068005	1.020111	1.05969	1.002965	1.04112	0.992145	0.991997
FGD5-AS1	FGD5-AS1	ASO_G0225733_02	Targeted lncRNA	r1b0p6	1.055228	1.06079	1.109024	0.929651	1.00003	0.973968	0.995751	0.994717	1.069653	1.03775	0.998908	1.041247	1.047466	0.951786	1.048138	0.950057	1.04452	0.987823	1.039287	0.997899	1.061673	0.975035	1.061245	0.978414	1.060287	0.94546	0.991412	1.010936
FGD5-AS1	FGD5-AS1	ASO_G0225733_03	Targeted lncRNA	r1b0p6	0.991797	0.93259	1.018553	0.901653	0.935989	0.94632	0.98413	0.998699	1.014162	1.012735	1.034714	1.085084	0.96308	0.926776	0.965702	0.919631	1.022632	0.971009	1.020361	0.988548	1.028144	0.940668	1.034656	0.947815	0.992294	0.906779	1.010023	1.028413
FGD5-AS1	FGD5-AS1	ASO_G0225733_04	Targeted lncRNA	r1b0p6	0.890863	0.917418	1.000594	1.010015	1.003525	0.987355	1.000146	0.992393	1.002071	0.977561	1.03859	1.018258	1.009213	0.996057	1.005667	0.999604	0.997744	1.015701	1.007973	1.016684	0.9872	1.027501	0.987936	1.031515	0.988207	0.997695	1.017777	1.005318
FGD5-AS1	FGD5-AS1	ASO_G0225733_05	Targeted lncRNA	r1b0p6	0.988038	1.008518	0.965421	0.988761	1.004826	0.977848	0.997553	0.996026	1.024043	0.995882	1.009428	1.028581	0.993279	0.989692	0.992431	0.991777	0.974558	1.005085	0.981848	1.015518	1.002129	1.00615	1.007437	1.008933	1.002879	0.988073	0.998068	1.009423
FGD5-AS1	FGD5-AS1	ASO_G0225733_AD_03	Targeted lncRNA	r10b0ADp6	0.865823	0.839812	0.764954	0.806928	0.843876	0.832398	0.961179	0.971549	1.146317	1.116319	1.25758	1.235796	0.802893	0.815427	0.811672	0.82573	1.00219	1.029473	1.010443	1.031104	0.890076	0.921755	0.908452	0.937858	0.779424	0.806454	1.066238	1.062679
FGD5-AS1	FGD5-AS1	ASO_G0225733_AD_04	Targeted lncRNA	r10b0ADp6	1.00683	0.905865	0.980799	1.025402	1.003188	1.000196	0.991043	0.999533	1.011507	1.018946	1.025153	1.023399	0.991801	1.011032	0.985095	1.006661	0.986512	1.014975	0.987374	1.002555	1.020968	1.016741	1.013623	1.021181	0.997326	1.01002	0.993446	1.002616
FGD5-AS1	FGD5-AS1	ASO_G0225733_AD_06	Targeted lncRNA	r10b0ADp6	0.72541	0.638268	0.888133	0.9496	0.961729	0.965423	0.990099	0.989247	1.042361	1.06061	1.117502	1.120731	0.928666	0.965261	0.914887	0.943134	0.959587	0.999592	0.978208	1.012825	0.97787	0.998975	0.980321	0.996839	0.904572	0.927784	1.019252	1.020855
FGD5-AS1	FGD5-AS1	ASO_G0225733_AD_07	Targeted lncRNA	r10b0ADp6	0.848559	0.835077	0.944817	0.936291	0.987914	0.987114	0.994416	0.984205	1.01268	1.025165	1.042566	1.066715	0.966496	0.96414	0.95277	0.957199	0.987772	0.987743	0.981683	0.986705	1.030408	0.996507	1.021416	0.996237	0.966642	0.951924	0.990439	1.007163
FGD5-AS1	FGD5-AS1	ASO_G0225733_AD_08	Targeted lncRNA	r10b0ADp6	0.975834	0.97902	1.053961	0.981902	0.934545	0.997209	0.984059	1.002708	1.030846	0.994039	1.043199	1.040981	0.985551	0.998263	0.983652	0.99326	1.053602	1.008459	1.039786	1.011973	1.074973	0.992826	1.075381	0.993199	1.005359	0.971278	0.999671	1.017647
FLVCR1-DT	FLVCR1-AS1	ASO_G0198468_01	Targeted lncRNA	r5b3p4	0.977127	1.068853	0.966002	0.967827	0.9749	1.009251	0.996011	0.991209	1.012708	1.00312	1.043035	1.020703	0.970688	0.993308	0.967674	0.991371	0.989605	0.989712	0.99206	0.987609	0.985054	0.986433	0.980929	0.984184	0.977226	0.984122	1.014796	1.003787
FLVCR1-DT	FLVCR1-AS1	ASO_G0198468_03	Targeted lncRNA	r5b3p4	0.917576	0.912195	1.056148	0.990276	0.988206	1.000374	1.006259	1.005572	1.01109	1.00966	1.02193	1.021346	1.016899	1.003952	1.016736	1.004508	1.009804	1.005013	1.021341	1.009669	1.011647	0.977994	1.016879	0.980265	1.015766	0.99008	1.013432	1.012698
FLVCR1-DT	FLVCR1-AS1	ASO_G0198468_06	Targeted lncRNA	r5b3p4	0.909365	0.94043	0.929573	0.987583	0.992951	0.990338	0.999463	0.999215	1.027459	0.993317	1.058163	1.020414	0.966054	0.989884	0.959365	0.988395	0.974949	1.00395	0.98873	1.001512	0.943847	0.988584	0.952628	0.995511	0.944145	0.985306	1.017309	1.01445
FLVCR1-DT	FLVCR1-AS1	ASO_G0198468_07	Targeted lncRNA	r5b3p4	0.923338	0.911934	0.917377	1.055737	0.951253	1.017703	0.990594	1.003157	1.02281	0.993475	1.024092	1.003434	0.925587	1.05433	0.929874	1.053784	0.965019	1.016784	0.978162	1.023091	0.969115	1.009713	0.980339	1.009443	0.937222	1.037314	1.015341	1.006683
FLVCR1-DT	FLVCR1-AS1	ASO_G0198468_09	Targeted lncRNA	r5b3p4	0.954422	0.847201	0.886583	0.989091	0.901685	0.934413	0.983607	0.982533	1.047278	1.014747	1.090211	1.054018	0.885989	0.953527	0.888274	0.95957	0.995318	1.014568	0.997562	1.013879	0.981183	1.025468	0.991871	1.038238	0.90528	0.980972	1.018366	1.012155
FOXN3-AS1	FOXN3-AS1	ASO_G0258920_01	Targeted lncRNA	r9b8p1	0.906276	0.9334	0.977494	1.009741	1.020051	1.050104	0.998969	1.006798	0.964394	0.955439	0.95296	0.950272	0.999624	1.033686	1.006875	1.039467	0.9855	0.994527	0.979001	0.989586	1.007818	1.005876	0.999993	1.004263	1.012849	1.024883	0.975162	0.978332
FOXN3-AS1	FOXN3-AS1	ASO_G0258920_02	Targeted lncRNA	r9b8p1	1.030948	0.96491	0.895967	0.973349	0.976149	1.010506	0.994408	1.005162	0.995248	1.008674	1.015629	0.992743	0.938576	1.004116	0.937946	0.998791	0.970098	0.987894	0.969771	0.993303	0.979805	0.99141	0.977805	0.990125	0.939219	0.983301	0.995769	0.994319
FOXN3-AS1	FOXN3-AS1	ASO_G0258920_03	Targeted lncRNA	r9b8p1	1.013369	0.872016	1.007933	1.005662	0.991696	1.038441	0.992421	1.00195	0.981174	0.955336	0.958677	0.962155	0.993585	1.034586	0.997025	1.03419	1.005571	0.992151	0.993749	0.990444	1.027503	1.030668	1.021898	1.02385	1.010695	1.028831	0.975554	0.980673
FOXN3-AS1	FOXN3-AS1	ASO_G0258920_07	Targeted lncRNA	r9b8p1	0.98767	0.877198	0.947479	0.994637	1.047339	1.05207	1.005237	1.002715	0.947922	0.988885	0.946295	1.01071	1.00046	1.031584	0.998933	1.022039	0.955399	0.97949	0.951375	0.984007	0.988568	0.997786	0.977161	0.993083	1.000706	1.006796	0.963734	0.991953
FOXN3-AS1	FOXN3-AS1	ASO_G0258920_08	Targeted lncRNA	r9b8p1	-0.113564	-0.190005	0.783133	0.736304	0.90023	0.861593	0.958153	0.9329	1.088328	1.132368	1.125182	1.236974	0.830754	0.781012	0.813356	0.76296	0.873029	0.874506	0.90016	0.911423	0.928994	0.890979	0.937782	0.908677	0.870078	0.790298	1.001551	1.030312
FOXN3-AS1	FOXN3-AS1	ASO_G0258920_AD_02	Targeted lncRNA	r11b1ADp5	0.907823	0.932968	1.015467	1.053451	1.043107	1.049662	1.011891	0.998569	0.994035	0.964147	0.974668	0.941556	1.034295	1.037126	1.028862	1.038572	0.981143	0.9942	0.988545	0.97528	0.988052	1.035416	0.977752	1.025049	1.014444	1.052613	0.989981	0.965655
FOXN3-AS1	FOXN3-AS1	ASO_G0258920_AD_07	Targeted lncRNA	r11b1ADp5	0.774004	0.792809	0.930606	0.896485	0.996483	0.99618	0.99427	0.979256	1.009889	1.030076	1.018384	1.02746	0.955175	0.937692	0.949604	0.92466	0.948031	0.947447	0.954915	0.948278	0.989329	0.951287	0.979207	0.956167	0.962075	0.937492	0.978221	0.990811
FOXN3-AS1	FOXN3-AS1	ASO_G0258920_AD_09	Targeted lncRNA	r11b1ADp5	0.864515	0.938702	0.992941	0.990755	1.048118	1.02985	1.010964	0.99373	0.992918	0.971786	0.999969	0.95839	1.020451	1.009617	1.007041	1.009958	0.978	0.992083	0.980564	0.984744	0.977526	1.024481	0.965441	1.0169	0.987776	1.022819	0.994726	0.975702
FOXN3-AS1	FOXN3-AS1	ASO_G0258920_AD_10	Targeted lncRNA	r11b1ADp5	0.863634	0.97881	1.020112	0.959175	1.035139	1.023579	1.001849	1.001541	0.983932	1.014671	0.952933	0.998793	1.02414	0.998149	1.021539	0.988985	0.999899	0.98319	0.996904	0.993544	1.021	0.996445	1.01645	0.991203	1.01849	0.981734	0.984632	0.984452
FTX	FTX	ASO_G0230590_01	Targeted lncRNA	r1b0p6	0.886625	0.841079	0.993646	0.930453	0.902921	0.89348	0.977676	0.975539	1.086856	1.049162	1.063806	1.104442	0.933407	0.900885	0.935228	0.899793	1.035332	1.012374	1.029407	1.021401	1.040791	1.012717	1.051655	1.01671	0.964775	0.913847	1.004801	1.013096
FTX	FTX	ASO_G0230590_02	Targeted lncRNA	r1b0p6	0.860227	0.892041	0.977149	0.943376	1.040951	1.019986	1.007554	1.000301	1.020386	0.960447	1.004028	1.025843	1.010593	0.993127	1.002365	0.986017	0.966385	0.966718	0.983736	0.982345	0.961334	0.94484	0.962368	0.948529	0.992909	0.968133	1.008408	1.015456
FTX	FTX	ASO_G0230590_03	Targeted lncRNA	r1b0p6	0.984364	0.830474	1.064098	1.017433	0.994028	1.050719	0.999481	1.009934	1.020108	0.986026	0.990795	0.982939	1.019769	1.033534	1.015862	1.035913	1.04664	0.973829	1.040242	0.980397	1.053442	0.966539	1.039448	0.968127	1.024801	1.027524	0.994137	1.005231
FTX	FTX	ASO_G0230590_05	Targeted lncRNA	r1b0p6	0.972675	0.843029	0.983579	1.064624	0.983162	1.003332	0.988347	0.993797	1.063247	0.996447	1.053048	0.980566	0.979399	1.015268	0.973419	1.017245	1.006376	1.027967	1.013977	1.015018	1.017855	1.047769	1.021062	1.048901	0.972486	1.039121	1.001466	0.997901
FTX	FTX	ASO_G0230590_06	Targeted lncRNA	r1b0p6	0.836176	0.832094	0.927839	1.014094	0.936006	0.884466	0.987384	0.969631	1.06001	1.059915	1.105721	1.079103	0.930385	0.925463	0.91924	0.927569	0.996447	1.048982	1.010078	1.040497	0.98161	1.108292	0.990728	1.104892	0.919023	0.968753	1.021585	0.989756
FTX	FTX	ASO_G0230590_AD_02	Targeted lncRNA	r10b0ADp6	1.05782	0.946531	1.013558	1.081672	1.01177	1.069311	0.984463	1.01051	1.020564	0.970857	1.021628	0.944639	1.011417	1.076867	1.009247	1.07315	1.00886	1.003807	0.996146	0.996645	1.005398	1.024003	1.011544	1.017963	1.015154	1.070461	1.003454	0.991731
FTX	FTX	ASO_G0230590_AD_03	Targeted lncRNA	r10b0ADp6	1.013025	1.042657	1.069956	1.076936	0.984555	1.031827	0.992717	1.006589	1.016795	1.003064	1.048861	0.997593	1.012648	1.059712	1.007285	1.051868	1.037168	1.017065	1.029616	1.009853	1.023793	1.026035	1.028671	1.018072	1.004595	1.048561	1.014324	0.997785
FTX	FTX	ASO_G0230590_AD_04	Targeted lncRNA	r10b0ADp6	1.044288	0.916581	1.037954	1.037666	1.079523	1.060703	1.008533	1.001135	0.960745	1.026596	0.987568	0.995508	1.072199	1.05688	1.065374	1.049022	0.991301	0.985141	0.992109	0.992186	0.997305	1.000819	0.989214	0.99609	1.044105	1.041645	1.003766	0.998601
FTX	FTX	ASO_G0230590_AD_07	Targeted lncRNA	r10b0ADp6	0.891136	0.855836	1.106933	1.076267	1.040711	1.09432	1.001441	1.019717	0.986969	0.969726	1.00302	0.966988	1.067083	1.106071	1.063438	1.093637	1.040634	1.009685	1.027418	1.006606	1.040385	0.998745	1.03305	0.986437	1.055793	1.060653	1.002787	0.998081
FTX	FTX	ASO_G0230590_AD_08	Targeted lncRNA	r10b0ADp6	1.057425	1.032686	1.067668	1.066951	0.983201	1.057937	0.998356	1.013834	1.011141	0.978477	1.037187	0.985678	1.024882	1.068831	1.022692	1.065731	1.045999	1.015435	1.043343	1.006979	1.040678	0.997234	1.041199	0.995551	1.020101	1.041006	1.01637	1.014138
GAS6-DT	GAS6-AS2	ASO_G0272695_01	Targeted lncRNA	r14b9plusp2	0.849646	0.835578	0.963781	0.948891	0.960511	0.95408	0.985525	0.981661	1.039563	1.011434	1.067896	1.047839	0.958027	0.934775	0.949613	0.935741	0.986476	0.994054	0.986747	0.993406	1.004045	0.989707	1.001136	0.990939	0.969218	0.943715	0.998424	1.005362
GAS6-DT	GAS6-AS2	ASO_G0272695_02	Targeted lncRNA	r14b9plusp2	0.993004	0.955437	1.032969	1.022238	0.982666	1.043544	0.999363	1.011608	1.01436	1.003701	1.032689	0.978427	1.010924	1.03383	1.004804	1.030996	1.025211	0.983484	1.027627	0.988989	0.999389	0.989977	0.999672	0.981633	0.994084	1.025434	1.017981	0.993603
GAS6-DT	GAS6-AS2	ASO_G0272695_03	Targeted lncRNA	r14b9plusp2	0.965207	0.995256	1.027255	1.047412	1.00145	1.007367	1.004701	1.010217	0.977697	0.964239	0.986722	0.958337	1.011202	1.020933	1.011433	1.030718	1.009413	1.019442	1.001717	1.009304	1.026183	1.01853	1.020018	1.014215	1.015994	1.030055	0.99675	1.000998
GAS6-DT	GAS6-AS2	ASO_G0272695_04	Targeted lncRNA	r14b9plusp2	0.946338	1.000798	1.026559	0.996806	0.97447	1.053335	0.991237	1.009611	1.012216	0.967235	1.018117	0.976504	0.986553	1.032654	0.983024	1.025368	1.016479	0.982941	1.019231	0.988608	1.030677	0.99357	1.027526	0.983953	0.992512	1.006692	0.999784	0.989884
GAS6-DT	GAS6-AS2	ASO_G0272695_05	Targeted lncRNA	r14b9plusp2	0.961349	0.977766	0.869043	0.958492	0.888029	0.899431	0.979438	0.984899	1.064524	1.043455	1.127116	1.092989	0.871748	0.911639	0.869682	0.911107	0.990309	1.015337	1.004066	1.024859	0.960789	1.00666	0.973136	1.007959	0.867665	0.925037	1.031668	1.025886
GS1-124K5.4	GS1-124K5.4	ASO_G0237310_05	Targeted lncRNA	r7b6p1	0.944896	0.908841	1.007638	0.968682	0.992917	1.053605	1.00429	1.004094	0.987784	0.973363	1.007759	1.020833	0.994929	1.009843	0.998072	1.000506	1.004083	0.975152	1.007711	0.98446	1.011828	0.976472	1.010526	0.973276	0.987424	0.983264	0.996187	0.9984
GS1-124K5.4	GS1-124K5.4	ASO_G0237310_06	Targeted lncRNA	r7b6p1	0.801553	0.779933	0.98894	0.977064	0.958433	0.943197	0.994103	0.987469	0.99751	1.01977	1.045788	1.082951	0.961401	0.949002	0.95961	0.948892	1.00016	1.012458	1.007889	1.015869	1.004956	1.009825	1.008737	1.016316	0.964701	0.952851	1.012912	1.018344
GS1-124K5.4	GS1-124K5.4	ASO_G0237310_07	Targeted lncRNA	r7b6p1	0.721513	0.680065	0.994674	0.92894	0.932287	0.94221	0.98654	0.982342	1.036391	1.019605	1.084975	1.076051	0.956474	0.927319	0.950696	0.924318	1.011378	0.988005	1.014868	0.995242	1.023131	0.987537	1.025775	0.986895	0.965617	0.928158	1.011355	1.009579
GS1-124K5.4	GS1-124K5.4	ASO_G0237310_08	Targeted lncRNA	r7b6p1	0.654065	0.684801	0.901372	0.985886	0.909355	0.951328	0.992046	0.987054	1.063425	1.02715	1.138407	1.087871	0.907059	0.962316	0.893266	0.954941	0.989701	1.010975	1.004402	1.021991	0.948978	1.008994	0.957901	1.01639	0.891736	0.953186	1.035713	1.025447
GS1-124K5.4	GS1-124K5.4	ASO_G0237310_09	Targeted lncRNA	r7b6p1	0.721758	0.754371	1.068451	1.008842	0.972622	0.959356	0.99396	0.994993	0.98939	1.026857	1.027801	1.062882	1.001721	0.983649	1.008467	0.978142	1.029181	1.017921	1.024633	1.024399	1.040461	1.015235	1.045225	1.016969	1.0134	0.976644	1.01251	1.014082
GS1-124K5.4	GS1-124K5.4	ASO_G0237310_AD_02	Targeted lncRNA	r13b3ADp4	0.923096	0.987627	0.94652	1.044224	1.047979	1.010852	1.004257	0.994951	0.993275	1.000373	1.022956	1.000153	1.000265	1.024044	0.994987	1.017722	0.953514	1.016612	0.978662	1.0072	0.925415	1.037546	0.93368	1.029833	0.966308	1.025432	1.01862	0.98273
GS1-124K5.4	GS1-124K5.4	ASO_G0237310_AD_03	Targeted lncRNA	r13b3ADp4	0.908221	0.926861	1.020772	1.03359	1.060961	1.040743	1.007328	1.007517	0.979109	1.005905	0.971052	1.025381	1.046592	1.03528	1.034378	1.017723	0.994742	1.006943	0.989877	1.014931	1.00886	0.999506	1.002038	0.99357	1.032016	1.000356	0.991911	1.002889
GS1-124K5.4	GS1-124K5.4	ASO_G0237310_AD_05	Targeted lncRNA	r13b3ADp4	0.807145	0.809935	0.964737	1.019593	1.015232	1.027392	1.006097	0.996978	1.000144	0.980391	1.015155	0.986939	0.992697	1.01068	0.984151	0.992356	0.97477	0.988293	0.993598	0.991244	0.975067	1.035484	0.972106	1.027871	0.968796	1.007632	1.00909	0.975919
GS1-124K5.4	GS1-124K5.4	ASO_G0237310_AD_08	Targeted lncRNA	r13b3ADp4	0.841536	0.839406	0.991525	0.920663	1.012501	0.998618	0.992776	0.99579	1.001028	1.004829	1.005709	1.049786	1.002058	0.953644	0.990271	0.940562	0.975607	0.95535	0.983165	0.973642	1.016586	0.972605	1.013597	0.969359	1.010458	0.938436	0.98479	1.002769
GS1-124K5.4	GS1-124K5.4	ASO_G0237310_AD_10	Targeted lncRNA	r13b3ADp4	0.915765	0.954592	0.984663	0.973583	0.994609	1.031696	0.986889	0.997806	1.001038	1.008792	1.013142	1.020285	0.981319	1.001924	0.969409	0.987886	0.984009	0.977	0.983602	0.990536	1.000472	0.991603	1.000635	0.985946	0.985666	0.980578	0.988255	1.001466
OTUD6B-AS1	GS1-251I9.4	ASO_G0253738_01	Targeted lncRNA	r3b2p3	1.146006	0.999851	0.950405	0.996365	1.01886	0.985063	0.997765	0.994047	0.97029	0.97743	0.996631	0.988435	0.989866	0.980733	0.988764	0.981769	0.97823	0.994286	0.987339	0.992921	0.971031	1.029005	0.97114	1.028034	0.978397	1.009155	1.000787	0.98844
OTUD6B-AS1	GS1-251I9.4	ASO_G0253738_02	Targeted lncRNA	r3b2p3	1.033769	1.090776	0.987646	0.990776	1.058736	0.973668	1.006388	0.999911	1.035454	0.986299	1.030543	1.025795	1.030858	0.970093	1.026051	0.971174	0.982014	0.992358	1.001213	1.005005	0.959145	0.996762	0.958951	1.002228	0.984761	0.979773	1.015315	1.016622
OTUD6B-AS1	GS1-251I9.4	ASO_G0253738_03	Targeted lncRNA	r3b2p3	0.992469	1.138145	0.959609	0.984925	1.029943	0.971224	1.00587	0.995898	1.019661	1.008927	1.03982	1.019034	1.008214	0.979556	1.00572	0.984823	0.972983	1.013439	0.994707	1.004894	0.985088	1.012636	0.983477	1.009339	0.994307	0.986446	1.009752	1.000593
OTUD6B-AS1	GS1-251I9.4	ASO_G0253738_05	Targeted lncRNA	r3b2p3	0.99872	1.053163	0.937055	0.960254	1.022174	1.015999	1.007803	1.006307	0.998295	1.039486	1.047767	1.011025	0.983585	0.986072	0.980114	0.985155	0.960204	0.97922	0.981804	0.973015	0.945387	0.968789	0.950274	0.975241	0.950173	0.987641	1.028156	1.003423
OTUD6B-AS1	GS1-251I9.4	ASO_G0253738_07	Targeted lncRNA	r3b2p3	1.120291	1.181333	0.97749	1.00535	0.895128	0.92912	0.973212	0.976927	1.034796	1.030309	1.063115	0.996376	0.915286	0.947397	0.924681	0.954776	1.039461	1.031727	1.015592	1.004154	1.050437	1.072236	1.052267	1.073501	0.965024	1.011387	1.002856	0.982339
HCG11	HCG11	ASO_G0228223_01	Targeted lncRNA	r1b0p2	1.08291	1.181446	0.943582	0.95411	1.027933	1.038175	1.011269	1.004056	0.965173	0.978729	0.997786	1.007887	0.997812	1.00667	0.994066	0.998267	0.964021	0.97801	0.9766	0.984761	0.935943	0.971074	0.943263	0.972788	0.976956	0.985395	1.019515	0.999809
HCG11	HCG11	ASO_G0228223_02	Targeted lncRNA	r1b0p2	1.114384	0.999754	1.013393	0.957595	0.908034	0.928805	0.982233	0.982371	0.993843	1.016581	1.031423	1.043159	0.949747	0.930035	0.959651	0.941534	1.066571	1.026313	1.052989	1.034036	1.085574	1.0333	1.084264	1.035465	0.981541	0.946596	1.001628	1.003672
HCG11	HCG11	ASO_G0228223_03	Targeted lncRNA	r1b0p2	1.098361	1.12002	1.007718	1.077769	0.925858	0.830338	0.985811	0.954253	1.015233	1.019474	0.989239	1.02465	0.95698	0.912234	0.956303	0.922862	1.034331	1.090336	1.015644	1.067029	1.070587	1.167215	1.061132	1.163137	0.996419	1.010647	0.973949	0.979933
HCG11	HCG11	ASO_G0228223_05	Targeted lncRNA	r1b0p2	0.978909	0.970039	0.960549	0.939444	0.999514	1.05798	0.996631	0.999016	0.997867	0.935536	1.039744	0.976589	0.985556	1.009414	0.983124	1.003037	0.98298	0.947459	0.996982	0.950485	0.982283	0.984186	0.991326	0.981861	0.973365	1.010512	1.010027	0.986107
HCG11	HCG11	ASO_G0228223_06	Targeted lncRNA	r1b0p2	0.691726	0.780539	0.989777	1.059163	0.92923	0.951152	0.980327	0.989356	1.029114	1.000617	1.049241	0.999485	0.951472	1.001358	0.95188	1.001222	1.023906	1.055344	1.019839	1.042222	1.064366	1.086886	1.055272	1.081936	0.97308	1.025167	0.994751	0.994446
HCG11	HCG11	ASO_G0228223_AD_01	Targeted lncRNA	r10b0ADp2	1.030367	1.036383	1.007131	1.022323	1.012918	0.965298	0.998992	0.995731	0.976704	1.01801	1.014604	1.057002	1.008502	0.996331	1.004799	0.990619	0.988634	1.020438	0.99073	1.029525	1.007974	1.038042	0.99842	1.031198	1.006588	0.99738	0.997931	1.010209
HCG11	HCG11	ASO_G0228223_AD_07	Targeted lncRNA	r10b0ADp2	0.919056	0.889693	1.069855	1.002524	1.005446	1.002515	1.002355	0.99484	0.993297	0.991762	1.026003	1.00852	1.04153	0.996256	1.040717	0.991183	1.030535	0.99368	1.033997	0.994284	1.035233	1.014606	1.031735	1.017973	1.028388	0.999761	1.00874	0.997878
HCG11	HCG11	ASO_G0228223_AD_08	Targeted lncRNA	r10b0ADp2	0.89044	0.834885	1.058364	1.002042	1.061579	0.997837	1.013138	1.006559	0.992593	0.99442	0.986483	1.049533	1.073955	1.012042	1.071363	1.007895	1.033321	1.00666	1.02684	1.009418	1.015084	0.992597	1.002109	0.986293	1.035954	0.990532	0.994634	1.016212
HCG11	HCG11	ASO_G0228223_AD_09	Targeted lncRNA	r10b0ADp2	0.910715	0.855001	0.943363	0.97131	1.00338	0.993557	0.994352	0.994867	0.996834	1.003486	1.01765	1.030755	0.976436	0.983348	0.973199	0.978004	0.960052	0.979575	0.97297	0.994586	0.995175	0.989027	1.002403	0.996911	0.973444	0.978819	0.997337	1.006967
HCG11	HCG11	ASO_G0228223_AD_10	Targeted lncRNA	r10b0ADp2	0.91121	0.870691	1.034459	1.017405	0.964924	0.964162	0.994781	0.995686	0.990417	1.0245	0.989514	1.035566	0.992509	0.993818	0.994123	0.987438	1.012001	1.013457	1.001208	1.018376	1.06698	1.033073	1.069372	1.030943	1.032988	0.997176	0.987535	1.00513
HOXB-AS1	HOXB-AS1	ASO_G0230148_02	Targeted lncRNA	r6b5p1	0.701883	0.653317	0.929278	0.917702	0.982486	0.987098	0.985334	0.991828	1.027109	1.009339	1.013008	1.043718	0.944612	0.947927	0.935135	0.937984	0.951149	0.944062	0.943569	0.950221	1.002345	0.986631	1.006926	0.98748	0.971917	0.956504	0.972234	0.993331
HOXB-AS1	HOXB-AS1	ASO_G0230148_05	Targeted lncRNA	r6b5p1	0.747714	0.771118	1.023635	0.915863	0.972505	0.964451	0.996522	0.985649	1.051182	1.042813	1.073584	1.07968	1.004014	0.936482	0.9937	0.921374	1.009891	0.944408	1.013478	0.957806	1.013999	0.979737	1.004416	0.996269	0.997246	0.95209	1.011136	1.003881
HOXB-AS1	HOXB-AS1	ASO_G0230148_06	Targeted lncRNA	r6b5p1	0.757557	0.694328	0.907813	0.886988	0.985742	0.946727	0.988952	0.97589	1.045278	1.033311	1.103862	1.099608	0.944316	0.908032	0.923484	0.888362	0.952758	0.938339	0.972025	0.954217	0.974736	1.000119	0.984262	1.013457	0.935379	0.923495	1.011711	1.002289
HOXB-AS1	HOXB-AS1	ASO_G0230148_07	Targeted lncRNA	r6b5p1	0.652486	0.64889	0.966037	0.829094	0.983301	0.949439	0.990079	0.98481	1.021665	1.053489	1.079353	1.140617	0.974186	0.885546	0.963141	0.868701	0.97352	0.920444	0.980652	0.942675	1.0262	0.926591	1.026032	0.936701	0.974539	0.872824	0.995547	1.021903
HOXB-AS1	HOXB-AS1	ASO_G0230148_09	Targeted lncRNA	r6b5p1	0.701091	0.761021	0.949949	0.935404	0.945997	0.999998	0.979768	0.994597	1.049467	1.008702	1.084461	1.055579	0.946234	0.9679	0.930844	0.951036	0.975979	0.938012	0.989565	0.956095	0.998905	0.982833	1.00877	0.981211	0.952966	0.965123	1.006096	0.998176
HOXD-AS2	HOXD-AS2	ASO_G0237380_01	Targeted lncRNA	r1b0p3	-0.639688	-0.700374	0.557059	0.553382	0.68197	0.711669	0.891905	0.889974	1.262171	1.224576	1.43647	1.341232	0.586106	0.592605	0.574771	0.579573	0.862688	0.828851	0.903583	0.859359	0.843161	0.852964	0.87667	0.881186	0.625606	0.662697	1.056756	1.022268
HOXD-AS2	HOXD-AS2	ASO_G0237380_02	Targeted lncRNA	r1b0p3	1.107516	1.028628	0.974749	1.02829	0.915491	0.976451	0.989323	0.995638	1.038396	1.01223	1.076082	0.999565	0.944404	0.999991	0.944229	0.998884	1.009002	1.014486	1.010387	1.016854	1.019826	1.018103	1.021292	1.022323	0.965621	1.002028	1.015356	1.003961
HOXD-AS2	HOXD-AS2	ASO_G0237380_04	Targeted lncRNA	r1b0p3	1.23219	0.975075	0.939163	0.956026	0.925257	0.965957	0.99063	0.990282	1.029158	1.005565	1.046002	1.035588	0.929175	0.953893	0.934856	0.951573	1.006391	0.990279	1.001928	0.998956	0.990265	1.00601	1.000625	1.005567	0.945	0.97023	1.014458	1.000013
HOXD-AS2	HOXD-AS2	ASO_G0237380_05	Targeted lncRNA	r1b0p3	0.929196	1.049942	1.168532	1.010339	1.01131	0.923172	0.999119	0.984534	1.015819	1.01781	0.988255	1.066195	1.078101	0.957946	1.07071	0.954746	1.057424	1.037315	1.051625	1.031354	1.087146	1.032092	1.079272	1.03583	1.096843	0.96867	0.994081	1.011799
HOXD-AS2	HOXD-AS2	ASO_G0237380_07	Targeted lncRNA	r1b0p3	1.058034	1.129585	0.936355	0.947907	0.929748	0.949176	0.983383	0.980054	1.051728	1.038699	1.093612	1.071551	0.931646	0.951679	0.924866	0.944843	0.984946	0.994344	1.000498	0.994985	0.983995	1.000706	0.98996	1.014425	0.934838	0.957554	1.010859	1.008196
HOXD-AS2	HOXD-AS2	ASO_G0237380_AD_01	Targeted lncRNA	r15bALLp4	1.145001	1.035589	0.939885	1.039995	1.01575	1.058385	0.986935	0.998864	0.990922	1.027696	0.963897	0.970682	0.973675	1.056044	0.97042	1.05578	0.971004	1.006412	0.961836	0.998769	1.013486	1.01149	1.004795	1.005495	0.993675	1.044835	0.968232	0.985331
HOXD-AS2	HOXD-AS2	ASO_G0237380_AD_02	Targeted lncRNA	r15bALLp4	0.83646	0.89631	1.066245	1.04792	1.030102	1.008882	1.001552	0.998973	1.012249	0.991534	0.989951	1.016544	1.044438	1.032963	1.038596	1.029576	1.011171	1.018446	1.004254	1.020503	1.017077	1.008732	1.017231	1.011368	1.044132	1.017952	0.996994	1.011293
HOXD-AS2	HOXD-AS2	ASO_G0237380_AD_03	Targeted lncRNA	r15bALLp4	0.769578	0.913971	0.993448	1.009823	0.978709	0.989189	0.989979	0.999301	1.041592	1.029021	1.043564	1.015898	0.984461	0.998805	0.982259	1.000024	1.008056	1.002938	1.012404	1.007284	1.003414	0.999342	1.004991	1.003657	0.977886	0.999642	1.008704	1.005316
HOXD-AS2	HOXD-AS2	ASO_G0237380_AD_04	Targeted lncRNA	r15bALLp4	0.936085	0.920358	1.008048	1.044061	1.003275	1.04967	0.994251	1.007342	1.023826	0.984297	1.034521	0.980126	1.007406	1.059007	1.002362	1.052164	1.009775	1.001108	1.017208	1.00522	0.987884	0.996455	0.990747	0.994365	0.983813	1.038628	1.014653	1.002815
HOXD-AS2	HOXD-AS2	ASO_G0237380_AD_08	Targeted lncRNA	r15bALLp4	1.120263	1.117754	1.031676	0.98808	1.048613	1.042364	0.990715	0.981364	0.973807	0.947997	0.959303	0.904862	1.022451	1.004085	1.022906	0.995651	1.004007	0.962787	0.983401	0.944729	1.051645	1.056269	1.043072	1.049819	1.044367	1.053264	0.967466	0.939556
JPX	JPX	ASO_G0225470_01	Targeted lncRNA	r4b4p3	1.007194	1.142319	0.955002	1.008001	0.981287	1.013655	0.992082	0.999931	1.011881	0.969815	0.988212	0.942234	0.962007	0.998874	0.950874	0.993504	0.97551	0.986894	0.970444	0.98191	0.997159	1.014137	0.99217	1.013985	0.968504	1.014164	0.97795	0.973461
JPX	JPX	ASO_G0225470_02	Targeted lncRNA	r4b4p3	1.091657	1.01203	1.022518	0.987867	1.013516	1.054198	0.991147	1.012363	0.987347	1.009117	0.966689	1.043419	1.020113	1.033937	1.018734	1.026229	1.002507	1.004569	1.001369	1.023685	1.029861	0.959948	1.027247	0.96362	1.024377	0.976437	0.978086	1.019848
JPX	JPX	ASO_G0225470_03	Targeted lncRNA	r4b4p3	0.987258	0.962729	0.980157	0.99677	1.029243	0.992722	0.999603	0.998303	0.958967	1.009078	0.98083	1.020915	1.004114	0.986945	0.992183	0.97788	0.974706	0.992297	0.973854	1.003484	0.983927	1.012325	0.975599	1.007138	0.986066	0.986443	0.986567	0.995769
JPX	JPX	ASO_G0225470_04	Targeted lncRNA	r4b4p3	1.045932	1.125537	1.040059	0.997227	1.02257	1.002705	0.995005	0.999621	1.017113	0.99737	1.029147	1.01855	1.01707	1.001786	1.010583	1.00263	1.02714	1.018471	1.025113	1.019394	1.020489	0.991377	1.017431	0.998369	0.998623	0.978476	0.999558	1.009032
JPX	JPX	ASO_G0225470_05	Targeted lncRNA	r4b4p3	0.883014	0.960883	0.949172	1.020138	1.046148	1.008387	1.008861	1.002756	0.988604	1.026992	0.97768	1.023629	1.001871	1.022889	0.989212	1.015831	0.96594	1.007039	0.974263	1.012614	0.9711	0.999301	0.963737	1.000085	0.98068	0.999965	0.981741	1.009653
JPX	JPX	ASO_G0225470_AD_03	Targeted lncRNA	r13b3ADp2	0.926206	0.988144	0.979781	0.933389	0.933547	0.939552	0.989252	0.980075	1.024838	1.033319	1.045279	1.053249	0.951122	0.927672	0.950645	0.9319	1.004261	0.982757	1.006317	0.98613	1.017883	0.979347	1.02541	0.991439	0.978056	0.940833	1.006793	1.011091
JPX	JPX	ASO_G0225470_AD_04	Targeted lncRNA	r13b3ADp2	0.852474	0.90142	1.007818	0.976345	1.051632	0.975452	1.002314	0.989676	0.992115	1.008677	1.011805	1.023297	1.040765	0.969071	1.024349	0.963859	0.993088	1.002769	0.997775	1.001853	0.993384	1.023376	0.992786	1.021269	1.009275	0.970344	0.995309	0.987319
JPX	JPX	ASO_G0225470_AD_05	Targeted lncRNA	r13b3ADp2	0.806662	0.813714	1.014608	1.004169	0.987819	1.015119	1.001197	1.009356	1.019534	1.00151	1.00378	1.003953	0.99794	1.017368	0.997696	1.010528	1.006859	1.002937	1.003258	1.009496	1.004738	0.983886	1.011152	0.985221	1.000988	0.990073	0.999376	1.008932
JPX	JPX	ASO_G0225470_AD_09	Targeted lncRNA	r13b3ADp2	0.854332	0.892833	1.043299	1.058103	0.996118	0.959337	0.986933	0.987366	1.024806	1.011383	1.056623	1.018451	1.010377	0.998197	1.000763	1.000226	1.024635	1.041703	1.027101	1.032766	1.057752	1.075126	1.058464	1.075672	1.009973	1.023592	0.999263	0.990581
JPX	JPX	ASO_G0225470_AD_10	Targeted lncRNA	r13b3ADp2	0.861768	0.878191	1.039611	0.994379	1.033934	0.966439	1.004762	0.983738	0.981517	1.017171	0.967904	1.013626	1.041411	0.978224	1.032631	0.978925	1.01341	1.013923	1.009544	1.020242	1.018846	1.034101	1.015035	1.042208	1.027193	0.996043	0.986008	0.997152
KANSL1-AS1	KANSL1-AS1	ASO_G0214401_01	Targeted lncRNA	r4b4p1	1.019601	1.124435	0.983654	1.002658	0.98991	0.991541	0.996433	1.001056	0.997619	1.002961	0.961122	1.02135	0.981522	0.996904	0.992373	0.996576	0.993962	1.01995	0.984706	1.012089	1.023483	1.001585	1.022673	0.997427	1.013473	0.99451	0.980487	1.006782
KANSL1-AS1	KANSL1-AS1	ASO_G0214401_02	Targeted lncRNA	r4b4p1	1.042954	0.982691	0.996614	1.075791	0.940585	0.963784	0.985246	0.989158	1.040356	1.037007	1.036228	1.085113	0.953121	1.013645	0.958627	1.010879	1.022876	1.065803	1.015095	1.0648	1.018463	1.040602	1.018813	1.046454	0.975718	1.012134	1.006947	1.027791
KANSL1-AS1	KANSL1-AS1	ASO_G0214401_03	Targeted lncRNA	r4b4p1	1.013334	0.927292	0.987247	1.004735	1.022163	0.959786	1.002209	0.99211	0.983508	1.019296	0.935373	1.053764	0.989082	0.979714	0.991503	0.976526	0.978076	1.018674	0.965283	1.011355	0.997646	1.02089	1.004153	1.023377	1.016858	0.989716	0.975085	1.007406
KANSL1-AS1	KANSL1-AS1	ASO_G0214401_06	Targeted lncRNA	r4b4p1	1.004891	0.934896	0.98797	1.000209	1.002256	0.939557	0.995257	0.983709	0.998146	1.022289	1.000984	1.008616	0.996043	0.958997	0.99263	0.961178	0.996827	1.020101	0.994067	1.011736	1.00182	1.041777	1.002006	1.048262	0.998196	0.997553	0.999914	0.996876
KANSL1-AS1	KANSL1-AS1	ASO_G0214401_10	Targeted lncRNA	r4b4p1	1.050373	1.012947	1.147018	1.085972	1.023675	0.996741	1.00183	1.000427	1.006473	0.988252	0.937554	0.983707	1.070969	1.025129	1.080836	1.030214	1.045254	1.057529	1.019968	1.036912	1.0736	1.051071	1.067321	1.052849	1.112742	1.041162	0.976662	1.001671
KTN1-AS1	KTN1-AS1	ASO_G0186615_03	Targeted lncRNA	r5b3p4	1.126624	1.037242	0.957764	1.051633	1.014086	0.963612	0.995651	0.998819	0.987417	1.023793	0.95824	1.046744	0.990402	0.995742	0.991753	0.996471	0.977346	1.045677	0.968233	1.041995	1.010857	1.023354	1.002541	1.023924	1.010657	0.998366	0.969784	1.012017
KTN1-AS1	KTN1-AS1	ASO_G0186615_04	Targeted lncRNA	r5b3p4	0.846637	1.012268	0.877018	0.939093	0.996945	0.956088	0.976839	0.986833	0.9984	1.042792	1.014863	1.045977	0.928586	0.944613	0.921698	0.953259	0.931776	1.008694	0.929321	1.006862	0.96734	1.003051	0.958266	0.999632	0.938756	0.95081	0.960816	1.005545
KTN1-AS1	KTN1-AS1	ASO_G0186615_06	Targeted lncRNA	r5b3p4	0.917894	0.953421	0.851976	1.087958	0.954626	0.967195	0.974004	1.001833	1.015188	1.030801	1.026943	1.003716	0.890866	1.01938	0.887452	1.025618	0.945399	1.050007	0.933044	1.037478	0.996248	1.049212	0.987388	1.044202	0.915646	1.034642	0.967044	1.000708
KTN1-AS1	KTN1-AS1	ASO_G0186615_09	Targeted lncRNA	r5b3p4	0.885382	0.999993	0.974959	1.088318	0.970883	0.966386	0.996566	0.997342	0.992139	1.020526	1.022111	1.012085	0.960987	1.01659	0.961395	1.018375	0.992584	1.054179	0.995211	1.047545	1.004262	1.053408	0.986165	1.051724	0.964609	1.02766	0.993593	1.00265
KTN1-AS1	KTN1-AS1	ASO_G0186615_10	Targeted lncRNA	r5b3p4	1.058566	0.975158	0.887121	0.928568	0.997949	0.967353	0.987787	0.998779	0.981952	1.00892	0.976968	1.02671	0.932173	0.94958	0.92437	0.950852	0.950055	0.973302	0.943394	0.976616	1.009925	0.967923	0.991038	0.978066	0.949014	0.957691	0.952731	1.006528
CYTOR	LINC00152	ASO_G0222041_01	Targeted lncRNA	r1b0p5	0.84729	0.727783	0.905923	1.008868	0.981313	0.992073	0.995476	0.994423	1.022695	1.017148	1.049485	1.012427	0.949773	1.001946	0.944935	0.998457	0.971539	1.013986	0.982737	1.013357	0.947073	1.002448	0.949095	1.009559	0.932777	1.000824	1.014136	1.004323
CYTOR	LINC00152	ASO_G0222041_02	Targeted lncRNA	r1b0p5	-0.275281	-0.381457	0.66401	0.700227	0.747729	0.765798	0.926771	0.932534	1.206081	1.173528	1.347269	1.300737	0.689935	0.717899	0.674599	0.704938	0.898719	0.925156	0.94057	0.943819	0.898482	0.92885	0.918369	0.942406	0.704701	0.746032	1.044528	1.032388
CYTOR	LINC00152	ASO_G0222041_03	Targeted lncRNA	r1b0p5	0.635309	0.659608	0.91826	1.020207	0.855058	0.835479	0.972157	0.963685	1.087962	1.116598	1.166767	1.127749	0.886703	0.908998	0.882354	0.909979	1.028622	1.079941	1.039167	1.073125	1.007414	1.098473	1.016262	1.100769	0.884502	0.948824	1.029456	1.017377
CYTOR	LINC00152	ASO_G0222041_04	Targeted lncRNA	r1b0p5	-0.462561	-0.414109	0.710798	0.739238	0.754575	0.724858	0.914808	0.923736	1.170634	1.187342	1.2395	1.269812	0.700426	0.693441	0.689271	0.686421	0.920591	0.964691	0.9382	0.967733	0.969948	0.988931	0.99192	1.001252	0.759138	0.756103	1.003926	1.015898
CYTOR	LINC00152	ASO_G0222041_06	Targeted lncRNA	r1b0p5	0.742436	0.753408	0.815298	0.925657	0.774347	0.805092	0.895591	0.91583	1.171022	1.141479	1.346608	1.27745	0.770574	0.837402	0.776028	0.842293	1.014062	1.056694	1.009573	1.044282	0.976652	1.02472	0.990705	1.038633	0.810127	0.878102	1.048587	1.038993
CYTOR	LINC00152	ASO_G0222041_AD_01	Targeted lncRNA	r10b0ADp5	1.078109	1.030154	0.942349	1.017377	0.94206	1.038115	0.984109	1.007349	1.001287	1.019016	1.018186	0.949491	0.937065	1.032419	0.94472	1.030475	0.988367	0.990078	0.981678	0.980353	0.99775	1.002612	0.998532	0.99901	0.955631	1.039609	0.995114	0.97426
CYTOR	LINC00152	ASO_G0222041_AD_06	Targeted lncRNA	r10b0ADp5	1.001657	1.008949	1.004829	0.956375	0.928173	1.06869	0.985049	1.018035	1.044802	0.986214	1.097836	0.95653	0.964951	1.025601	0.966624	1.020071	1.03055	0.936426	1.042291	0.941149	1.013221	0.935031	1.021372	0.938098	0.961742	1.014838	1.029696	0.993603
CYTOR	LINC00152	ASO_G0222041_AD_07	Targeted lncRNA	r10b0ADp5	1.017762	0.976344	0.951283	1.005312	0.959979	1.004515	0.994888	0.994198	1.038644	1.035068	1.035282	0.988545	0.949337	1.005435	0.943817	1.011306	0.988234	1.002922	0.992676	0.999483	1.007935	0.998403	1.004098	1.008456	0.954014	1.011185	0.997959	0.993812
CYTOR	LINC00152	ASO_G0222041_AD_08	Targeted lncRNA	r10b0ADp5	1.005997	1.005286	0.927067	0.985837	0.986807	1.004027	0.993757	0.993597	1.021611	1.039166	1.048636	1.043034	0.963896	1.000899	0.961931	1.001448	0.985258	0.983241	0.983797	0.986452	0.951735	0.964699	0.960768	0.970851	0.945447	0.986842	1.011246	1.010893
CYTOR	LINC00152	ASO_G0222041_AD_10	Targeted lncRNA	r10b0ADp5	1.010588	1.022294	1.037815	0.985144	0.962405	1.059272	0.995704	1.015445	1.036247	0.989138	1.000695	0.986885	0.993621	1.037749	0.999395	1.028018	1.017245	0.966937	1.007816	0.975742	1.011463	0.962444	1.015195	0.958923	1.010067	1.013809	1.005031	1.000131
OLMALINC	LINC00263	ASO_G0235823_01	Targeted lncRNA	r6b5p5	0.87178	0.964359	0.970236	0.992149	1.008842	1.053155	0.984086	0.997471	0.986066	0.976841	0.956628	0.980526	0.977441	1.029568	0.957538	1.025372	0.947946	0.993743	0.944117	0.987339	1.037242	1.037165	0.997306	1.026342	0.991686	1.024859	0.941467	0.971182
OLMALINC	LINC00263	ASO_G0235823_03	Targeted lncRNA	r6b5p5	0.90292	0.930698	0.919546	0.945389	1.032667	1.006749	0.991477	0.995141	0.992212	1.001936	0.976155	1.005975	0.966543	0.969903	0.95044	0.956175	0.920193	0.954947	0.925723	0.954802	0.9786	1.015758	0.95981	1.013451	0.970463	0.98442	0.959053	0.974666
OLMALINC	LINC00263	ASO_G0235823_06	Targeted lncRNA	r6b5p5	0.710987	0.772675	0.847174	0.95595	0.986332	1.067402	0.967087	0.998517	1.041856	0.963925	1.066852	0.973773	0.904062	1.019143	0.872307	1.001087	0.872344	0.93798	0.884223	0.939741	0.9806	0.98994	0.969067	0.977857	0.930016	0.9991	0.968736	0.965743
OLMALINC	LINC00263	ASO_G0235823_07	Targeted lncRNA	r6b5p5	0.8725	0.890212	0.86178	0.907881	1.062086	1.061484	1.000932	1.01037	0.968673	0.99228	0.987338	1.01797	0.960514	0.993034	0.943587	0.974551	0.895261	0.9305	0.913874	0.948652	0.933209	0.943061	0.913872	0.933911	0.928084	0.948417	0.969917	0.992207
OLMALINC	LINC00263	ASO_G0235823_10	Targeted lncRNA	r6b5p5	0.88394	0.933031	1.004395	0.953806	1.079294	1.031327	0.99725	1.001184	0.951746	1.016019	0.928265	1.024281	1.038332	0.994967	1.012164	0.988239	0.922051	0.980209	0.929777	0.986391	1.039381	0.971035	1.010927	0.970115	1.051846	0.974907	0.943048	1.009524
OLMALINC	LINC00263	ASO_G0235823_AD_01	Targeted lncRNA	r15bALLp5	0.950809	0.900574	0.910991	0.992749	0.984594	0.996784	0.991795	0.994211	1.020064	1.022382	1.001765	1.011533	0.947836	0.996613	0.938809	0.9918	0.957143	0.999658	0.965426	1.001456	0.967054	0.99963	0.970597	1.006108	0.943844	0.989596	0.988781	1.001536
OLMALINC	LINC00263	ASO_G0235823_AD_04	Targeted lncRNA	r15bALLp5	0.901789	0.852605	0.948032	1.076071	0.982528	1.009122	1.006893	1.009965	0.994457	0.998415	1.011163	1.006672	0.973872	1.044552	0.970861	1.044374	0.974374	1.01598	0.990473	1.023364	0.964503	1.004286	0.963778	1.005197	0.950927	1.024859	1.009805	1.014591
OLMALINC	LINC00263	ASO_G0235823_AD_06	Targeted lncRNA	r15bALLp5	0.817791	0.931953	1.040977	1.058515	1.027065	1.017728	1.013306	1.008419	1.004229	0.999818	1.005752	0.97606	1.047911	1.04671	1.04295	1.044423	1.00172	1.011747	1.009988	1.009801	0.974997	1.017973	0.975932	1.015126	1.013123	1.040537	1.015945	0.999536
OLMALINC	LINC00263	ASO_G0235823_AD_08	Targeted lncRNA	r15bALLp5	1.082435	0.955197	0.935652	0.943529	0.989773	0.984353	1.004102	1.004934	1.012698	1.031224	0.999081	1.024805	0.959063	0.968845	0.958516	0.957698	0.96398	0.975362	0.970512	0.989338	0.970819	0.958643	0.972923	0.958446	0.962387	0.946465	0.998429	1.012294
OLMALINC	LINC00263	ASO_G0235823_AD_10	Targeted lncRNA	r15bALLp5	1.016945	0.95935	0.982992	1.011824	0.989211	1.008152	1.00055	0.999275	0.981702	0.963031	1.009918	0.98066	0.984241	1.01196	0.982847	1.014359	1.005954	1.011378	1.005799	1.002011	0.997358	1.016343	0.998298	1.015169	0.980963	1.01517	1.006421	0.997626
LINC00339	LINC00339	ASO_G0218510_01	Targeted lncRNA	r1b0p1	0.826456	0.932994	0.991869	0.956562	0.986073	0.931173	0.994407	0.98772	1.034274	0.980535	1.049939	1.051106	0.996966	0.94983	0.99432	0.947181	1.004429	0.99336	1.013844	1.002232	0.990212	1.011325	0.990873	1.015599	0.982159	0.957938	1.009995	1.003579
LINC00339	LINC00339	ASO_G0218510_02	Targeted lncRNA	r1b0p1	1.151815	0.970759	1.019404	0.989777	0.988838	0.971815	0.999863	0.992202	1.044211	1.001269	1.000188	1.015464	1.005531	0.987314	1.010517	0.987889	1.022164	1.020319	1.020493	1.015561	1.00524	1.024029	1.008715	1.019093	1.002848	0.988768	1.006999	1.000072
LINC00339	LINC00339	ASO_G0218510_03	Targeted lncRNA	r1b0p1	0.77267	0.723868	0.922872	0.973299	0.864373	0.941033	0.966861	0.99482	1.09725	1.029106	1.164178	1.081841	0.884297	0.95768	0.880266	0.956058	1.005785	0.995928	1.022585	1.011412	1.013068	0.993367	1.021268	0.996958	0.89578	0.951852	1.026561	1.023004
LINC00339	LINC00339	ASO_G0218510_04	Targeted lncRNA	r1b0p1	0.954381	0.91325	0.969595	0.900721	0.918326	0.934835	0.983704	0.989304	1.003401	1.026921	1.070185	1.096621	0.937869	0.924489	0.94418	0.918992	1.025207	0.981612	1.026851	1.008233	1.016727	0.962831	1.024622	0.966653	0.948588	0.90656	1.018389	1.024561
LINC00339	LINC00339	ASO_G0218510_05	Targeted lncRNA	r1b0p1	0.922809	1.012916	0.877765	0.968836	0.938176	0.910985	0.978977	0.983032	1.054192	1.030849	1.049838	1.068848	0.903912	0.942386	0.897378	0.94116	0.971024	1.010093	0.981591	1.021762	0.997926	1.03088	1.002874	1.036101	0.911194	0.950101	0.997926	1.009544
LINC00339	LINC00339	ASO_G0218510_AD_03	Targeted lncRNA	r10b0ADp1	0.389169	0.251716	0.869543	0.933353	0.880008	0.879946	0.951933	0.951613	1.058518	1.051518	1.099613	1.122028	0.839284	0.878506	0.8334	0.878798	0.97147	1.000244	0.956597	0.987438	0.985815	1.026585	0.994789	1.027778	0.898883	0.932882	0.988427	0.996333
LINC00339	LINC00339	ASO_G0218510_AD_05	Targeted lncRNA	r10b0ADp1	0.867811	0.663286	0.995515	0.895336	0.938146	0.940175	0.983123	0.969601	1.011805	1.062655	1.065632	1.139114	0.962044	0.907129	0.957516	0.902609	1.027731	0.976853	1.014598	0.987976	1.035342	0.979127	1.037807	0.986563	0.976446	0.906777	1.004575	1.014814
LINC00339	LINC00339	ASO_G0218510_AD_06	Targeted lncRNA	r10b0ADp1	0.65312	0.605291	0.980557	0.941539	0.994229	1.009766	0.99382	1.001537	1.013256	1.010462	1.085	1.095962	0.9895	0.98281	0.983979	0.964298	1.008629	0.975114	1.013685	0.993937	0.982106	0.964491	0.984712	0.954761	0.961194	0.943316	1.020279	1.018546
LINC00339	LINC00339	ASO_G0218510_AD_09	Targeted lncRNA	r10b0ADp1	0.920421	0.921991	1.135255	1.122953	0.99778	0.996543	0.992557	0.993131	0.948171	0.986481	0.928548	0.941651	1.040398	1.047008	1.048014	1.052495	1.058504	1.063575	1.033447	1.031091	1.128756	1.084621	1.118456	1.07627	1.09419	1.080089	0.959598	0.976165
LINC00339	LINC00339	ASO_G0218510_AD_10	Targeted lncRNA	r10b0ADp1	0.870543	0.900969	1.033865	0.940428	1.006312	1.014793	1.0033	0.998915	0.966551	0.996714	0.997196	1.04041	1.020716	0.985188	1.020281	0.973521	1.002043	0.964366	1.007824	0.98036	1.031629	0.9465	1.028149	0.946347	1.029754	0.958327	1.001299	1.014803
LINC00467	LINC00467	ASO_G0153363_02	Targeted lncRNA	r5b3p3	1.16222	1.002966	0.923551	0.964054	0.917993	0.909765	0.975189	0.982121	1.004759	1.005574	1.022581	1.021319	0.905794	0.921671	0.913006	0.926123	0.997868	1.019666	0.989329	1.013301	1.006098	1.021671	1.004979	1.030967	0.938676	0.963817	0.993618	1.002725
LINC00467	LINC00467	ASO_G0153363_03	Targeted lncRNA	r5b3p3	1.145058	0.953405	0.886863	0.879616	1.000647	0.913537	1.000319	0.978077	0.983146	1.041991	1.022782	1.062711	0.95549	0.887097	0.948297	0.883607	0.97406	0.974243	0.971048	0.983201	0.978578	0.983864	0.96798	0.988334	0.936683	0.902684	0.977673	1.007232
LINC00467	LINC00467	ASO_G0153363_05	Targeted lncRNA	r5b3p3	1.020043	1.019346	0.853771	0.985842	0.94576	0.868649	0.990031	0.965793	1.012054	1.046965	1.052872	1.092319	0.897662	0.908004	0.898202	0.91846	0.972106	1.074883	0.974569	1.049919	0.963733	1.063248	0.961571	1.07463	0.890133	0.948534	0.990312	1.01094
LINC00467	LINC00467	ASO_G0153363_08	Targeted lncRNA	r5b3p3	1.086108	1.070076	0.966333	0.926866	1.032552	0.977356	1.001464	0.989545	0.951004	1.00135	0.972656	1.034363	0.988408	0.958142	0.986273	0.952754	1.004632	0.971372	0.997971	0.974084	1.014163	0.963531	1.001913	0.97826	0.98018	0.962277	0.980178	1.006313
LINC00467	LINC00467	ASO_G0153363_09	Targeted lncRNA	r5b3p3	0.932618	1.084015	0.900532	0.852863	0.978229	0.894939	0.987159	0.973355	1.002975	1.063552	1.042841	1.124572	0.936042	0.876846	0.934293	0.881162	0.99214	1.008498	0.984839	1.013257	0.966435	0.948724	0.962649	0.961396	0.91885	0.867252	0.994726	1.031874
SMIM26	LINC00493	ASO_G0232388_03	Targeted lncRNA	r6b5p6	0.895516	0.925938	0.93489	0.92921	0.992548	0.981416	0.998535	0.991936	1.038016	1.006485	1.040161	1.006009	0.96501	0.948371	0.960029	0.94696	0.961096	0.974623	0.981212	0.971653	0.97588	1.010402	0.977938	1.008877	0.958156	0.958098	1.01144	0.977737
SMIM26	LINC00493	ASO_G0232388_04	Targeted lncRNA	r6b5p6	0.708013	0.79774	0.957564	1.032358	1.038029	1.070012	0.995706	1.002803	1.017339	0.983334	1.055408	1.045253	0.995106	1.052001	0.981575	1.043231	0.954381	0.991669	0.97617	0.99985	0.957371	0.986019	0.956744	0.972194	0.952186	1.012281	1.011396	1.016112
SMIM26	LINC00493	ASO_G0232388_05	Targeted lncRNA	r6b5p6	0.725686	0.751975	0.8855	0.846979	0.972051	0.921873	0.981505	0.974996	1.068815	1.080345	1.14847	1.160083	0.92682	0.882763	0.905474	0.866659	0.945676	0.942427	0.975536	0.977696	0.960208	0.959327	0.966477	0.96245	0.894319	0.864337	1.024851	1.029064
SMIM26	LINC00493	ASO_G0232388_06	Targeted lncRNA	r6b5p6	0.748627	0.754415	0.906911	0.845319	0.926784	0.910575	0.98091	0.983906	1.062827	1.083256	1.127015	1.149917	0.916534	0.872694	0.915842	0.863589	0.985241	0.960322	1.001784	0.98416	0.993767	0.95412	0.997774	0.967052	0.913855	0.8602	1.019953	1.02242
SMIM26	LINC00493	ASO_G0232388_07	Targeted lncRNA	r6b5p6	0.758794	0.747205	0.797451	0.925265	0.91648	0.941587	0.968161	0.976921	1.087881	1.036792	1.177333	1.088648	0.852064	0.922077	0.836447	0.922819	0.930196	0.992449	0.946699	0.991051	0.920349	1.022722	0.931245	1.023992	0.834137	0.929795	1.017069	0.994357
SMIM26	LINC00493	ASO_G0232388_AD_02	Targeted lncRNA	r12b2ADp3	1.052941	1.024741	0.964321	0.958378	0.959216	1.002379	0.996306	1.003676	1.018692	0.981054	1.036006	1.013413	0.96471	0.984985	0.9696	0.982846	1.010168	0.98199	1.009994	0.980925	0.992655	0.969199	0.994087	0.975807	0.972747	0.984871	1.009004	1.007295
SMIM26	LINC00493	ASO_G0232388_AD_03	Targeted lncRNA	r12b2ADp3	0.991515	0.945863	0.968829	1.006929	0.970561	0.953515	0.994747	0.996954	1.005997	1.035234	1.019604	1.087944	0.967676	0.985869	0.97046	0.987209	0.998359	1.040631	0.991803	1.038383	1.006202	1.005601	1.004256	1.001323	0.983173	0.962144	0.991632	1.02492
SMIM26	LINC00493	ASO_G0232388_AD_04	Targeted lncRNA	r12b2ADp3	0.98334	0.950627	1.074253	0.901259	1.018925	0.98497	1.016924	0.99889	0.964073	1.023973	1.000022	1.089318	1.07028	0.959744	1.069629	0.958507	1.027813	0.969642	1.036966	0.989785	0.995224	0.932701	0.995203	0.93904	1.039682	0.932906	1.022324	1.035084
SMIM26	LINC00493	ASO_G0232388_AD_08	Targeted lncRNA	r12b2ADp3	0.960788	0.997722	0.980287	0.855331	0.954211	0.989968	0.994793	0.997607	1.007719	1.009269	1.015428	1.04168	0.981007	0.924476	0.983146	0.914693	1.010331	0.93981	1.002813	0.94755	1.011038	0.9411	1.013162	0.937049	1.005545	0.915251	1.003128	0.996856
SMIM26	LINC00493	ASO_G0232388_AD_09	Targeted lncRNA	r12b2ADp3	1.053015	1.03134	1.011548	0.965872	1.000145	0.969816	1.013124	0.99545	1.009061	1.037428	0.99549	1.076794	1.022644	0.980986	1.025012	0.97872	0.993791	1.008021	1.008853	1.016466	0.977022	0.982278	0.976251	0.991456	1.005122	0.96278	1.008881	1.024507
LINC00511	LINC00511	ASO_G0227036_01	Targeted lncRNA	r4b4p4	0.98404	0.999012	1.007226	1.036253	1.045217	1.011345	1.010238	1.011275	0.986745	0.983679	0.980787	1.012908	1.029594	1.019815	1.030826	1.013506	0.986557	1.009391	0.993417	1.004472	0.979189	0.987719	0.976525	0.976809	0.99963	1.005499	1.001636	1.00923
LINC00511	LINC00511	ASO_G0227036_02	Targeted lncRNA	r4b4p4	0.933463	0.930342	1.054841	1.02916	0.984349	0.98466	0.998647	0.988286	1.0492	1.024788	1.081395	1.03214	1.028055	0.995005	1.027495	0.9942	1.033002	1.037288	1.042029	1.025568	1.009866	1.028539	1.011426	1.03003	1.004078	0.984613	1.029936	1.00876
LINC00511	LINC00511	ASO_G0227036_03	Targeted lncRNA	r4b4p4	0.989236	0.906702	0.985309	1.016923	0.979618	0.99405	0.996569	1.004253	1.011112	1.013068	1.063518	1.03428	0.979323	1.006337	0.978385	0.999362	0.997876	1.008458	0.992883	1.013176	0.987988	0.990487	0.994867	0.995264	0.97992	0.988871	1.022253	1.013819
LINC00511	LINC00511	ASO_G0227036_04	Targeted lncRNA	r4b4p4	0.947241	0.870437	0.950023	0.993981	1.033457	0.987437	1.001445	0.993557	1.044899	1.005135	1.066253	1.045863	1.012523	0.991459	1.005247	0.987768	0.974909	1.00464	0.991242	1.016337	0.954095	0.987248	0.943329	0.990811	0.95995	0.980898	1.017193	1.022712
LINC00511	LINC00511	ASO_G0227036_08	Targeted lncRNA	r4b4p4	0.924886	0.950633	0.95276	0.979374	0.925607	0.951078	0.987352	0.991391	1.060627	1.052884	1.079267	1.137064	0.928392	0.96692	0.929406	0.956731	0.995466	1.00692	1.01212	1.02001	0.994833	0.980226	1.002118	0.981009	0.936095	0.940204	1.022513	1.033246
LINC00511	LINC00511	ASO_G0227036_AD_03	Targeted lncRNA	r12b2ADp2	0.872339	0.93284	1.014141	0.969136	0.998791	0.98353	1.008193	0.994202	1.006639	1.027073	1.028396	1.046714	1.011852	0.982041	1.008327	0.974693	0.996575	0.98236	1.012339	0.994733	0.960746	0.993154	0.962645	0.989302	0.988048	0.98058	1.023039	1.002026
LINC00511	LINC00511	ASO_G0227036_AD_04	Targeted lncRNA	r12b2ADp2	0.877211	0.920931	1.034323	0.97334	1.022758	0.979571	1.008641	0.994107	1.011058	1.0114	1.00842	1.022385	1.036544	0.976016	1.030933	0.974951	1.002388	1.001292	1.004551	1.003784	1.000147	1.011884	0.990944	1.008598	1.015618	0.981412	1.006454	0.99433
LINC00511	LINC00511	ASO_G0227036_AD_05	Targeted lncRNA	r12b2ADp2	0.862557	0.895594	1.00003	1.030976	1.032757	1.018914	1.004059	1.010372	0.980851	0.983282	0.986073	0.978487	1.008356	1.03005	1.004227	1.016326	0.970675	1.0018	0.973627	0.995208	1.002472	1.027762	0.995309	1.015597	1.011919	1.025061	0.989657	0.987469
LINC00511	LINC00511	ASO_G0227036_AD_07	Targeted lncRNA	r12b2ADp2	0.786062	0.793085	0.945387	1.053699	0.990337	1.00783	1.004647	1.00361	0.988602	0.980033	1.004675	1.009998	0.968072	1.033322	0.955432	1.022191	0.972051	1.023805	0.978464	1.023025	0.999724	1.034956	0.993101	1.019315	0.964839	1.014956	0.988039	0.993064
LINC00511	LINC00511	ASO_G0227036_AD_10	Targeted lncRNA	r12b2ADp2	0.565963	0.600933	0.790077	0.831814	0.975912	0.976732	0.998271	1.00145	1.071434	1.065009	1.150225	1.109161	0.898052	0.914205	0.877699	0.899862	0.899395	0.920126	0.948168	0.959921	0.878452	0.898185	0.884328	0.904277	0.84903	0.870243	1.038061	1.031452
LINC00517	LINC00517	ASO_G0259091_01	Targeted lncRNA	r3b2p4	1.096681	1.063657	0.897091	0.901318	0.908258	0.990542	0.974129	0.985475	1.020657	0.956256	1.049994	0.988656	0.897334	0.947428	0.90727	0.948625	1.011052	0.971311	0.994883	0.965952	1.002231	0.979164	1.010557	0.9808	0.924704	0.95819	0.996491	0.989708
LINC00517	LINC00517	ASO_G0259091_02	Targeted lncRNA	r3b2p4	0.980659	1.033298	0.923622	0.947131	0.843116	0.859786	0.951571	0.96433	1.081835	1.060629	1.095686	1.077169	0.860213	0.895556	0.863914	0.898897	1.040926	1.034266	1.028776	1.018761	1.061753	1.055764	1.071376	1.065833	0.916415	0.944505	0.993827	1.000111
LINC00517	LINC00517	ASO_G0259091_05	Targeted lncRNA	r3b2p4	1.078405	1.019643	1.007016	0.91399	0.942768	0.961228	0.981745	0.993113	1.000115	1.005275	1.017749	1.045529	0.967762	0.941171	0.968592	0.93356	1.042706	0.978541	1.024097	0.988403	1.054257	0.988618	1.044966	0.988476	0.981178	0.938209	0.990041	0.999475
LINC00517	LINC00517	ASO_G0259091_06	Targeted lncRNA	r3b2p4	1.080402	0.966542	0.894425	0.950885	0.990631	0.964343	0.987057	0.985517	0.992531	1.021249	1.028733	1.060176	0.93391	0.955077	0.934689	0.951898	0.95734	0.994023	0.966724	1.000796	0.969329	0.982015	0.973539	0.994811	0.927548	0.952029	0.99586	1.012544
LINC00517	LINC00517	ASO_G0259091_09	Targeted lncRNA	r3b2p4	1.038173	0.963016	1.007497	0.971035	1.003718	0.952839	0.98861	0.985459	0.99708	1.028579	0.952966	1.035121	0.99011	0.964955	0.982968	0.967773	1.005448	0.993461	0.990007	1.000425	1.042136	1.013687	1.041432	1.023094	1.022376	0.97537	0.970914	1.010557
LINC00517	LINC00517	ASO_G0259091_AD_03	Targeted lncRNA	r11b1ADp6	0.996572	0.982762	1.111217	1.166406	0.997189	1.04702	0.996632	1.016488	0.986531	0.953523	0.958166	0.937957	1.027248	1.100344	1.032994	1.104207	1.049701	1.046464	1.044538	1.049797	1.073838	1.034984	1.073841	1.028776	1.057371	1.0839	0.985219	1.000306
LINC00517	LINC00517	ASO_G0259091_AD_04	Targeted lncRNA	r11b1ADp6	0.933118	0.83232	0.927841	0.875407	0.982181	0.951421	0.994305	0.98133	1.001594	1.058673	1.018713	1.10733	0.946738	0.895677	0.944323	0.890337	0.969625	0.960637	0.971896	0.974144	0.968328	0.941229	0.978416	0.943193	0.949879	0.895737	1.001382	1.020567
LINC00517	LINC00517	ASO_G0259091_AD_06	Targeted lncRNA	r11b1ADp6	0.983251	0.936269	1.047578	0.974254	0.93989	0.98098	0.988437	0.993479	1.014999	0.994285	0.984355	0.989001	0.971844	0.971078	0.983084	0.966945	1.025657	0.986389	1.015755	0.986707	1.04489	1.017397	1.047399	1.010985	1.029699	0.983128	0.988019	0.984549
LINC00517	LINC00517	ASO_G0259091_AD_07	Targeted lncRNA	r11b1ADp6	0.772635	0.761121	1.009335	0.934345	0.978526	1.01283	0.996915	0.997461	1.00908	1.011745	0.998966	1.028833	0.996821	0.97273	0.991678	0.968821	1.017413	0.974238	1.00645	0.982559	1.027514	0.946776	1.017565	0.951798	1.01179	0.95119	0.985103	1.003353
LINC00517	LINC00517	ASO_G0259091_AD_10	Targeted lncRNA	r11b1ADp6	1.001938	0.911765	0.958369	0.97561	1.03386	0.962264	1.009816	0.986583	0.985338	1.034621	0.99689	1.077454	1.002904	0.967364	0.998716	0.970939	0.977379	1.024479	0.981782	1.027191	0.957149	0.979333	0.960816	0.989693	0.981215	0.950222	1.002833	1.032431
LINC00630	LINC00630	ASO_G0223546_01	Targeted lncRNA	r2b1p3	0.998473	0.985736	0.951752	0.905054	0.949091	0.987071	0.992402	1.009962	1.031063	1.023162	1.045886	1.087385	0.940604	0.961902	0.940087	0.954651	0.996033	0.982104	0.994835	1.002	1.000087	0.92572	0.996477	0.927398	0.949441	0.915282	1.00483	1.028661
LINC00630	LINC00630	ASO_G0223546_02	Targeted lncRNA	r2b1p3	0.92729	0.861908	1.167212	1.25445	1.155167	1.137389	1.019164	1.024932	0.906466	0.907083	0.843745	0.88521	1.148202	1.177489	1.140307	1.184002	1.00343	1.047705	0.992944	1.041054	1.076216	1.07557	1.048467	1.051342	1.147011	1.166833	0.945004	0.972879
LINC00630	LINC00630	ASO_G0223546_04	Targeted lncRNA	r2b1p3	0.834972	0.829427	1.100502	0.98484	0.998583	0.973898	1.004689	0.996066	0.999302	1.00938	1.008745	0.976125	1.042798	0.976695	1.040409	0.976925	1.035253	1.001929	1.039273	1.003431	1.023615	1.014337	1.020319	1.012746	1.030529	0.990375	1.003004	0.988378
LINC00630	LINC00630	ASO_G0223546_05	Targeted lncRNA	r2b1p3	0.997046	0.997139	1.016598	0.94593	0.982403	0.977125	0.997899	1.000395	1.005891	1.001638	0.985678	1.031247	0.998203	0.957884	1.000585	0.957879	1.018268	0.983899	1.011095	0.995871	1.025887	0.975217	1.022464	0.986072	1.012213	0.953782	0.989867	1.011796
LINC00630	LINC00630	ASO_G0223546_09	Targeted lncRNA	r2b1p3	1.030175	1.046388	1.181971	1.148973	1.09331	1.08063	1.020036	1.017465	0.926481	0.91551	0.891249	0.893426	1.13611	1.111187	1.139981	1.118157	1.047876	1.050455	1.015718	1.041998	1.056871	1.044557	1.040079	1.029477	1.139273	1.093886	0.970684	0.980408
LINC00654	LINC00654	ASO_G0205181_01	Targeted lncRNA	r2b1p3	0.842046	0.811204	0.990271	1.128927	1.055151	1.038152	1.006856	1.009498	0.962823	0.948199	0.924757	0.884521	1.019054	1.071014	1.010806	1.070622	0.96316	1.017454	0.959142	0.996245	1.013142	1.102728	1.002377	1.085661	1.02686	1.124993	0.957876	0.949801
LINC00654	LINC00654	ASO_G0205181_02	Targeted lncRNA	r2b1p3	0.942326	1.028078	1.040719	1.1104	1.083754	1.056968	1.013657	1.013091	0.970191	0.950649	0.932261	0.934606	1.071263	1.080936	1.062446	1.075384	0.98509	1.029084	0.991774	1.020489	1.00872	1.039812	1.005294	1.023069	1.056497	1.070589	0.975802	0.983332
LINC00654	LINC00654	ASO_G0205181_03	Targeted lncRNA	r2b1p3	1.026791	0.909526	1.161064	1.122704	1.047653	1.055646	1.009112	1.011624	0.964662	0.901023	0.877993	0.856327	1.090391	1.072984	1.091881	1.084859	1.035329	1.011738	1.018309	0.991973	1.090598	1.055122	1.074676	1.04383	1.129839	1.119208	0.950363	0.959209
LINC00654	LINC00654	ASO_G0205181_04	Targeted lncRNA	r2b1p3	0.74321	0.664403	0.993329	0.980025	0.9892	0.968973	0.998961	0.998037	0.995477	0.983981	0.992599	0.984709	0.99256	0.960708	0.983781	0.962206	1.001933	0.999227	1.002379	0.995492	1.014405	1.017041	1.007185	1.015256	0.986021	0.970893	0.987498	0.992719
LINC00654	LINC00654	ASO_G0205181_05	Targeted lncRNA	r2b1p3	0.923556	0.946213	1.008299	0.970621	0.981002	0.995218	0.998445	1.00151	0.993875	1.007471	1.021715	1.007645	0.990936	0.983489	0.993194	0.981008	1.02049	1.001142	1.023514	0.99745	0.993129	0.991179	0.992509	0.985256	0.976187	0.971784	1.010975	0.998176
LINC00654	LINC00654	ASO_G0205181_AD_01	Targeted lncRNA	r12b2ADp1	1.000189	1.008509	0.957303	1.013143	1.034752	1.036719	0.998066	1.001061	0.971609	0.974064	0.964423	0.95145	0.990534	1.027141	0.991653	1.032189	0.973227	0.994858	0.968163	0.988017	1.004855	1.020327	0.997697	1.011785	1.002824	1.034063	0.978984	0.977561
LINC00654	LINC00654	ASO_G0205181_AD_02	Targeted lncRNA	r12b2ADp1	0.629737	0.625001	0.866653	0.827812	0.941693	0.92546	0.970002	0.96488	1.054466	1.071136	1.07586	1.12358	0.878981	0.859357	0.871238	0.850867	0.955577	0.940783	0.957547	0.946699	0.960022	0.937424	0.968891	0.948335	0.911752	0.873574	0.996047	1.012507
LINC00654	LINC00654	ASO_G0205181_AD_03	Targeted lncRNA	r12b2ADp1	0.978794	0.939719	0.96498	1.014917	1.008904	1.004917	1.000814	1.004405	1.002268	0.992659	1.00773	0.981282	0.992508	1.018532	0.995917	1.029159	1.000734	1.024373	0.993058	1.005849	0.996092	1.014037	0.997893	1.00211	0.991692	1.019942	1.002065	0.989721
LINC00654	LINC00654	ASO_G0205181_AD_05	Targeted lncRNA	r12b2ADp1	0.805327	0.795741	0.972274	0.876939	0.939904	0.947515	0.975217	0.980823	1.086356	1.053913	1.102744	1.091996	0.941411	0.898225	0.9418	0.894666	1.018963	0.968761	1.018447	0.978562	0.993292	0.95331	1.001046	0.957652	0.944908	0.896022	1.01983	1.0088
LINC00654	LINC00654	ASO_G0205181_AD_10	Targeted lncRNA	r12b2ADp1	0.499952	0.453385	0.743821	0.766759	0.967162	0.979422	1.001157	1.009072	1.079238	1.083824	1.147178	1.156994	0.86074	0.877554	0.843982	0.857446	0.888473	0.889458	0.9328	0.943655	0.825899	0.821162	0.836794	0.833144	0.809541	0.817513	1.054029	1.054582
NORAD	LINC00657	ASO_G0260032_01	Targeted lncRNA	r15bALLp1	0.980745	0.864001	0.977925	1.026295	0.953359	0.972952	1.001334	1.00459	0.992551	1.046294	1.016357	1.013551	0.968466	0.998679	0.969968	1.005794	1.003624	1.022782	1.016219	1.019457	0.990445	1.0088	0.992049	1.000033	0.964051	1.004312	1.017598	1.005056
NORAD	LINC00657	ASO_G0260032_02	Targeted lncRNA	r15bALLp1	1.056254	0.968231	1.001091	0.961015	0.956954	0.939553	0.997901	0.987298	1.002835	1.044411	1.020248	1.045922	0.977184	0.946504	0.98114	0.95123	1.011427	1.004625	1.008075	1.006929	1.013978	0.997075	1.014506	1.000348	0.981108	0.951356	1.010059	1.009382
NORAD	LINC00657	ASO_G0260032_04	Targeted lncRNA	r15bALLp1	0.892096	0.910433	1.058046	0.940489	0.993362	0.961316	1.003084	0.988805	1.025831	0.993737	1.02148	1.012037	1.022544	0.948239	1.014131	0.950626	1.01665	0.981702	1.025446	0.994496	1.012439	0.983104	1.011872	0.986276	1.014705	0.950662	1.01027	1.002669
NORAD	LINC00657	ASO_G0260032_05	Targeted lncRNA	r15bALLp1	1.050513	1.016176	0.954088	0.968948	0.972964	0.986179	0.992992	1.004371	0.997526	1.023216	1.007315	1.035542	0.958526	0.981533	0.961562	0.979433	0.977221	0.999787	0.985493	1.014618	0.998094	0.977876	0.996154	0.983984	0.974428	0.961729	1.000645	1.012852
NORAD	LINC00657	ASO_G0260032_06	Targeted lncRNA	r15bALLp1	1.083102	1.02445	1.02968	0.934124	1.023176	0.9753	1.004376	0.99588	0.985892	1.01916	0.989191	1.025598	1.036471	0.949313	1.032985	0.947483	1.00036	0.976239	1.004779	0.982032	0.995054	0.981928	0.990324	0.984325	1.024116	0.958161	1.004365	1.003183
NORAD	LINC00657	ASO_G0260032_AD_01	Targeted lncRNA	r10b0ADp4	1.016846	0.97879	0.9296	0.936766	1.017034	0.956151	1.006813	0.990804	1.049403	1.027217	1.089619	1.088174	0.984563	0.942475	0.970529	0.940426	0.974745	0.992879	0.991492	0.998585	0.918734	0.970412	0.934205	0.980666	0.934742	0.935075	1.036973	1.02052
NORAD	LINC00657	ASO_G0260032_AD_06	Targeted lncRNA	r10b0ADp4	0.948499	0.921338	1.008418	0.944385	1.033307	0.973076	1.014819	1.000132	0.961962	1.036955	1.018656	1.091045	1.032198	0.960581	1.023834	0.954484	0.993077	0.992002	0.99476	0.995265	0.98188	0.967223	0.975603	0.964625	1.007777	0.938809	1.014099	1.019519
NORAD	LINC00657	ASO_G0260032_AD_07	Targeted lncRNA	r10b0ADp4	0.837747	0.915972	0.993145	1.054342	0.977455	0.99874	0.991088	0.992493	1.034627	1.028584	1.083196	1.024081	0.982635	1.016901	0.973741	1.024384	1.009838	1.031264	1.02089	1.023017	0.976343	1.017062	0.985907	1.017223	0.960731	1.009145	1.026626	1.010506
NORAD	LINC00657	ASO_G0260032_AD_08	Targeted lncRNA	r10b0ADp4	0.779722	0.767264	0.96168	0.956667	0.941443	0.969555	0.989206	0.991399	1.055299	1.043996	1.115705	1.105892	0.95274	0.961777	0.940563	0.945875	1.003763	0.987079	1.02956	0.999542	0.995081	0.990219	1.002263	0.996033	0.934579	0.945342	1.03245	1.016032
NORAD	LINC00657	ASO_G0260032_AD_10	Targeted lncRNA	r10b0ADp4	0.948833	0.858634	1.165494	0.992517	1.057401	1.011956	1.014927	1.006164	0.978297	0.999967	0.991672	1.039748	1.115546	1.011138	1.112549	1.00863	1.057284	1.012389	1.047178	1.012172	1.042294	0.97342	1.034346	0.974492	1.091686	0.985197	1.008892	1.018949
LINC00662	LINC00662	ASO_G0261824_02	Targeted lncRNA	r9b8p2	0.999143	0.989204	1.064547	1.020079	1.08003	1.019437	1.013325	0.997805	0.953836	0.978361	0.938546	0.950595	1.079507	1.018479	1.07548	1.016433	1.003656	0.98507	0.993509	0.981234	1.017846	1.016633	1.011799	1.015227	1.067197	1.03038	0.980952	0.974087
LINC00662	LINC00662	ASO_G0261824_04	Targeted lncRNA	r9b8p2	0.863835	0.863593	1.129019	0.962151	1.053877	1.028847	1.004019	1.000353	0.987858	1.012857	0.954136	1.005161	1.075696	1.005246	1.067916	1.004069	1.025857	0.981352	1.017867	0.983778	1.063025	0.967944	1.060639	0.970822	1.078771	0.984315	0.981205	1.002467
LINC00662	LINC00662	ASO_G0261824_05	Targeted lncRNA	r9b8p2	0.831017	0.789636	1.030875	1.047592	1.019604	1.022726	0.995018	1.003117	0.973153	1.006015	0.980074	0.990939	1.026829	1.031032	1.025946	1.020979	1.010362	1.005914	0.997107	0.992966	1.027232	1.028381	1.022746	1.018226	1.030848	1.031399	0.983023	0.985292
LINC00662	LINC00662	ASO_G0261824_07	Targeted lncRNA	r9b8p2	0.850629	0.811444	1.024837	0.964338	1.059464	1.00117	1.014358	1.003936	0.97367	1.017264	1.006854	1.054185	1.046074	0.97984	1.038493	0.974386	0.986026	0.983611	0.981123	0.995123	0.978935	0.9523	0.97153	0.958925	1.030031	0.952671	1.004051	1.018619
LINC00662	LINC00662	ASO_G0261824_08	Targeted lncRNA	r9b8p2	0.921114	0.881135	1.010981	1.054447	1.005642	1.057892	1.000608	0.999905	0.996383	0.970012	1.011378	0.984778	1.018082	1.054234	1.013376	1.043808	0.997463	0.997724	1.005634	1.000369	1.008805	1.006094	1.013487	1.003768	1.005619	1.024673	0.999394	0.992791
LINC00667	LINC00667	ASO_G0263753_01	Targeted lncRNA	r9b8p3	0.87384	0.853504	0.898222	0.886641	0.995693	0.976891	0.999143	1.002131	1.022072	1.004331	1.063962	1.055855	0.953176	0.931486	0.94694	0.929238	0.958846	0.966979	0.984926	0.974805	0.930753	0.94834	0.931476	0.947309	0.919121	0.919416	1.009424	1.00853
LINC00667	LINC00667	ASO_G0263753_05	Targeted lncRNA	r9b8p3	1.036526	0.907167	0.990302	1.025951	1.031143	0.984377	1.008665	0.997733	0.939211	1.017448	0.963643	1.047128	1.017914	0.998482	1.017389	0.992002	0.978493	1.022031	0.981501	1.01791	0.994785	1.009625	0.980593	1.010247	1.006058	0.997062	0.972153	1.009284
LINC00667	LINC00667	ASO_G0263753_06	Targeted lncRNA	r9b8p3	0.962435	0.871684	0.927679	0.929248	0.99407	1.0039	1.006808	0.998932	0.988864	1.016421	1.024636	1.05519	0.962554	0.974084	0.959787	0.959783	0.97547	0.959305	0.984923	0.980468	0.966934	0.955608	0.961435	0.958359	0.943557	0.949455	1.000036	1.014444
LINC00667	LINC00667	ASO_G0263753_08	Targeted lncRNA	r9b8p3	0.996221	0.91011	0.996362	1.0468	1.008101	0.999154	1.006681	1.00223	0.976053	1.001399	1.008654	1.014497	1.012527	1.026237	1.012287	1.021268	1.00327	1.017531	1.005662	1.016023	0.992797	1.021299	0.993124	1.021348	0.997844	1.023201	1.007091	0.998778
LINC00667	LINC00667	ASO_G0263753_10	Targeted lncRNA	r9b8p3	1.001972	0.971986	0.980163	1.020494	0.970368	1.01642	0.988539	1.000815	1.009412	0.998222	1.058667	1.027426	0.972203	1.019496	0.973522	1.007373	1.006588	1.013667	1.007176	1.014152	1.00165	1.00956	1.001164	1.009013	0.970355	1.001228	1.006934	1.003423
LINC00667	LINC00667	ASO_G0263753_AD_01	Targeted lncRNA	r12b2ADp4	0.912591	0.912902	0.953357	1.024145	0.942398	0.944803	0.978663	0.987088	1.043893	1.038754	1.05336	1.02187	0.940474	0.980045	0.94314	0.979622	1.018314	1.045964	1.009939	1.036083	1.019144	1.052477	1.024622	1.053925	0.953156	0.998718	1.000257	0.993734
LINC00667	LINC00667	ASO_G0263753_AD_02	Targeted lncRNA	r12b2ADp4	0.859952	0.953813	1.104824	1.080373	0.993468	0.980647	0.993837	0.979672	1.011452	0.991868	1.005193	1.008754	1.039952	1.012939	1.042303	1.020849	1.046284	1.042535	1.040169	1.026595	1.042238	1.057252	1.048296	1.054955	1.051496	1.047836	1.006436	1.001021
LINC00667	LINC00667	ASO_G0263753_AD_04	Targeted lncRNA	r12b2ADp4	0.917976	0.874438	1.014396	1.005905	1.022047	1.007623	0.995907	0.995286	1.009505	1.011479	1.012194	0.98521	1.017025	1.010217	1.010239	1.009262	1.005375	0.998896	0.997679	0.99557	1.006945	1.006871	1.016401	1.013326	1.010404	1.019877	0.9927	0.995161
LINC00667	LINC00667	ASO_G0263753_AD_06	Targeted lncRNA	r12b2ADp4	0.927563	0.932173	1.110386	1.070866	1.002895	0.969682	0.993972	0.989967	0.992424	0.97007	0.98564	0.975412	1.043123	1.01007	1.033996	1.019006	1.048047	1.034684	1.037579	1.013301	1.081459	1.069891	1.089144	1.066161	1.063705	1.05622	0.994076	0.98406
LINC00667	LINC00667	ASO_G0263753_AD_09	Targeted lncRNA	r12b2ADp4	0.975522	0.959296	1.062078	1.005324	0.971432	1.039623	0.985129	1.010721	1.033455	0.979318	1.051627	0.996084	1.01108	1.017775	1.004593	1.016213	1.051023	0.992846	1.044699	0.985271	1.049141	0.977918	1.047439	0.980462	1.009809	1.00828	1.003911	1.005772
LINC00674	LINC00674	ASO_G0237854_02	Targeted lncRNA	r14b9plusp5;r7b6p5	1.004615	0.88396	0.930989	0.97788	0.952169	0.957975	0.988846	0.997126	1.005079	1.048783	1.045059	1.079068	0.948075	0.974952	0.946625	0.969844	0.978174	0.995419	0.993915	1.005231	0.993439	0.992081	0.998414	0.997376	0.948337	0.9743	1.005921	1.020921
LINC00674	LINC00674	ASO_G0237854_04	Targeted lncRNA	r14b9plusp5;r7b6p5	0.929806	0.993493	1.003126	1.019807	1.064355	1.017648	1.015956	1.006053	1.037794	0.978919	0.971475	1.016981	1.043468	1.028994	1.040928	1.02393	0.964878	1.009155	0.970036	1.013328	0.953268	0.993715	0.959144	0.996952	1.028662	1.009588	1.005667	1.007672
LINC00674	LINC00674	ASO_G0237854_05	Targeted lncRNA	r14b9plusp5;r7b6p5	0.98116	0.94375	0.940157	1.034928	0.995559	0.99927	0.999847	1.008677	0.964083	0.974702	0.991658	0.988972	0.982905	1.03132	0.976657	1.030886	0.965428	1.016166	0.976757	1.025855	0.974921	1.025887	0.974559	1.023735	0.974307	1.0219	0.996731	0.998928
LINC00674	LINC00674	ASO_G0237854_06	Targeted lncRNA	r14b9plusp5;r7b6p5	1.024032	0.929204	1.017333	0.973312	0.986725	1.035968	1.005552	1.010956	1.034596	0.994779	1.006114	1.009663	1.013468	1.017022	1.006835	1.009727	1.014336	0.965871	1.008195	0.983204	1.015124	0.957857	1.006635	0.962337	1.021525	0.989823	0.998179	1.005958
LINC00674	LINC00674	ASO_G0237854_10	Targeted lncRNA	r14b9plusp5;r7b6p5	1.026218	0.944382	0.945337	1.022547	0.952677	1.048518	0.988769	1.013464	1.031465	0.980258	1.077157	0.971277	0.953117	1.044186	0.950853	1.032163	0.984151	0.977454	0.992855	0.984681	0.98156	1.012895	0.984995	1.008174	0.955511	1.038453	1.014931	0.985682
LINC00674	LINC00674	ASO_G0237854_AD_02	Targeted lncRNA	r12b2ADp3	1.031671	1.0468	1.003705	0.996952	1.008031	0.944687	1.013137	0.998439	0.991422	1.008294	1.009142	1.041531	1.013204	0.968354	1.00667	0.968168	0.991218	1.021146	0.995735	1.017602	0.978021	1.018923	0.979741	1.019996	1.000573	0.976091	1.009272	1.00866
LINC00674	LINC00674	ASO_G0237854_AD_04	Targeted lncRNA	r12b2ADp3	0.930553	0.903174	0.963324	0.974059	1.0495	1.063801	1.007071	1.020147	1.000762	0.975671	1.061528	1.049407	1.022826	1.034543	1.011083	1.019791	0.963488	0.972967	0.978027	0.989329	0.954409	0.941375	0.951731	0.944939	0.972998	0.979948	1.019898	1.02534
LINC00674	LINC00674	ASO_G0237854_AD_06	Targeted lncRNA	r12b2ADp3	0.912724	0.964274	0.989692	1.036388	1.022745	0.99215	1.013277	1.009095	0.982865	1.006312	1.02383	1.068631	1.024902	1.029765	1.018029	1.022582	1.005209	1.030837	1.01005	1.034675	0.982284	0.987135	0.984585	0.99377	0.985532	0.98908	1.016074	1.027737
LINC00674	LINC00674	ASO_G0237854_AD_08	Targeted lncRNA	r12b2ADp3	0.911798	0.979081	1.131566	1.013084	1.030114	1.010424	1.01554	1.014051	0.972591	0.995763	0.983907	1.006731	1.09613	1.036053	1.103504	1.041009	1.055051	1.030684	1.045366	1.026825	1.015242	0.96758	1.01153	0.973291	1.07319	1.012194	1.01747	1.025254
LINC00674	LINC00674	ASO_G0237854_AD_10	Targeted lncRNA	r12b2ADp3	0.930797	0.915139	0.96748	1.033212	1.008279	0.997542	1.008797	0.995661	0.999806	0.997008	1.02195	1.038257	1.006895	1.016596	1.00395	1.014742	0.990476	1.016057	0.997849	1.009155	0.970566	1.013725	0.977636	1.007268	0.978134	1.015974	1.008045	1.015698
LINC00702	LINC00702	ASO_G0233117_01	Targeted lncRNA	r14b9plusp3	0.90824	1.000842	1.108255	1.12583	1.00106	1.003341	1.005232	1.006116	1.004852	1.011807	0.987475	1.012773	1.049411	1.060057	1.051931	1.064447	1.032159	1.04208	1.032511	1.041252	1.042175	1.036636	1.046586	1.038053	1.063216	1.05845	1.007464	1.015105
LINC00702	LINC00702	ASO_G0233117_02	Targeted lncRNA	r14b9plusp3	0.100843	0.074738	0.682999	0.622026	0.942181	0.938012	0.973111	0.944941	1.101609	1.125175	1.235061	1.231661	0.809398	0.766701	0.796996	0.749213	0.855945	0.810747	0.897782	0.853696	0.793335	0.768964	0.809339	0.78669	0.76169	0.735971	1.061861	1.03991
LINC00702	LINC00702	ASO_G0233117_03	Targeted lncRNA	r14b9plusp3	0.800723	0.828779	0.99451	0.95865	1.009849	0.97858	0.996455	0.993757	0.963005	1.01543	0.97795	1.042554	1.009645	0.966141	1.010809	0.962978	1.003387	0.998095	0.994077	0.998112	1.040379	0.999281	1.026229	1.002847	1.013459	0.966519	0.987233	1.011582
LINC00702	LINC00702	ASO_G0233117_04	Targeted lncRNA	r14b9plusp3	0.815674	0.830759	0.967174	0.944882	1.077195	1.062159	1.006727	1.004	1.011225	0.998539	1.0754	1.070353	1.040056	1.012217	1.025913	0.997354	0.963653	0.946928	0.993758	0.982162	0.945463	0.953147	0.940543	0.951471	0.965409	0.956415	1.035941	1.02683
LINC00702	LINC00702	ASO_G0233117_10	Targeted lncRNA	r14b9plusp3	0.987213	1.040519	1.043094	0.961601	1.011657	1.026315	1.001781	1.009634	1.00193	1.006813	0.989035	0.990036	1.025188	1.003851	1.032944	0.998982	1.01591	0.964139	1.009832	0.9709	1.025591	0.986847	1.018166	0.978498	1.021606	0.995913	0.996918	0.996145
LINC00702	LINC00702	ASO_G0233117_AD_03	Targeted lncRNA	r10b0ADp2	1.00003	0.99869	1.048663	0.931262	1.032843	0.988143	1.003012	0.99452	0.961266	1.000018	0.964861	1.020089	1.045194	0.957265	1.045452	0.955613	1.015629	0.983251	1.001747	0.984646	1.022657	0.970838	1.014612	0.970943	1.04538	0.951237	0.987843	0.999874
LINC00702	LINC00702	ASO_G0233117_AD_04	Targeted lncRNA	r10b0ADp2	0.991173	1.04109	0.966452	1.009231	0.983946	0.994686	0.993389	1.003423	1.016497	1.000349	1.051003	1.006657	0.975537	1.004709	0.972193	1.006062	0.989331	1.011386	0.995599	1.005924	0.976155	1.002256	0.976522	0.996883	0.963134	0.995111	1.014522	1.00656
LINC00702	LINC00702	ASO_G0233117_AD_07	Targeted lncRNA	r10b0ADp2	0.932442	0.987056	0.939112	0.933023	1.009068	0.977652	0.997953	0.995706	0.997965	1.003176	1.041794	1.030364	0.982354	0.96155	0.974864	0.960291	0.965229	0.985715	0.977259	0.989215	0.984654	0.975705	0.97648	0.980444	0.960165	0.955684	1.004427	1.009784
LINC00702	LINC00702	ASO_G0233117_AD_08	Targeted lncRNA	r10b0ADp2	0.973132	0.989804	1.000265	0.995017	0.958926	0.95097	0.988124	0.985054	1.035381	1.030081	1.07217	1.026222	0.973488	0.966381	0.965714	0.969497	1.018345	1.009602	1.018326	1.008359	1.022727	1.021529	1.026057	1.019272	0.984972	0.981355	1.014373	1.003604
LINC00702	LINC00702	ASO_G0233117_AD_09	Targeted lncRNA	r10b0ADp2	0.744422	0.859683	0.891722	0.910124	0.972269	0.946223	0.986306	0.979105	1.024033	1.044606	1.066921	1.090845	0.935758	0.923806	0.919449	0.914865	0.9529	0.971449	0.97172	0.98513	0.982598	0.996254	0.987949	1.006447	0.922516	0.92339	0.996822	1.007057
LINC00707	LINC00707	ASO_G0238266_01	Targeted lncRNA	r7b6p2	1.023036	0.971927	1.027035	0.967363	1.000517	0.949355	0.997604	0.993234	0.975875	1.010324	0.960251	1.009149	1.007223	0.954743	1.008596	0.95892	1.015891	1.011724	0.99788	1.000757	1.045618	1.001665	1.031104	0.997921	1.032818	0.968512	0.974677	0.996207
LINC00707	LINC00707	ASO_G0238266_03	Targeted lncRNA	r7b6p2	0.968646	0.84023	0.977955	0.999996	1.005737	1.051302	0.990339	1.001068	0.981483	0.963439	0.999237	0.983798	0.985783	1.026688	0.985773	1.012131	0.993806	0.991482	0.99297	0.978561	1.014383	1.026755	1.005403	1.01244	0.988476	1.024657	0.981803	0.973722
LINC00707	LINC00707	ASO_G0238266_04	Targeted lncRNA	r7b6p2	0.921469	0.836832	0.938281	0.998563	1.016835	0.979174	0.996379	0.997422	0.967533	1.002147	0.989631	1.02583	0.976749	0.991102	0.972597	0.985648	0.964684	1.000436	0.967049	1.000531	0.994968	1.005143	0.988929	1.001754	0.97237	0.986071	0.978258	1.007169
LINC00707	LINC00707	ASO_G0238266_05	Targeted lncRNA	r7b6p2	0.988621	0.798911	0.985208	0.989434	1.021543	0.943095	0.992191	0.981568	1.002217	1.015654	1.012054	1.024657	1.008021	0.950062	1.000525	0.950546	0.996116	1.000901	0.997317	0.988143	1.010938	1.042987	0.998394	1.046404	1.002177	0.994146	0.983166	0.983917
LINC00707	LINC00707	ASO_G0238266_06	Targeted lncRNA	r7b6p2	0.893108	0.784944	0.978405	0.96159	0.917525	0.945881	0.97292	0.981315	1.036284	1.040494	1.074157	1.06969	0.939427	0.951919	0.937924	0.94496	1.023161	1.005499	1.009961	1.010244	1.055932	1.014181	1.059878	1.012264	0.973911	0.951701	0.989951	1.003174
LINC00707	LINC00707	ASO_G0238266_AD_02	Targeted lncRNA	r11b1ADp3	1.043984	0.979128	1.01399	1.004112	1.01203	0.942792	1.001451	0.987397	0.972663	1.019352	0.968378	0.981564	1.018545	0.967066	1.02402	0.97381	1.011238	1.035646	1.005866	1.008302	1.003626	1.043043	1.004127	1.042531	1.01907	1.008842	0.99486	0.991555
LINC00707	LINC00707	ASO_G0238266_AD_03	Targeted lncRNA	r11b1ADp3	0.914036	0.962791	1.001489	0.957525	1.045378	0.984809	0.995341	0.997318	0.982912	1.005835	0.95995	1.00543	1.020977	0.974057	1.01398	0.970925	0.97566	0.993343	0.973708	0.981698	1.007017	0.991019	1.001737	0.992014	1.018124	0.978743	0.975408	1.000741
LINC00707	LINC00707	ASO_G0238266_AD_05	Targeted lncRNA	r11b1ADp3	0.686132	0.740578	0.877175	0.87502	0.953026	0.956678	0.98394	0.987697	1.051787	1.045615	1.106247	1.08421	0.911181	0.916708	0.900849	0.912711	0.940761	0.971486	0.961963	0.976824	0.923861	0.949236	0.933264	0.952238	0.894939	0.907498	1.021633	1.015447
LINC00707	LINC00707	ASO_G0238266_AD_06	Targeted lncRNA	r11b1ADp3	0.512641	0.568888	0.947824	0.93821	0.983102	1.022996	0.978584	0.992922	1.026548	0.974033	1.019157	0.98262	0.953294	0.978775	0.948697	0.968836	0.947341	0.945288	0.941137	0.951944	1.001318	0.98891	0.993932	0.975966	0.984694	0.969614	0.983518	0.976817
LINC00707	LINC00707	ASO_G0238266_AD_08	Targeted lncRNA	r11b1ADp3	0.927533	0.960779	0.977659	1.012728	0.967515	0.974593	0.99843	0.993427	1.029297	1.010173	1.026442	1.030989	0.979346	0.993057	0.9801	1.002897	1.005335	1.02033	1.007036	1.018698	0.988446	1.005476	0.994339	1.012809	0.974271	1.001713	1.006917	1.01519
LINC00847	LINC00847	ASO_G0245060_01	Targeted lncRNA	r7b6p3	0.881606	0.792544	0.94415	0.906628	0.952364	0.937882	0.992675	0.995372	1.073053	1.050629	1.089168	1.08204	0.948562	0.92364	0.94261	0.919637	0.98699	0.9819	1.0068	1.000211	0.971656	0.979766	0.977402	0.980013	0.933752	0.918192	1.018994	1.014817
LINC00847	LINC00847	ASO_G0245060_02	Targeted lncRNA	r7b6p3	0.610353	0.538529	0.887293	0.908523	0.850647	0.860861	0.948067	0.937275	1.111387	1.10333	1.146009	1.139498	0.836705	0.852553	0.843779	0.85129	1.011562	1.006158	0.988164	1.003053	1.033043	1.039703	1.042183	1.048063	0.900946	0.905048	1.001427	0.99343
LINC00847	LINC00847	ASO_G0245060_03	Targeted lncRNA	r7b6p3	0.723477	0.677655	0.944763	0.922867	0.948337	0.934659	0.979208	0.98462	1.062812	1.0721	1.055544	1.09668	0.936742	0.925198	0.931022	0.92295	0.992803	0.982697	0.995499	0.994534	1.003154	0.966417	1.011158	0.978394	0.944978	0.921931	0.993983	1.01801
LINC00847	LINC00847	ASO_G0245060_06	Targeted lncRNA	r7b6p3	0.75689	0.748251	0.938699	0.939417	1.011136	0.97064	1.006572	0.993327	1.01843	1.024186	1.035563	1.039107	0.975869	0.947346	0.967977	0.947244	0.965299	0.986957	0.977783	0.985707	0.9654	1.009066	0.962765	1.00648	0.958445	0.961303	1.003809	0.994168
LINC00847	LINC00847	ASO_G0245060_10	Targeted lncRNA	r7b6p3	0.803618	0.740866	0.924306	0.947954	0.956465	0.953428	0.987514	0.998213	1.052861	1.032788	1.069034	1.063275	0.940143	0.949398	0.937207	0.947699	0.990459	0.981274	0.996606	0.988371	1.003821	0.986667	1.002888	0.98922	0.945499	0.957079	0.99612	1.012642
LINC00856	LINC00856	ASO_G0230417_01	Targeted lncRNA	r3b2p2	0.834148	0.942224	0.841185	0.90658	0.997537	0.99558	0.999511	1.006812	0.962515	1.005787	1.011431	1.033889	0.912509	0.960805	0.917316	0.961691	0.952625	0.981887	0.942732	0.992588	0.932034	0.935999	0.920227	0.939711	0.889381	0.923101	0.988297	1.0171
LINC00856	LINC00856	ASO_G0230417_02	Targeted lncRNA	r3b2p2	0.989831	0.912418	0.922389	0.992499	0.939036	0.948693	0.990311	0.9926	1.023476	1.037308	1.005401	1.022013	0.92456	0.97289	0.927275	0.973675	0.981817	1.010996	0.968874	1.017296	1.018144	1.017557	1.004616	1.01848	0.959665	0.987426	0.972143	1.006426
LINC00856	LINC00856	ASO_G0230417_04	Targeted lncRNA	r3b2p2	0.945163	0.967298	0.867688	0.960721	0.962121	0.938421	0.986633	0.993294	1.016441	1.06416	1.021073	1.057574	0.89875	0.941034	0.896743	0.939264	0.94576	1.001825	0.945663	1.000058	0.980686	0.995395	0.977994	0.997643	0.92174	0.94718	0.975682	1.006894
LINC00856	LINC00856	ASO_G0230417_05	Targeted lncRNA	r3b2p2	1.074724	0.911261	0.890093	0.902696	0.937995	0.900116	0.977045	0.981162	1.020509	1.068396	1.000774	1.106343	0.88993	0.897204	0.89289	0.888674	0.980562	1.000463	0.96379	0.998425	1.008795	0.98987	1.005951	0.99974	0.922788	0.910555	0.961865	1.017052
LINC00856	LINC00856	ASO_G0230417_07	Targeted lncRNA	r3b2p2	0.857225	0.861439	0.867724	0.847124	0.917155	0.837568	0.973665	0.967332	1.052814	1.114074	1.097851	1.160405	0.878753	0.836563	0.873561	0.835455	0.975651	0.998714	0.981056	0.994392	0.998387	0.973215	1.000203	0.989318	0.889046	0.855138	0.993235	1.023344
LINC00862	LINC00862	ASO_G0203721_01	Targeted lncRNA	r3b2p5	0.995077	1.012049	0.948434	0.999101	0.881411	0.93302	0.982265	0.994426	1.048501	1.011814	1.081133	1.011992	0.893477	0.960969	0.896297	0.965949	1.026838	1.018089	1.020564	1.012758	1.023947	1.036429	1.024817	1.035273	0.91818	0.992542	1.004326	0.993944
LINC00862	LINC00862	ASO_G0203721_02	Targeted lncRNA	r3b2p5	0.535687	0.558582	0.665262	0.644629	0.776026	0.74162	0.939248	0.939617	1.220171	1.227197	1.430325	1.478261	0.705472	0.677158	0.706294	0.684404	0.980168	0.986192	1.008488	1.024314	0.848829	0.836203	0.878755	0.869787	0.681352	0.64815	1.081991	1.109384
LINC00862	LINC00862	ASO_G0203721_03	Targeted lncRNA	r3b2p5	0.877888	0.969673	0.941876	0.879022	0.964133	0.991596	0.986233	0.991947	1.0298	1.041491	1.095952	1.047062	0.956806	0.940722	0.954565	0.935259	1.011898	0.945268	1.006174	0.956726	1.003621	0.947346	1.002779	0.953288	0.948117	0.928763	1.009495	1.001356
LINC00862	LINC00862	ASO_G0203721_04	Targeted lncRNA	r3b2p5	0.986846	1.012733	0.978357	0.988665	0.9526	0.906191	0.9878	0.987788	1.01287	1.03687	1.051791	1.077972	0.963723	0.930757	0.967399	0.939971	1.015637	1.029734	1.018211	1.036075	1.018519	1.027313	1.024567	1.036628	0.968047	0.953941	1.010513	1.021063
LINC00862	LINC00862	ASO_G0203721_05	Targeted lncRNA	r3b2p5	1.016007	1.035023	0.903337	0.958244	0.951657	1.016432	0.99341	1.008573	1.002824	0.969686	1.090084	1.010142	0.928208	1.004923	0.928836	1.006438	0.985649	0.982141	0.994249	0.985193	0.965575	0.966205	0.971551	0.963029	0.920284	0.983887	1.022589	1.003936
DUBR	LINC00883	ASO_G0243701_01	Targeted lncRNA	r1b0p3	0.975814	0.810804	1.024891	0.941625	0.98186	1.011692	1.000625	1.005906	0.987836	1.035376	1.024549	1.019639	0.997981	0.985386	0.998003	0.981608	0.996318	0.950238	0.999369	0.958684	0.991125	0.955676	0.993021	0.957354	1.003119	0.98151	1.011808	1.003062
DUBR	LINC00883	ASO_G0243701_02	Targeted lncRNA	r1b0p3	0.956467	0.669011	0.785455	0.766049	0.855457	0.856821	0.973029	0.969338	1.073909	1.120004	1.182278	1.203582	0.818852	0.811501	0.818633	0.811313	0.965048	0.942064	0.975535	0.964032	0.944662	0.908288	0.957627	0.936582	0.826599	0.814631	1.034666	1.046309
DUBR	LINC00883	ASO_G0243701_03	Targeted lncRNA	r1b0p3	0.846786	0.882524	0.7883	0.761619	0.727339	0.7444	0.924054	0.927384	1.167204	1.18247	1.292224	1.297717	0.732314	0.732	0.740669	0.73323	1.02038	0.996467	1.024504	1.009941	1.012869	0.973105	1.032482	0.995626	0.785805	0.77537	1.045233	1.044443
DUBR	LINC00883	ASO_G0243701_04	Targeted lncRNA	r1b0p3	1.087301	0.96217	0.93411	0.925431	0.896611	0.970805	0.987089	0.999064	1.063984	1.079325	1.170039	1.077965	0.917293	0.950314	0.912195	0.945115	1.008036	0.977452	1.023357	0.990627	0.96854	0.950284	0.977098	0.959745	0.904335	0.932866	1.038703	1.022762
DUBR	LINC00883	ASO_G0243701_05	Targeted lncRNA	r1b0p3	0.317023	0.254583	0.683513	0.733687	0.685965	0.696435	0.907724	0.902486	1.23528	1.220844	1.422641	1.363652	0.662949	0.687633	0.658262	0.688195	0.980998	1.002715	1.007984	1.001564	0.940584	0.981164	0.967679	1.006873	0.694334	0.742836	1.067636	1.04604
DUBR	LINC00883	ASO_G0243701_AD_01	Targeted lncRNA	r10b0ADp3	1.004981	0.975261	0.949841	0.985524	0.985628	0.952342	0.990351	0.988952	0.992517	1.016746	1.010604	1.022416	0.972947	0.965378	0.966824	0.967603	0.984726	1.014414	0.980163	1.0068	0.999726	1.025041	1.000585	1.024959	0.975348	0.982581	0.994474	1.00091
DUBR	LINC00883	ASO_G0243701_AD_05	Targeted lncRNA	r10b0ADp3	0.873773	0.841995	0.937068	0.935404	0.958976	0.931977	0.978062	0.979836	1.007077	1.031578	1.044692	1.074389	0.936082	0.930888	0.942792	0.937655	0.994385	1.014487	0.98566	1.00109	1.033974	1.026319	1.028163	1.021593	0.964134	0.953847	0.983015	0.994082
DUBR	LINC00883	ASO_G0243701_AD_07	Targeted lncRNA	r10b0ADp3	0.893195	0.812485	0.951991	0.877712	1.002046	0.99347	0.987671	0.995908	1.024406	1.043043	1.075011	1.126581	0.98414	0.949216	0.979667	0.936676	0.995233	0.980683	1.000361	1.000362	0.980391	0.922966	0.982381	0.92282	0.961373	0.890229	1.018131	1.032987
DUBR	LINC00883	ASO_G0243701_AD_08	Targeted lncRNA	r10b0ADp3	0.9655	0.945372	0.9776	1.035967	1.022216	0.919246	1.006838	0.976333	1.028043	1.038747	1.052418	1.068552	1.009508	0.951726	0.998423	0.958892	0.99505	1.04225	1.001764	1.031666	0.979996	1.057603	0.97748	1.063689	0.980046	0.979974	1.007911	1.007888
DUBR	LINC00883	ASO_G0243701_AD_09	Targeted lncRNA	r10b0ADp3	1.005873	0.933215	0.984632	1.020623	0.981337	0.95448	0.98424	0.987964	1.053274	1.027851	1.086362	1.052405	0.98249	0.985824	0.972321	0.975897	1.005823	1.004302	1.012764	1.009915	0.988612	1.019109	0.995131	1.023871	0.962178	0.999739	1.011645	1.005288
LINC00886	LINC00886	ASO_G0240875_01	Targeted lncRNA	r3b2p3	0.941683	1.053943	0.882737	0.962793	0.943258	0.983831	0.983619	0.980375	0.993389	1.018959	0.995953	1.026811	0.898257	0.969948	0.910632	0.966339	0.963216	0.99085	0.958444	0.993096	0.992001	1.000497	0.990827	1.004809	0.94079	0.985389	0.973445	0.995526
LINC00886	LINC00886	ASO_G0240875_02	Targeted lncRNA	r3b2p3	0.097355	0.162039	0.585443	0.654956	0.840801	0.869381	0.934558	0.946223	1.152483	1.127184	1.330383	1.288916	0.69742	0.745224	0.674654	0.727769	0.841194	0.866774	0.881554	0.906322	0.807289	0.847856	0.824687	0.865265	0.685863	0.735009	1.049267	1.033812
LINC00886	LINC00886	ASO_G0240875_03	Targeted lncRNA	r3b2p3	0.950909	0.774165	0.896836	0.888515	1.030082	0.999294	0.996663	1.003018	0.966388	1.007314	1.072501	1.097238	0.965943	0.957963	0.9604	0.954254	0.950834	0.958721	0.970219	0.977064	0.941059	0.926434	0.929423	0.932277	0.929294	0.915412	1.008849	1.028524
LINC00886	LINC00886	ASO_G0240875_04	Targeted lncRNA	r3b2p3	0.98226	0.922205	0.892422	0.943744	1.019802	0.963911	0.990725	0.977806	0.977879	1.022286	1.006786	1.060108	0.951125	0.960352	0.946045	0.953717	0.954192	0.995404	0.95415	1.000944	0.967787	1.013767	0.963226	1.017474	0.941334	0.962729	0.985552	1.004732
LINC00886	LINC00886	ASO_G0240875_10	Targeted lncRNA	r3b2p3	1.054275	0.991388	0.905646	0.896551	0.987302	0.979349	1.002253	0.998789	0.95041	1.011222	0.992023	1.078888	0.94724	0.937956	0.946573	0.935321	0.972548	0.969145	0.963422	0.978409	0.987945	0.947525	0.982511	0.951315	0.953345	0.923274	0.982075	1.016971
LINC00899	LINC00899	ASO_G0231711_01	Targeted lncRNA	r2b1p1	0.998996	1.00023	1.016443	1.168713	1.039105	0.953781	1.009444	0.986676	0.967524	0.984699	0.971612	0.994605	1.037523	1.0383	1.033476	1.048531	0.987029	1.106728	0.987498	1.07309	1.00993	1.099941	1.008047	1.102565	1.026083	1.069897	0.987363	0.998857
LINC00899	LINC00899	ASO_G0231711_03	Targeted lncRNA	r2b1p1	0.977605	0.969959	1.007524	0.967598	0.9219	0.967651	0.993772	0.996532	1.036176	1.028026	1.032433	0.97034	0.957835	0.972134	0.963875	0.969555	1.038836	1.000628	1.037334	0.992403	1.027561	1.02356	1.030371	1.021515	0.973756	0.994274	1.00869	0.981976
LINC00899	LINC00899	ASO_G0231711_04	Targeted lncRNA	r2b1p1	1.034971	0.953027	0.866168	0.912498	0.834014	0.871548	0.952568	0.978388	1.10995	1.06646	1.151002	1.083782	0.838822	0.887651	0.842447	0.890619	1.031531	1.013444	1.032822	1.018552	1.015249	1.007876	1.029642	1.012251	0.869364	0.911932	1.021696	1.015957
LINC00899	LINC00899	ASO_G0231711_05	Targeted lncRNA	r2b1p1	0.870055	0.881103	0.971499	0.955966	0.982627	0.970285	0.99888	1.000171	1.000555	1.024455	1.012248	1.029159	0.977675	0.964356	0.969093	0.965221	0.995604	0.998171	0.99544	1.001229	0.988867	0.98803	0.988355	0.992632	0.96984	0.964667	0.997362	1.008487
LINC00899	LINC00899	ASO_G0231711_06	Targeted lncRNA	r2b1p1	1.010084	0.964859	0.933048	1.017294	0.944221	0.936427	0.999213	0.981593	1.044661	1.028762	1.04987	1.02126	0.946163	0.961346	0.944884	0.969935	0.991638	1.02401	1.001714	1.016132	0.979759	1.046942	0.986217	1.059001	0.94453	1.003835	1.015126	0.997738
LINC00909	LINC00909	ASO_G0264247_01	Targeted lncRNA	r9b8p3	0.974178	0.949455	0.986667	0.97245	1.009358	0.981008	1.007585	0.993533	0.972419	0.998364	0.986929	1.000169	0.993148	0.969923	0.99268	0.968596	1.008116	0.984755	1.005438	0.986149	0.992981	1.011117	0.992921	1.01602	0.983611	0.981494	0.996599	0.988819
LINC00909	LINC00909	ASO_G0264247_03	Targeted lncRNA	r9b8p3	0.831255	0.852831	1.000707	1.012575	0.962771	0.989272	0.991661	1.00318	0.986658	0.993	1.001258	1.013009	0.982291	0.998184	0.979846	0.997269	1.007021	1.003275	1.002353	1.00817	1.027967	1.006813	1.035557	1.00546	0.997633	0.992261	0.988323	1.002967
LINC00909	LINC00909	ASO_G0264247_04	Targeted lncRNA	r9b8p3	0.738214	0.672108	0.999577	1.036734	0.994038	0.9535	0.993234	0.978721	0.993127	1.025706	1.029936	1.049879	0.992143	0.969045	0.978569	0.957586	0.996458	0.997008	0.999458	1.00811	1.037665	1.052508	1.029387	1.058447	0.99144	0.986814	0.984098	0.993504
LINC00909	LINC00909	ASO_G0264247_05	Targeted lncRNA	r9b8p3	0.833102	0.784029	0.928376	0.99375	0.983617	1.006317	0.988119	1.00173	1.022273	0.988701	1.048781	1.025377	0.945351	0.99633	0.934514	0.988811	0.974101	0.986855	0.979558	0.99143	0.961377	1.009711	0.965346	1.01085	0.928813	0.995899	1.005524	0.995374
LINC00909	LINC00909	ASO_G0264247_09	Targeted lncRNA	r9b8p3	0.906265	0.940238	0.966019	1.013207	0.97954	0.990439	0.989779	1.005312	1.01515	1.004895	1.059077	1.019941	0.974577	1.003454	0.96427	0.997915	0.999218	1.013301	1.005728	1.004624	1.017179	1.020006	1.012106	1.01806	0.968626	1.000264	1.002234	0.994641
LINC00938	LINC00938	ASO_G0273015_01	Targeted lncRNA	r1b0p5	0.934197	0.914485	1.078928	1.008192	0.995085	0.956559	0.991509	0.989619	1.003975	1.028751	1.029987	1.011739	1.033877	0.975645	1.034858	0.975205	1.032587	1.018023	1.025007	1.009504	1.048301	1.036128	1.042071	1.037775	1.03501	0.994744	0.997703	0.993406
LINC00938	LINC00938	ASO_G0273015_02	Targeted lncRNA	r1b0p5	0.967159	1.133123	1.004971	0.940038	0.941202	0.931	0.986726	0.988028	1.039564	1.036533	1.055293	1.065926	0.966605	0.934566	0.967963	0.935501	1.043476	1.034692	1.037559	1.022283	1.024224	1.022784	1.024753	1.022712	0.970222	0.93542	1.011042	1.003987
LINC00938	LINC00938	ASO_G0273015_03	Targeted lncRNA	r1b0p5	0.969823	0.897748	0.959555	0.969931	0.982497	1.032597	0.9903	1.009605	1.002887	0.917023	1.0596	1.008627	0.981243	1.011908	0.973849	1.006323	1.001774	0.9848	1.010491	0.997138	0.998305	0.956598	0.998385	0.959192	0.965854	0.982454	1.010654	1.022424
LINC00938	LINC00938	ASO_G0273015_04	Targeted lncRNA	r1b0p5	1.037191	0.905491	0.881931	0.994844	0.932538	0.951622	0.988245	0.988409	1.075063	1.125756	1.142993	1.117475	0.920083	0.974824	0.90931	0.966718	0.999578	1.029611	1.011691	1.038745	0.957325	0.981953	0.964876	0.99229	0.887159	0.942562	1.033824	1.030252
LINC00938	LINC00938	ASO_G0273015_05	Targeted lncRNA	r1b0p5	0.832271	0.718249	0.97366	1.006766	0.772386	0.789749	0.945589	0.955769	1.125906	1.091571	1.167823	1.127241	0.847036	0.866767	0.854414	0.875905	1.096941	1.099304	1.078702	1.076854	1.101544	1.1082	1.107262	1.111351	0.905146	0.931133	1.022012	1.017459
LINC00938	LINC00938	ASO_G0273015_AD_04	Targeted lncRNA	r10b0ADp5	1.109891	1.091536	0.912556	0.993761	1.026864	0.982505	1.000413	1.006057	1.017986	0.974527	1.009069	1.00041	0.983788	0.994817	0.977314	0.99561	0.953348	0.99914	0.970257	1.000958	0.948101	1.003582	0.956799	1.00124	0.947071	0.986207	0.995325	0.995828
LINC00938	LINC00938	ASO_G0273015_AD_05	Targeted lncRNA	r10b0ADp5	1.013421	0.926516	0.943371	0.953552	0.938537	0.947363	0.994934	0.996291	1.035846	1.030042	1.059862	1.048107	0.936858	0.951717	0.936875	0.949063	0.993158	0.99591	1.000272	0.99546	0.99359	1.010045	0.999814	1.009548	0.938185	0.959654	1.01075	1.004318
LINC00938	LINC00938	ASO_G0273015_AD_07	Targeted lncRNA	r10b0ADp5	1.013092	0.916282	0.971972	1.015121	1.054844	1.036884	1.012008	1.005948	0.987469	1.01247	1.014059	0.976768	1.026842	1.020269	1.018659	1.012916	0.963043	0.98083	0.982319	0.991083	0.967818	1.018447	0.961252	1.022571	0.985274	1.017212	1.006906	0.983419
LINC00938	LINC00938	ASO_G0273015_AD_08	Targeted lncRNA	r10b0ADp5	0.970699	0.910052	0.991652	1.031356	1.026902	0.972798	1.003709	0.993956	1.000311	1.036225	1.02932	1.067974	1.01999	1.010017	1.011289	1.010121	0.994623	1.015244	1.005921	1.024407	0.991226	1.007263	0.992349	1.014595	0.98908	0.995886	1.007825	1.01833
LINC00938	LINC00938	ASO_G0273015_AD_10	Targeted lncRNA	r10b0ADp5	0.973329	0.900939	0.886949	0.912547	0.948558	0.976075	0.986134	0.98871	1.04875	1.043963	1.101629	1.071591	0.929172	0.93964	0.920359	0.938485	0.965589	0.973141	0.984714	0.978263	0.970433	0.97672	0.974482	0.981337	0.915887	0.928598	1.014442	1.010325
LINC00941	LINC00941	ASO_G0235884_01	Targeted lncRNA	r6b5p5	0.860418	0.850136	0.946173	0.90347	1.045169	0.955607	1.002188	0.98764	0.97164	1.050082	0.966364	1.057047	1.001627	0.927516	0.987884	0.922065	0.954712	0.959418	0.953444	0.971488	0.978005	0.968351	0.969385	0.970891	0.985075	0.925578	0.973984	1.000994
LINC00941	LINC00941	ASO_G0235884_02	Targeted lncRNA	r6b5p5	0.852574	0.804152	0.978181	0.965561	1.005442	1.004236	0.999718	0.999112	0.967354	1.000745	0.97674	1.035109	0.981207	0.985361	0.971805	0.97528	0.982858	0.981285	0.983365	0.987523	1.017919	0.999221	1.017976	0.999869	0.984107	0.968422	0.971389	0.997371
LINC00941	LINC00941	ASO_G0235884_04	Targeted lncRNA	r6b5p5	0.72215	0.663026	0.963627	0.934453	1.022107	1.008412	0.99713	0.988454	0.972093	1.022588	1.019953	1.068984	0.992497	0.971231	0.981032	0.954525	0.964835	0.958605	0.962041	0.974602	1.030572	0.975448	1.020291	0.969118	0.994172	0.938793	0.979114	1.005513
LINC00941	LINC00941	ASO_G0235884_07	Targeted lncRNA	r6b5p5	0.680798	0.692494	0.910628	0.890794	1.008508	0.995087	0.998406	1.003136	1.01042	1.019229	1.051988	1.074402	0.960241	0.95739	0.940254	0.950916	0.95743	0.943816	0.968441	0.973803	0.955012	0.921615	0.955905	0.918817	0.925359	0.921847	1.004022	1.026658
LINC00941	LINC00941	ASO_G0235884_08	Targeted lncRNA	r6b5p5	0.913693	0.805619	0.967527	0.921462	1.125125	1.058493	1.027249	1.005067	0.990442	1.017102	0.991217	1.043793	1.060604	0.997124	1.048821	0.972528	0.959402	0.937913	0.98162	0.964612	0.914119	0.937847	0.910163	0.934315	0.980856	0.945781	1.017443	1.007848
C10orf143	LINC00959	ASO_G0237489_02	Targeted lncRNA	r7b6p1	0.932356	0.929097	0.978913	0.974998	0.921528	0.921376	0.991271	0.994698	1.027346	1.066892	1.073077	1.062118	0.946259	0.950514	0.952918	0.954765	1.027729	1.031458	1.02431	1.023661	0.99926	0.998262	1.001273	1.000128	0.957241	0.961591	1.018092	1.017192
C10orf143	LINC00959	ASO_G0237489_03	Targeted lncRNA	r7b6p1	0.738401	0.716681	0.952781	0.995683	0.943011	1.009067	0.999731	0.991923	1.025544	1.01197	1.07277	1.044091	0.940827	1.004724	0.942709	0.992062	0.991159	0.97962	1.00958	0.985625	0.984034	1.02503	0.991693	1.024517	0.93696	1.00081	1.028621	1.001741
C10orf143	LINC00959	ASO_G0237489_04	Targeted lncRNA	r7b6p1	0.659889	0.78381	0.906486	0.895811	0.940077	0.924421	0.988801	0.984679	1.021906	1.043838	1.08704	1.114144	0.92296	0.901037	0.91921	0.893355	0.986017	0.978791	1.001108	1.001539	0.957525	0.96248	0.965828	0.972103	0.907811	0.893234	1.024071	1.026064
C10orf143	LINC00959	ASO_G0237489_05	Targeted lncRNA	r7b6p1	0.65879	0.682089	0.908647	0.966449	0.890009	0.970597	0.987217	1.000986	1.072664	1.011754	1.147112	1.076624	0.886136	0.967088	0.889664	0.961857	0.988791	1.005445	1.008123	1.019001	0.962988	0.971577	0.97436	0.978683	0.886964	0.948809	1.045857	1.025773
C10orf143	LINC00959	ASO_G0237489_09	Targeted lncRNA	r7b6p1	0.551718	0.506641	0.833494	0.892782	0.865773	0.915298	0.96545	0.980364	1.088873	1.044866	1.186331	1.129534	0.836027	0.896068	0.836598	0.890004	0.970469	0.979423	0.973333	0.995817	0.950573	0.964212	0.961616	0.971526	0.849828	0.888395	1.031839	1.020292
C10orf143	LINC00959	ASO_G0237489_AD_01	Targeted lncRNA	r11b1ADp3	0.947296	0.923169	1.015212	0.982783	1.034756	1.000852	0.986853	0.998988	0.958398	0.971181	0.935238	0.967897	1.018697	0.990112	1.017228	0.989387	0.974361	0.977871	0.958652	0.973099	1.054215	1.007522	1.038448	1.002846	1.043123	0.998317	0.956848	0.978326
C10orf143	LINC00959	ASO_G0237489_AD_04	Targeted lncRNA	r11b1ADp3	0.930921	0.875476	1.000129	0.961183	1.025699	1.001249	1.008954	1.006498	1.004453	1.036907	1.007205	1.034825	1.017763	0.994206	1.001947	0.987831	0.970643	0.980874	0.983888	0.987601	0.991662	0.976287	0.992404	0.982218	1.002067	0.980176	0.997747	1.009892
C10orf143	LINC00959	ASO_G0237489_AD_05	Targeted lncRNA	r11b1ADp3	0.790329	0.795618	1.011703	1.09559	1.035791	1.027305	1.004607	1.000827	1.014712	1.008996	1.012178	0.991073	1.023838	1.056309	1.011594	1.044148	0.989757	1.018983	0.988969	1.004544	0.981689	1.05212	0.974315	1.044286	1.000794	1.057503	0.998624	0.996343
C10orf143	LINC00959	ASO_G0237489_AD_07	Targeted lncRNA	r11b1ADp3	0.348759	0.331982	0.849413	0.792479	0.882894	0.89773	0.958487	0.966795	1.109683	1.091485	1.154157	1.140856	0.855812	0.839861	0.847741	0.828788	0.952929	0.918398	0.974249	0.938163	0.956841	0.920599	0.970854	0.929867	0.869514	0.856667	1.02945	1.024659
C10orf143	LINC00959	ASO_G0237489_AD_09	Targeted lncRNA	r11b1ADp3	0.963639	1.007286	0.995603	1.025786	0.99621	1.025682	0.983392	0.99714	0.975907	0.994228	0.948734	0.961412	0.981696	1.034862	0.987768	1.037462	0.993196	1.000934	0.977491	0.979825	1.032437	1.028252	1.034071	1.025523	1.019956	1.053012	0.976837	0.98163
LINC00963	LINC00963	ASO_G0204054_01	Targeted lncRNA	r3b2p6	0.956598	1.046026	0.923128	0.897402	0.896347	0.895143	0.965119	0.965623	1.030611	1.087884	1.044836	1.086012	0.898672	0.878556	0.915754	0.882214	1.011219	1.006345	1.000177	1.01071	1.032903	1.005438	1.033621	1.020742	0.941354	0.900001	0.993596	1.010176
LINC00963	LINC00963	ASO_G0204054_02	Targeted lncRNA	r3b2p6	1.02614	1.035589	0.963642	0.917836	0.976	0.953251	0.997303	0.991126	1.000903	1.017858	0.981056	1.024055	0.969796	0.935478	0.9758	0.931622	0.99846	0.973249	0.989862	0.975735	0.991947	0.989603	0.996806	0.99803	0.982429	0.951294	0.998627	1.003326
LINC00963	LINC00963	ASO_G0204054_05	Targeted lncRNA	r3b2p6	1.049248	0.954897	0.919083	0.95909	0.951335	0.964249	0.986305	0.986999	1.028855	1.022004	1.047555	1.051651	0.940946	0.962442	0.944259	0.958949	0.987713	0.984209	0.987883	0.997616	0.983495	0.983494	0.98394	0.989831	0.942858	0.950801	1.001093	1.015127
LINC00963	LINC00963	ASO_G0204054_06	Targeted lncRNA	r3b2p6	1.075087	1.009557	0.898216	0.912633	0.956795	0.952696	0.992333	0.990168	1.013638	1.022349	0.995798	1.043753	0.924787	0.931585	0.933871	0.941662	0.971745	0.996565	0.970372	0.996715	0.974174	0.957273	0.978272	0.96788	0.943279	0.926114	0.98695	1.01625
LINC00963	LINC00963	ASO_G0204054_10	Targeted lncRNA	r3b2p6	0.971795	1.026674	1.011612	0.902817	1.016217	1.038492	0.995825	1.005371	1.000913	1.007086	1.000978	1.017495	1.024359	0.980365	1.022689	0.973741	1.010161	0.94951	1.009236	0.959421	1.009583	0.939141	1.014129	0.946811	1.017343	0.954269	0.999392	1.002943
LINC00968	LINC00968	ASO_G0246430_01	Targeted lncRNA	r2b1p5	0.956056	1.022218	0.952542	1.0332	0.994786	1.047385	1.004039	1.005857	1.031079	0.98243	1.027288	0.990117	0.978671	1.047305	0.977569	1.039958	0.974872	1.000078	0.989481	1.006075	0.950385	1.003186	0.962479	0.99585	0.958018	1.035724	1.014971	1.004118
LINC00968	LINC00968	ASO_G0246430_02	Targeted lncRNA	r2b1p5	0.929018	0.998838	1.00104	1.072011	0.989328	1.045301	0.998946	1.003373	1.036315	0.996207	1.06705	0.985693	0.992593	1.057906	0.988413	1.052115	1.005627	1.015824	1.011815	1.006306	0.992202	1.013136	0.991539	1.016201	0.983883	1.042675	1.022181	0.994378
LINC00968	LINC00968	ASO_G0246430_03	Targeted lncRNA	r2b1p5	0.318001	0.363557	0.984539	0.948242	0.882617	0.881963	0.968638	0.968131	1.024393	1.031168	0.987726	0.976449	0.895806	0.879765	0.904641	0.884394	1.038235	1.005075	1.000524	0.983165	1.073061	1.058039	1.058443	1.050888	0.973642	0.962278	0.971141	0.96556
LINC00968	LINC00968	ASO_G0246430_04	Targeted lncRNA	r2b1p5	0.577192	0.642757	0.906144	0.871614	0.849488	0.835381	0.960415	0.953075	1.105312	1.097553	1.190598	1.142469	0.862235	0.840373	0.866932	0.844834	1.043116	1.006736	1.042031	1.013069	1.002456	1.018352	1.004402	1.023783	0.876651	0.878504	1.034294	1.014218
LINC00968	LINC00968	ASO_G0246430_05	Targeted lncRNA	r2b1p5	1.101622	1.075851	0.983225	0.968666	0.926938	0.966559	0.990037	0.978519	1.056032	0.996637	1.084245	0.997631	0.946525	0.948707	0.948662	0.95224	1.027498	0.99301	1.031693	0.99035	1.006957	1.025049	1.017493	1.033904	0.946331	0.976555	1.023754	0.988375
LINC00968	LINC00968	ASO_G0246430_AD_03	Targeted lncRNA	r13b3ADp5	0.91107	0.912905	1.121846	1.043852	1.01568	1.055049	0.999277	1.012472	0.997885	1.000794	0.980563	0.986639	1.069399	1.060207	1.064363	1.052922	1.04971	1.004407	1.034646	0.997885	1.046382	1.010513	1.036695	0.997165	1.068445	1.040455	0.987822	0.991539
LINC00968	LINC00968	ASO_G0246430_AD_04	Targeted lncRNA	r13b3ADp5	0.868372	0.916563	0.995531	1.014673	1.054822	1.072516	1.011638	1.014053	0.978767	0.982204	0.982907	0.953716	1.022883	1.044484	1.004535	1.022942	0.977712	0.987848	0.975024	0.974356	0.998829	1.020474	0.9862	0.99996	1.000364	1.030881	0.981727	0.976839
LINC00968	LINC00968	ASO_G0246430_AD_05	Targeted lncRNA	r13b3ADp5	0.872271	0.829982	0.927604	1.027236	1.023167	1.037594	0.999506	1.009758	1.017166	0.966404	1.045917	0.994784	0.976058	1.038107	0.961993	1.034944	0.962973	0.999239	0.971621	0.997843	0.952113	1.001648	0.952124	0.992967	0.944457	1.008283	1.006918	1.002103
LINC00968	LINC00968	ASO_G0246430_AD_08	Targeted lncRNA	r13b3ADp5	0.845436	0.821562	1.023405	1.018046	1.039146	1.013886	1.008954	0.997374	0.991802	0.986105	0.983509	1.011644	1.032796	1.016474	1.023262	1.007676	0.995308	1.017895	0.993478	1.008143	1.018689	1.019041	1.013309	1.010515	1.029492	1.003158	0.989757	0.996504
LINC00968	LINC00968	ASO_G0246430_AD_10	Targeted lncRNA	r13b3ADp5	0.89135	0.949784	1.06491	1.030035	1.014071	1.014728	1.001049	0.992614	0.980105	1.002535	0.971016	1.025134	1.032926	1.012855	1.031647	1.0075	1.020622	1.020347	1.007411	1.02073	1.047485	1.028515	1.050344	1.022594	1.040231	0.987975	0.985421	1.001018
LINC01023	LINC01023	ASO_G0272523_01	Targeted lncRNA	r14b9plusp2	0.94684	0.964306	1.011212	0.960562	1.084144	1.016538	1.018962	1.00189	1.000865	1.032659	1.017324	1.050983	1.069776	1.000444	1.061093	0.990723	0.984117	0.980209	0.993856	1.000565	0.938705	0.945893	0.936194	0.95147	1.00423	0.959924	1.02215	1.029194
LINC01023	LINC01023	ASO_G0272523_06	Targeted lncRNA	r14b9plusp2	0.906354	0.904857	1.049824	1.015918	0.973986	0.95693	0.993087	0.998674	1.015577	1.039582	1.037932	1.075748	1.008755	0.980981	1.003997	0.980636	1.015859	1.014271	1.012378	1.031005	1.007489	0.990545	1.01	0.999418	1.01629	0.968315	1.021258	1.029492
LINC01023	LINC01023	ASO_G0272523_08	Targeted lncRNA	r14b9plusp2	0.959355	0.896752	0.952867	0.903303	0.934713	0.912135	0.973408	0.981952	1.046027	1.061048	1.08065	1.117584	0.930933	0.904277	0.92503	0.905091	1.001279	0.986678	1.009826	1.007963	1.027888	0.962967	1.034279	0.976422	0.9497	0.904748	1.006277	1.033438
LINC01023	LINC01023	ASO_G0272523_09	Targeted lncRNA	r14b9plusp2	0.954757	0.971984	1.070756	1.063364	1.03251	1.025057	1.005656	1.004156	0.99392	1.001632	0.983344	1.041032	1.062917	1.050752	1.051343	1.042394	1.023924	1.024638	1.018788	1.040562	1.023723	1.000944	1.019437	0.999139	1.040169	1.01692	0.99853	1.021925
LINC01023	LINC01023	ASO_G0272523_10	Targeted lncRNA	r14b9plusp2	0.898089	0.97096	0.99579	0.964014	0.970557	0.978864	0.990799	0.993186	0.999456	1.036545	1.00888	1.030532	0.968134	0.963591	0.96475	0.964421	1.00991	0.988979	1.008204	1.00348	1.02919	1.001521	1.032334	1.00406	0.980615	0.965941	0.996028	1.000841
LINC01085	LINC01085	ASO_G0248698_01	Targeted lncRNA	r14b9plusp5	0.949438	0.956306	0.936837	1.045319	1.039043	1.05998	0.999813	1.015729	1.003923	1.003473	0.974945	0.987832	0.988665	1.070559	0.976442	1.063676	0.949387	0.980452	0.953422	0.987686	0.981469	0.983329	0.990853	0.98034	0.991052	1.042839	0.983174	1.000443
LINC01085	LINC01085	ASO_G0248698_04	Targeted lncRNA	r14b9plusp5	0.921263	0.918503	1.047405	0.948254	1.036404	1.003203	1.003121	1.003566	0.980326	1.002301	0.980405	1.010247	1.05111	0.981363	1.039011	0.972815	1.001192	0.977017	0.996874	0.983072	1.035087	0.984998	1.023099	0.983794	1.038756	0.965454	0.983576	0.995363
LINC01085	LINC01085	ASO_G0248698_05	Targeted lncRNA	r14b9plusp5	0.972861	0.95562	0.924673	1.007002	1.049371	1.039665	1.006124	1.010463	0.991328	0.997866	1.000293	1.024117	0.988966	1.030962	0.987038	1.024181	0.96241	0.977328	0.974968	0.992396	0.961001	0.976849	0.96078	0.982367	0.958323	1.008983	0.998755	1.012524
LINC01085	LINC01085	ASO_G0248698_07	Targeted lncRNA	r14b9plusp5	0.79804	0.79917	1.006311	0.929329	1.039615	1.028414	0.985876	0.988354	1.026598	1.016736	1.066335	1.06203	1.028718	0.981784	1.014979	0.974479	0.972933	0.953989	0.980956	0.954939	0.972627	0.949923	0.965756	0.95102	1.012121	0.958334	0.999559	0.998827
LINC01085	LINC01085	ASO_G0248698_08	Targeted lncRNA	r14b9plusp5	0.931609	0.948609	0.979859	0.965083	0.992137	1.03033	0.995445	1.007969	0.9878	1.011903	1.011077	1.01374	0.985353	1.008012	0.98328	0.994117	0.988828	0.962718	0.995732	0.976012	0.990796	0.971799	1.003051	0.96962	0.990476	0.978655	1.013331	0.995853
Lipo	Lipo	ASO_Lipo	Mock Transfection	r9b8p6	1.038119	0.988287	1.025063	0.975198	0.966876	1.02906	0.988876	0.99401	1.013058	1.013252	1.016051	1.015678	0.990715	0.997784	0.992935	0.997826	1.019258	0.982888	1.023068	0.98893	1.044208	0.981296	1.047309	0.98788	1.016387	0.98744	0.997449	0.994628
Lipo	Lipo	ASO_Lipo	Mock Transfection	r9b8p5	0.989344	0.98321	0.943046	0.966365	0.992047	1.036605	1.0028	1.005366	1.007436	0.962654	1.022855	0.967779	0.970595	1.0143	0.969599	1.011348	0.974056	0.971368	0.978494	0.965188	0.978956	0.96964	0.980791	0.968831	0.978308	1.004998	0.999586	0.983709
Lipo	Lipo	ASO_Lipo	Mock Transfection	r9b8p4	0.963752	0.892456	1.026653	0.985882	1.034587	1.017165	1.00761	0.999952	1.002582	0.991091	1.008081	0.998968	1.034245	1.002927	1.0263	1.000383	0.99792	0.999389	0.998758	0.989628	0.996792	0.989043	0.993819	0.989719	1.020259	0.998116	1.001394	0.999416
Lipo	Lipo	ASO_Lipo	Mock Transfection	r9b8p3	0.965455	0.941539	0.967501	1.018642	0.968416	0.947068	0.996355	0.9877	0.998397	1.007899	1.030759	1.006834	0.965192	0.971841	0.963374	0.976895	1.000587	1.023586	1.011346	1.00636	0.988528	1.037364	0.994806	1.04748	0.969145	1.005876	1.001882	0.994324
Lipo	Lipo	ASO_Lipo	Mock Transfection	r9b8p2	1.03314	1.000164	1.020657	1.029381	0.987312	1.014514	0.993608	1.010236	1.001261	0.988342	0.990803	0.986912	0.996125	1.027801	1.005338	1.021644	1.004569	0.993188	0.990886	1.004413	1.032777	0.987946	1.033215	0.984842	1.029079	1.008345	0.99331	1.001069
Lipo	Lipo	ASO_Lipo	Mock Transfection	r9b8p1	1.000629	0.968111	0.985938	0.98365	1.033516	1.026585	1.008153	1.007645	0.973641	0.977776	0.952178	0.964739	1.016472	1.007873	1.016951	1.003011	0.969544	0.983174	0.969909	0.977606	0.979746	1.002962	0.975833	1.006115	1.007245	1.014494	0.98797	0.990629
Lipo	Lipo	ASO_Lipo	Mock Transfection	r8b7p6	0.989993	1.029634	1.044182	0.981007	0.983561	1.044946	1.001738	1.007783	0.994074	1.004304	1.006415	0.988943	1.011988	1.022353	1.008374	1.013621	1.024974	0.964919	1.025638	0.978012	1.023062	0.974356	1.015529	0.973967	1.001821	1.004353	1.001428	0.995867
Lipo	Lipo	ASO_Lipo	Mock Transfection	r8b7p5	1.024383	0.990419	0.989586	1.038173	1.000815	1.031654	1.005681	1.006752	1.031348	1.007987	1.012621	1.024134	0.999572	1.034024	1.000617	1.029552	0.995897	0.995742	1.006929	0.999887	0.975111	0.997404	0.981559	0.997799	0.99318	1.024589	1.005911	1.012057
Lipo	Lipo	ASO_Lipo	Mock Transfection	r8b7p4	1.030202	0.982801	0.995907	1.020637	0.97221	1.022137	0.998488	1.016233	1.005576	0.963937	1.040597	1.02266	0.986884	1.033454	0.979417	1.032599	1.017489	0.978947	1.020733	0.995822	1.002842	0.965966	1.002276	0.967703	0.976907	1.020844	1.00756	1.022449
Lipo	Lipo	ASO_Lipo	Mock Transfection	r8b7p3	1.009505	1.016804	0.964511	0.918422	0.926707	0.989258	0.987664	1.003192	1.046407	1.032452	1.063479	1.036929	0.94347	0.961491	0.946955	0.949615	1.027835	0.968734	1.014476	0.979888	1.009795	0.97246	1.009217	0.971031	0.949202	0.9429	1.013514	1.001424
Lipo	Lipo	ASO_Lipo	Mock Transfection	r8b7p2	1.00629	0.980817	1.031254	1.025801	1.013729	0.979854	1.003217	0.998979	0.981709	0.998602	0.974487	0.996057	1.025322	0.995271	1.033199	1.003212	0.996253	1.018445	0.990157	1.00837	1.007057	1.01658	1.006691	1.025466	1.040753	1.01418	0.993751	1.003042
Lipo	Lipo	ASO_Lipo	Mock Transfection	r8b7p1	1.002157	1.034164	1.016693	0.903382	0.980066	0.969904	0.989668	0.979282	1.016439	1.018677	1.027623	1.058305	0.992772	0.934669	0.987282	0.928545	1.021944	0.964139	1.012736	0.969301	1.023885	0.993654	1.02672	0.996968	0.998211	0.941028	0.999506	0.998069
Lipo	Lipo	ASO_Lipo	Mock Transfection	r7b6p6	0.9988	0.953284	1.068107	0.979314	0.977145	0.965896	0.991106	1.004998	1.004184	1.030435	1.002428	1.017659	1.022494	0.971809	1.021632	0.971363	1.034924	0.988863	1.027225	1.001034	1.068717	0.990308	1.070513	0.997624	1.03978	0.984559	1.001951	1.010269
Lipo	Lipo	ASO_Lipo	Mock Transfection	r7b6p5	0.958639	0.921115	0.954614	0.928572	0.967122	1.000412	0.98919	0.993997	1.043133	1.020207	1.032124	1.017228	0.954448	0.963688	0.954531	0.96075	0.992701	0.969964	1.004058	0.971613	1.001949	0.947012	1.009914	0.954431	0.957621	0.943338	1.00568	1.003258
Lipo	Lipo	ASO_Lipo	Mock Transfection	r7b6p4	0.997722	0.943956	0.960735	1.016205	0.974618	0.999691	0.982103	1.000473	1.001481	1.014385	1.008771	1.027402	0.957687	1.011275	0.956935	1.008848	0.984427	1.002677	0.989431	1.005633	1.007836	1.008832	1.0212	1.015673	0.98022	1.022342	0.994279	1.007117
Lipo	Lipo	ASO_Lipo	Mock Transfection	r7b6p3	0.889309	0.957909	0.952816	0.961015	0.982459	0.984946	0.99722	0.981724	1.031113	1.002277	1.023089	1.01449	0.973592	0.961373	0.968606	0.963836	0.980746	0.971629	0.989559	0.984806	0.976393	1.008576	0.97364	1.013132	0.965688	0.98749	1.00394	0.992883
Lipo	Lipo	ASO_Lipo	Mock Transfection	r7b6p2	0.987923	0.976238	0.965138	0.994929	1.016894	0.96627	1.00419	1.000345	0.985857	1.006246	0.96138	1.004684	1.00045	0.981725	0.996517	0.976203	0.979373	0.997338	0.982848	1.001989	0.97672	1.010045	0.977927	1.005702	0.990578	0.983084	0.991979	0.995881
Lipo	Lipo	ASO_Lipo	Mock Transfection	r7b6p1	0.976551	0.950698	0.956435	0.976011	0.988762	0.993265	0.996781	1.000374	0.995302	0.986538	1.00588	1.02291	0.973074	0.98252	0.972577	0.986432	0.985427	1.004411	0.982359	1.003051	0.997217	0.99128	1.000971	0.996775	0.977569	0.984425	0.999141	1.007087
Lipo	Lipo	ASO_Lipo	Mock Transfection	r6b5p6	0.994964	0.922939	0.98251	0.983926	0.967767	0.975278	0.996442	0.996882	1.022209	0.992374	1.051478	1.004235	0.975494	0.970982	0.977596	0.976201	1.006934	1.004569	1.015711	1.008908	1.002317	1.023964	1.007065	1.027495	0.970903	0.99312	1.019789	1.002216
Lipo	Lipo	ASO_Lipo	Mock Transfection	r6b5p5	0.911962	0.977658	0.959878	1.017844	1.0356	1.046311	1.008884	1.000585	0.969542	0.995322	0.985353	0.982051	1.007965	1.033175	1.001294	1.02641	0.962842	0.999155	0.972232	0.994752	0.960506	0.99338	0.962106	0.991158	0.98814	1.031216	0.995779	0.997336
Lipo	Lipo	ASO_Lipo	Mock Transfection	r6b5p4	0.992888	1.004333	0.94413	0.958401	1.02324	1.005209	1.011907	1.004334	0.987388	1.026393	1.011146	1.046563	0.991346	0.992446	0.985496	0.982963	0.970141	0.987858	0.973509	1.010855	0.972642	0.981614	0.969875	0.982047	0.970534	0.968867	1.001017	1.014513
Lipo	Lipo	ASO_Lipo	Mock Transfection	r6b5p3	0.974627	0.980082	0.987915	1.039354	1.010204	1.017118	1.009462	1.009716	1.013766	0.986982	1.015212	1.003202	1.00892	1.032738	1.003368	1.027496	0.998215	1.018684	1.012054	1.019954	0.973612	0.978131	0.980511	0.983628	0.98929	1.004786	1.019062	1.016047
Lipo	Lipo	ASO_Lipo	Mock Transfection	r6b5p2	0.959352	0.92559	1.052662	0.990402	1.009674	1.062641	0.994437	1.004223	1.012542	0.984391	0.994825	0.965431	1.026282	1.036328	1.023262	1.029328	1.013707	0.976428	1.00298	0.979891	1.044712	0.996417	1.044499	0.986686	1.039224	1.022187	0.985301	0.982463
Lipo	Lipo	ASO_Lipo	Mock Transfection	r6b5p1	0.990523	0.952725	0.946784	0.892335	1.002483	0.990801	0.976923	0.991366	1.013374	1.034094	1.040104	1.092647	0.965215	0.944108	0.956943	0.929968	0.964868	0.938271	0.963397	0.957462	1.000786	0.957022	0.995937	0.95138	0.973381	0.931444	0.982816	1.002872
Lipo	Lipo	ASO_Lipo	Mock Transfection	r5b3p6	1.025867	0.979438	1.041709	1.066825	0.925541	1.019031	0.973575	1.000326	1.048555	0.987934	1.034705	0.979696	0.973434	1.041546	0.973046	1.034396	1.050828	1.03786	1.047838	1.027811	1.083296	1.05211	1.084454	1.035017	1.002087	1.036794	1.001734	0.991818
Lipo	Lipo	ASO_Lipo	Mock Transfection	r5b3p5	0.999793	0.956543	0.977481	0.996284	0.96589	0.979147	0.99014	0.991117	1.069294	0.991162	1.027133	1.005357	0.966327	0.985502	0.969501	0.984689	0.984559	1.004457	0.989847	1.00303	0.999065	1.015309	1.003694	1.022422	0.986726	0.992825	1.000864	0.996986
Lipo	Lipo	ASO_Lipo	Mock Transfection	r5b3p4	0.91933	0.957607	0.967387	0.962953	0.996005	0.958052	1.00008	0.993924	0.998455	1.008659	1.018356	1.009022	0.99066	0.958259	0.98563	0.957597	0.989257	1.000657	0.992032	0.997579	0.9833	1.005461	0.982976	1.006401	0.982722	0.974307	1.004533	0.996051
Lipo	Lipo	ASO_Lipo	Mock Transfection	r5b3p3	0.900903	1.084663	0.962362	0.954835	0.960151	0.995941	0.992068	0.992215	1.04944	1.01373	1.02442	1.013885	0.952923	0.96729	0.954997	0.964318	0.992548	0.983768	0.995507	0.991609	1.001992	0.988206	1.010795	0.998809	0.973655	0.965339	1.003845	0.998405
Lipo	Lipo	ASO_Lipo	Mock Transfection	r5b3p2	1.102672	1.068073	1.017097	1.016169	1.004616	1.004649	1.001724	1.010887	0.9532	0.97203	0.964166	0.995283	1.003874	1.014582	1.012572	1.018733	0.999411	0.994517	0.990994	1.001139	1.025874	0.988242	1.021691	0.984924	1.027348	1.012921	0.994027	1.009111
Lipo	Lipo	ASO_Lipo	Mock Transfection	r5b3p1	0.975372	1.07472	0.9297	1.025708	0.986732	1.00378	0.989553	0.997562	1.017351	0.978758	1.057854	0.997788	0.96334	1.021193	0.961913	1.016038	0.980618	1.008454	0.989069	1.006578	0.966851	1.016074	0.979599	1.008099	0.954397	1.018157	1.019395	0.997142
Lipo	Lipo	ASO_Lipo	Mock Transfection	r4b4p6	1.040161	0.896808	0.942817	0.988762	0.956424	0.971979	0.976095	1.000796	1.044182	1.009218	1.051886	1.022704	0.933472	0.982878	0.927484	0.984283	0.984729	1.012382	0.990533	1.004096	1.013769	1.000706	1.022346	1.000376	0.94431	0.983029	0.993374	1.000605
Lipo	Lipo	ASO_Lipo	Mock Transfection	r4b4p5	0.987607	0.932777	1.004407	1.015184	1.015532	1.013421	1.000623	1.000017	0.983126	1.012644	1.007422	1.00551	1.025359	1.016468	1.022085	1.017928	1.009699	1.009056	1.009373	1.006496	0.993656	1.002594	0.982312	1.005877	0.99786	1.011046	1.000191	1.00148
Lipo	Lipo	ASO_Lipo	Mock Transfection	r4b4p4	0.925123	0.992059	1.040579	1.029011	0.930259	0.962648	0.992181	0.9898	1.02673	1.021686	1.026867	1.00739	0.975585	0.983278	0.976817	0.982284	1.025259	1.01626	1.019343	1.012118	1.050259	1.046613	1.050178	1.055097	1.007005	1.013006	1.014333	0.996932
Lipo	Lipo	ASO_Lipo	Mock Transfection	r4b4p3	0.999199	0.930227	0.969187	1.077939	1.013773	1.008562	1.000377	1.008646	0.995176	0.999324	1.005644	0.976652	0.998891	1.053099	0.994299	1.049932	0.976774	1.041952	0.989848	1.040557	0.99613	1.046704	0.996668	1.045163	0.982945	1.045485	0.996437	0.991446
Lipo	Lipo	ASO_Lipo	Mock Transfection	r4b4p2	1.010808	0.935773	0.979961	1.079126	1.009079	1.035489	0.998864	0.995455	1.002804	1.010172	1.011074	0.972737	0.995057	1.052906	0.987257	1.052647	0.973664	1.018125	0.983508	1.004446	0.982232	1.044695	0.990942	1.042861	0.988785	1.062978	1.002533	0.983001
Lipo	Lipo	ASO_Lipo	Mock Transfection	r4b4p1	1.036469	1.02014	1.090597	1.041805	1.063391	0.936284	1.013832	0.988924	0.987759	1.041781	0.957728	1.028463	1.081616	0.979132	1.08199	0.980567	1.022478	1.043502	1.018762	1.028689	1.009804	1.049776	1.010741	1.054616	1.071283	1.01717	1.002452	1.004868
Lipo	Lipo	ASO_Lipo	Mock Transfection	r3b2p6	1.049811	0.9571	0.95063	0.946963	0.996604	1.103749	0.993665	1.015089	1.008792	0.999191	1.036899	0.997542	0.980598	1.036883	0.97079	1.027976	0.990313	0.940938	1.001333	0.958139	1.002143	0.919461	0.996074	0.926072	0.965739	0.979922	0.993949	1.012563
Lipo	Lipo	ASO_Lipo	Mock Transfection	r3b2p5	1.039982	1.043672	0.887958	0.918479	0.949019	0.976039	0.978687	0.997843	0.999075	1.016081	1.035877	1.052096	0.910295	0.954744	0.910895	0.956326	0.969252	0.974116	0.97475	0.996579	0.987352	0.960109	0.997554	0.962553	0.93535	0.943888	0.992197	1.016343
Lipo	Lipo	ASO_Lipo	Mock Transfection	r3b2p4	0.95631	0.981453	0.938408	1.001121	0.988216	0.979524	0.990977	0.989685	1.001594	1.035993	1.031303	1.029436	0.970645	0.986879	0.96275	0.982143	0.985954	1.010749	0.99336	1.018482	0.986391	1.001464	0.997184	1.002743	0.966348	0.980641	1.003601	1.004966
Lipo	Lipo	ASO_Lipo	Mock Transfection	r3b2p3	0.998933	0.960743	0.91224	0.918209	1.0312	0.963477	1.004122	0.996794	1.016477	1.007678	1.00437	1.070244	0.983318	0.953773	0.981347	0.947107	0.943351	0.979884	0.960321	0.994453	0.941766	0.966226	0.948425	0.968145	0.968582	0.932223	1.002649	1.0155
Lipo	Lipo	ASO_Lipo	Mock Transfection	r3b2p2	1.05873	0.939913	0.955849	1.05323	1.02606	1.002824	1.009947	1.016508	1.040429	1.00247	0.996917	1.014974	1.000745	1.034597	0.986255	1.031871	0.947928	1.017859	0.967706	1.026316	0.958958	1.011794	0.956432	0.999875	0.986978	1.014916	0.995368	1.011972
Lipo	Lipo	ASO_Lipo	Mock Transfection	r3b2p1	0.963478	1.057605	0.93457	0.93648	0.939107	0.977748	0.976972	0.995298	1.022092	1.010982	1.019338	1.016837	0.924928	0.956716	0.935342	0.957662	1.002902	0.989283	0.991086	0.989469	1.024978	0.994631	1.035976	1.001666	0.970407	0.963382	0.999373	0.994778
Lipo	Lipo	ASO_Lipo	Mock Transfection	r2b1p6	0.940635	0.976846	1.048858	0.998156	1.003343	1.016769	0.995016	0.99506	0.983359	1.015844	0.982725	1.005607	1.023643	1.016134	1.025454	1.011034	1.019833	0.98659	1.014646	0.987148	1.041758	0.999039	1.045937	1.00447	1.030656	1.021358	0.992195	0.993956
Lipo	Lipo	ASO_Lipo	Mock Transfection	r2b1p5	1.031557	0.997022	0.960177	1.037931	1.015732	0.955532	1.011771	0.995922	1.006833	1.016498	1.027218	1.042839	0.991449	0.986973	0.986467	0.98989	0.966406	1.035495	0.979658	1.036986	0.94951	1.031071	0.951099	1.02534	0.965995	0.984293	1.020792	1.012312
Lipo	Lipo	ASO_Lipo	Mock Transfection	r2b1p4	1.060423	1.008929	0.969935	0.961233	0.968772	0.985921	1.00029	0.996987	1.006428	1.040901	1.025087	1.045545	0.969005	0.975245	0.968112	0.974858	0.986552	0.984342	0.998607	0.992179	1.007781	0.96415	1.007584	0.968526	0.979772	0.969578	1.00194	1.017632
Lipo	Lipo	ASO_Lipo	Mock Transfection	r2b1p3	0.980078	0.989126	1.003763	0.990932	1.047075	1.082955	1.016439	1.01452	0.973923	0.936521	0.95704	0.931121	1.022544	1.039666	1.014492	1.033044	0.980568	0.955121	0.987735	0.954497	1.006413	0.975181	0.998704	0.970002	1.010883	1.033151	0.982983	0.977419
Lipo	Lipo	ASO_Lipo	Mock Transfection	r2b1p2	0.993142	1.012876	0.990881	0.942676	0.971138	0.967395	0.999049	0.995327	0.992531	1.004761	1.014752	1.017897	0.979171	0.954121	0.974195	0.954851	1.006365	0.990828	0.991618	0.993179	1.006231	0.990462	1	0.98914	0.984912	0.955983	0.997644	1.00108
Lipo	Lipo	ASO_Lipo	Mock Transfection	r2b1p1	0.973019	0.974063	0.997123	1.008605	0.950068	0.998348	0.993717	0.993364	1.041308	1.00457	1.036136	1.004407	0.971229	1.008724	0.968189	1.008632	1.004453	1.019444	1.013236	1.019623	1.023407	1.020491	1.02254	1.023094	0.979726	1.001791	1.00545	0.995021
Lipo	Lipo	ASO_Lipo	Mock Transfection	r1b0p6	0.953234	1.063959	1.013717	0.957359	1.003729	1.010263	1.009038	1.003999	1.005909	1.006139	0.983635	1.016398	1.015561	0.987751	1.010904	0.986322	0.985503	0.970222	0.994215	0.981101	0.994882	0.965868	0.996218	0.973207	1.01759	0.977095	0.99576	1.011111
Lipo	Lipo	ASO_Lipo	Mock Transfection	r1b0p5	1.071699	0.942042	0.93921	0.942843	0.912687	0.957902	0.981724	0.985255	1.043048	0.97415	1.078991	1.052386	0.923805	0.950288	0.922279	0.950604	1.008953	1.008425	1.020011	1.003256	1.005626	1.002529	1.00939	1.001979	0.928194	0.942843	1.011619	1.003441
Lipo	Lipo	ASO_Lipo	Mock Transfection	r1b0p4	0.96999	0.937325	1.004754	1.028511	0.98158	1.02062	0.999711	1.007069	1.005612	1.026311	1.034001	0.978696	0.993469	1.028647	0.997642	1.027742	1.003299	1.001572	1.013017	1.001326	0.989897	0.999859	0.997922	0.999073	0.985191	1.032089	1.013019	0.996213
Lipo	Lipo	ASO_Lipo	Mock Transfection	r1b0p3	0.954331	0.974192	1.165888	1.04395	0.968818	1.000521	0.993407	0.998073	0.959568	1.002629	0.98509	0.973307	1.041519	1.013285	1.05015	1.010681	1.08435	1.013248	1.063469	1.007497	1.099419	1.023934	1.093521	1.030617	1.075417	1.032322	0.996617	0.992308
Lipo	Lipo	ASO_Lipo	Mock Transfection	r1b0p2	1.066893	1.022026	0.987815	1.132695	1.03967	0.919711	1.011325	0.976685	0.963548	1.030069	0.967962	1.048409	1.030574	0.998418	1.025627	1.004659	0.976282	1.107328	0.974052	1.082105	0.982308	1.113729	0.983759	1.11215	1.023991	1.029089	0.993724	1.004936
Lipo	Lipo	ASO_Lipo	Mock Transfection	r1b0p1	1.002055	1.016865	0.92625	1.133681	1.042703	0.929475	1.007026	0.989689	0.988028	1.002653	1.008582	1.022773	1.002787	1.014687	0.99336	1.02203	0.951236	1.082985	0.968222	1.074116	0.93949	1.103325	0.935195	1.097228	0.962398	1.040595	1.003973	1.004093
Lipo	Lipo	ASO_Lipo	Mock Transfection	r15bALLp6	0.939289	1.021393	1.060098	1.035926	0.966064	0.975152	0.997837	0.996302	1.012171	1.010799	1.044407	1.029708	1.0098	1.006878	1.010669	1.009936	1.035813	1.034109	1.035871	1.028787	1.023597	1.028187	1.022816	1.028162	1.018016	1.00545	1.018233	1.0105
Lipo	Lipo	ASO_Lipo	Mock Transfection	r15bALLp5	0.984708	0.979139	0.995086	1.061202	1.022516	1.021721	1.003485	1.005222	0.973573	1.005008	0.974126	0.981792	1.007485	1.04524	1.002495	1.042745	0.987702	1.0202	0.986448	1.007176	1.008111	1.01595	1.001709	1.01121	1.005894	1.037316	0.988379	0.997489
Lipo	Lipo	ASO_Lipo	Mock Transfection	r15bALLp4	1.031968	0.732579	1.009904	0.821844	1.029258	1.035509	1.000426	0.994302	0.963478	0.978415	0.989018	0.972443	1.021715	0.918431	1.01901	0.911256	0.997956	0.906153	0.99891	0.916651	1.004194	0.923935	0.997605	0.921931	1.011097	0.912922	0.994409	0.968144
Lipo	Lipo	ASO_Lipo	Mock Transfection	r15bALLp3	1.060102	0.953673	1.008945	0.913753	1.027778	0.990906	1.007126	0.980423	0.98895	0.980875	0.988102	0.970458	1.023511	0.932414	1.023298	0.928268	1.006809	0.959942	1.012129	0.958529	1.006864	0.999361	1.010686	0.996079	1.019366	0.963099	0.998147	0.969391
Lipo	Lipo	ASO_Lipo	Mock Transfection	r15bALLp2	0.941524	0.950353	0.976882	0.983223	0.999903	0.967262	0.996515	0.990603	0.980708	1.020659	0.979167	1.038464	0.982925	0.972558	0.981217	0.968882	0.9656	0.991243	0.974558	0.999504	1.006135	0.987773	1.004895	0.988236	0.994566	0.96938	0.989146	1.006712
Lipo	Lipo	ASO_Lipo	Mock Transfection	r15bALLp1	0.932058	0.933872	0.948604	1.009289	0.981727	1.012586	0.99906	1.007009	1.005722	1.012565	1.010562	0.978272	0.964136	1.018004	0.964503	1.018575	0.98378	1.00048	0.987285	0.999807	0.972193	0.994148	0.970698	0.992077	0.956122	1.009837	1.004634	0.99191
Lipo	Lipo	ASO_Lipo	Mock Transfection	r14b9plusp6	0.981931	0.99168	1.088853	1.055264	0.975296	1.037269	1.00793	1.000883	0.993487	0.967997	0.99853	0.988892	1.03585	1.049417	1.046824	1.043946	1.050275	1.006636	1.042155	1.0126	1.030146	1.025497	1.030988	1.020422	1.040999	1.04873	1.010387	0.998218
Lipo	Lipo	ASO_Lipo	Mock Transfection	r14b9plusp5	0.966198	0.949386	0.999115	0.965283	1.049716	0.976028	1.014092	0.995393	0.973062	1.018467	0.9703	1.045224	1.031359	0.962468	1.026793	0.955848	0.965801	0.977273	0.975785	0.981358	0.979485	0.981323	0.98459	0.987127	1.023641	0.966959	0.9985	1.008384
Lipo	Lipo	ASO_Lipo	Mock Transfection	r14b9plusp4	1.011302	0.96861	1.001097	0.988633	0.984746	1.017959	1.002115	1.001795	0.995472	1.00777	1.006057	0.997067	1.001787	1.0078	1.003615	0.999954	1.003765	0.995998	0.997033	1.004688	0.998742	0.984816	1.001399	0.992822	0.996816	0.98774	1.004908	1.005889
Lipo	Lipo	ASO_Lipo	Mock Transfection	r14b9plusp3	1.009221	0.974191	0.993672	1.020906	1.016172	1.020821	0.990352	1.012077	1.005247	0.995262	1.012173	0.990118	1.001098	1.035521	0.999136	1.034838	0.988255	0.998012	0.992737	1.001463	1.008501	0.984392	1.009169	0.980895	1.004736	1.018338	0.992564	1.008157
Lipo	Lipo	ASO_Lipo	Mock Transfection	r14b9plusp2	1.007463	0.96311	0.963955	1.033007	0.942149	1.0265	0.986022	0.996776	1.024577	0.996704	1.04401	0.995681	0.946382	1.034906	0.946329	1.022999	1.000296	1.004778	1.001726	1.007393	1.010262	1.016986	1.019378	1.012022	0.964296	1.01674	1.012784	0.990067
Lipo	Lipo	ASO_Lipo	Mock Transfection	r14b9plusp1	0.984986	1.012392	0.985321	0.973446	1.061223	0.963742	1.005486	0.992687	0.977129	0.996848	0.988429	1.013058	1.023859	0.973917	1.018967	0.97206	0.981532	0.998618	0.982467	0.997454	0.986687	1.022526	0.982407	1.021918	1.000531	0.994027	0.988354	0.997262
Lipo	Lipo	ASO_Lipo	Mock Transfection	r13b3ADp6	0.946501	0.967724	0.956197	0.989994	0.992678	1.015055	0.999401	0.993785	1.03235	1.017898	1.039997	1.015047	0.976298	1.005676	0.967503	1.000028	0.993736	0.988732	0.993329	0.99082	0.968744	0.999748	0.968284	0.99502	0.956719	1.001427	1.003719	0.995002
Lipo	Lipo	ASO_Lipo	Mock Transfection	r13b3ADp5	0.947839	0.973611	0.95354	1.062915	1.042626	0.97229	1.009825	0.997486	0.98971	1.008084	1.011948	1.031949	1.011081	1.014544	0.999561	1.015336	0.970492	1.035755	0.990124	1.032867	0.943289	1.024492	0.940334	1.022191	0.974011	1.019566	1.014339	1.013463
Lipo	Lipo	ASO_Lipo	Mock Transfection	r13b3ADp4	0.972689	0.998326	1.02873	0.961059	0.984354	1.013749	0.989885	0.993326	1.00947	0.966929	1.026335	0.959977	0.998859	0.982877	0.997084	0.980032	1.002453	0.97424	1.002765	0.966927	1.035005	1.003714	1.037622	1.001943	1.017288	1.000578	0.999484	0.98071
Lipo	Lipo	ASO_Lipo	Mock Transfection	r13b3ADp3	1.028771	0.974767	1.069165	0.95574	1.040654	1.040797	1.011442	1.006643	0.970867	0.974454	1.011511	1.00665	1.061951	1.000106	1.05369	0.99377	1.012982	0.962566	1.013745	0.972154	0.994918	0.96601	0.991348	0.962923	1.043696	0.977486	1.011114	1.000001
Lipo	Lipo	ASO_Lipo	Mock Transfection	r13b3ADp2	0.931004	0.982521	0.974246	1.040512	0.977653	1.02396	1.002688	1.008039	0.998849	0.996628	1.00463	0.969442	0.976884	1.027543	0.976843	1.027496	0.989444	1.004862	0.9929	1.005823	0.990181	1.00155	0.997175	1.008941	0.988328	1.023538	1.004125	0.995313
Lipo	Lipo	ASO_Lipo	Mock Transfection	r13b3ADp1	1.00882	0.983466	0.928412	1.010484	1.047223	1.005418	1.006991	0.998962	0.973711	1.034504	0.997081	1.010014	0.999011	1.002304	0.99419	1.005154	0.951947	0.996372	0.965799	0.983468	0.970131	0.998912	0.964837	0.996527	0.984515	1.005126	0.991925	0.991717
Lipo	Lipo	ASO_Lipo	Mock Transfection	r12b2ADp6	1.056239	1.029195	0.877715	1.00045	1.015671	0.999962	1.005122	0.998295	1.005247	1.01656	1.022279	1.004994	0.953969	1.001857	0.951383	1.003071	0.954627	1.004094	0.969305	1.012275	0.929301	1.023001	0.926271	1.024338	0.921739	1.003035	1.005004	0.998723
Lipo	Lipo	ASO_Lipo	Mock Transfection	r12b2ADp5	1.000754	1.036387	1.039526	1.023804	1.001904	1.020098	1.000995	0.994622	0.980032	0.99152	0.990976	0.989948	1.015976	1.023607	1.022219	1.023529	1.009264	1.013631	1.009949	1.006201	0.999139	1.022254	1.008203	1.015087	1.014574	1.02272	1.002485	0.994606
Lipo	Lipo	ASO_Lipo	Mock Transfection	r12b2ADp4	0.960483	0.994313	1.068042	0.980194	1.013381	0.980645	0.995665	0.991991	0.990434	1.009661	0.998432	1.023445	1.033333	0.983067	1.026566	0.979964	1.040904	0.999238	1.041791	1.004122	1.031609	1.00686	1.031122	1.004025	1.016937	0.987435	1.00665	1.003447
Lipo	Lipo	ASO_Lipo	Mock Transfection	r12b2ADp3	0.998105	1.021218	0.941263	0.985349	1.021721	1.007759	1.010364	1.001489	0.99858	1.018809	1.017492	1.028813	0.996975	1.00576	0.991129	0.997437	0.975765	1.001436	0.98261	0.995359	0.947728	0.983599	0.946093	0.983448	0.966633	0.993275	1.008804	1.010606
Lipo	Lipo	ASO_Lipo	Mock Transfection	r12b2ADp2	1.028174	0.980785	1.016319	1.034958	0.951794	0.941889	0.99055	0.990573	1.021455	1.023921	1.01074	1.044403	0.975733	0.97463	0.981898	0.973155	1.030856	1.025171	1.030956	1.027129	1.045263	1.029575	1.038006	1.038812	0.991331	0.994901	0.998175	1.013525
Lipo	Lipo	ASO_Lipo	Mock Transfection	r12b2ADp1	1.046068	0.961552	0.933706	0.997276	1.000898	1.051991	0.99159	1.014475	1.004588	0.980044	0.99815	0.985582	0.963847	1.025451	0.963451	1.023248	0.964994	0.978351	0.967451	0.997476	0.977031	0.964678	0.98153	0.964097	0.971354	1.003694	0.997401	1.015916
Lipo	Lipo	ASO_Lipo	Mock Transfection	r11b1ADp6	0.98254	0.950812	0.996638	0.94311	0.973349	0.95976	1.000409	0.992891	1.008301	1.039217	1.040016	1.062691	0.990643	0.948531	0.993815	0.945874	1.02494	0.981643	1.030987	0.996743	0.991974	0.960646	0.995364	0.973346	0.971675	0.949608	1.022554	1.023118
Lipo	Lipo	ASO_Lipo	Mock Transfection	r11b1ADp5	0.993803	0.958082	0.965813	0.989742	1.007466	1.01728	1.001073	1.014962	0.984679	0.996527	0.973202	0.975928	0.990232	1.013002	0.989385	1.006243	0.979897	0.990991	0.971074	0.992223	0.99459	0.993078	0.995463	0.989066	0.9958	0.998137	0.987093	0.992549
Lipo	Lipo	ASO_Lipo	Mock Transfection	r11b1ADp4	1.001948	0.910248	0.997257	0.935766	0.998795	0.9891	0.993742	0.996601	0.990689	0.990759	1.000238	1.000538	1.003386	0.963881	1.003478	0.956968	0.985486	0.965576	0.993493	0.961923	1.009167	0.979624	1.006766	0.974826	1.005493	0.970577	0.99314	0.987489
Lipo	Lipo	ASO_Lipo	Mock Transfection	r11b1ADp3	1.05969	1.042306	0.942564	0.921554	0.99146	0.996202	0.996075	0.99731	1.001397	1.03339	1.000789	1.016741	0.97618	0.959785	0.979466	0.956703	0.991814	0.961338	0.985475	0.970021	0.968174	0.948938	0.973746	0.950676	0.970123	0.948106	1.00332	1.005178
Lipo	Lipo	ASO_Lipo	Mock Transfection	r11b1ADp2	0.991856	1.021471	1.07419	1.001274	0.988949	1.022649	1.003876	1.001239	1.030011	1.028901	1.006803	1.043098	1.029955	1.009159	1.028503	1.002773	1.027427	0.999056	1.034529	1.00129	1.037114	0.989247	1.039007	0.992612	1.036112	0.998612	1.001078	1.014943
Lipo	Lipo	ASO_Lipo	Mock Transfection	r11b1ADp1	0.949978	0.947984	0.973136	1.043325	1.00524	0.975525	1.005617	0.980696	0.973151	1.0053	0.98754	1.005677	0.997041	1.002196	0.998368	0.997936	0.985874	1.012707	0.996212	1.012005	0.980152	1.054931	0.980814	1.052644	0.991314	1.026808	1.00434	0.991754
Lipo	Lipo	ASO_Lipo	Mock Transfection	r10b0ADp6	1.024787	0.957523	0.974212	0.955115	0.981056	1.028255	0.992392	1.013463	1.03279	1.010371	1.053136	1.031661	0.966881	1.002446	0.962806	0.994845	0.998765	0.960769	1.00008	0.979741	0.986437	0.943488	0.99324	0.946121	0.959121	0.972135	1.014885	1.017899
Lipo	Lipo	ASO_Lipo	Mock Transfection	r10b0ADp5	1.013283	1.002426	0.938343	1.04494	0.991167	1.037324	0.999217	1.010484	1.027022	1.015117	1.046012	0.97603	0.96846	1.04992	0.965482	1.038811	0.976679	1.007117	0.98722	0.998723	0.962025	0.996314	0.95997	0.996961	0.951471	1.033052	1.011391	0.991049
Lipo	Lipo	ASO_Lipo	Mock Transfection	r10b0ADp4	1.011512	0.987629	0.998877	1.131597	0.981712	0.989036	0.994918	0.998406	1.007477	0.989693	1.044314	1.006688	0.991509	1.047065	0.992159	1.050312	1.002852	1.047109	1.006762	1.035535	0.988903	1.048037	0.998618	1.045257	0.983923	1.053473	1.016525	1.009617
Lipo	Lipo	ASO_Lipo	Mock Transfection	r10b0ADp3	0.997339	1.006775	0.915845	0.946438	0.937543	1.024712	0.98732	1.003727	1.048124	0.976649	1.086042	1.022354	0.925391	0.990401	0.926454	0.984634	0.98224	0.966243	0.99834	0.974403	0.967455	0.949683	0.97948	0.949306	0.926465	0.972972	1.01879	1.012821
Lipo	Lipo	ASO_Lipo	Mock Transfection	r10b0ADp2	0.995469	0.966344	1.059515	0.977774	1.053796	1.024092	1.014307	1.005928	0.985978	0.999476	0.981395	1.017002	1.055168	1.008445	1.044382	1.005999	0.994925	0.986467	1.004727	0.988885	0.994347	0.974986	0.990488	0.976207	1.039501	0.996259	1.00952	1.007365
Lipo	Lipo	ASO_Lipo	Mock Transfection	r10b0ADp1	1.023805	0.985476	0.993164	1.049537	0.992714	0.989033	1.005684	0.998127	0.995799	1.002982	1.004928	1.000852	0.995135	1.015086	0.993765	1.021666	0.995877	1.032487	0.99592	1.027594	0.980019	1.040882	0.985519	1.044864	0.996773	1.033155	1.012575	0.998186
PPM1F-AS1	LL22NC03-86G7.1	ASO_G0224086_03	Targeted lncRNA	r4b4p6	0.889879	1.019463	1.013691	1.142514	0.978785	0.931265	1.005652	0.987784	1.040968	1.043196	1.029944	0.99884	0.999284	1.01534	0.995723	1.027806	1.01724	1.094576	1.026788	1.076317	1.00644	1.096686	1.010371	1.100736	0.991006	1.05747	1.010329	1.004655
PPM1F-AS1	LL22NC03-86G7.1	ASO_G0224086_04	Targeted lncRNA	r4b4p6	1.117204	1.033362	0.949327	1.0859	0.906792	0.995002	0.982951	1.005514	1.047556	0.960355	1.086094	0.968011	0.927247	1.041269	0.927239	1.041939	1.020573	1.030019	1.031136	1.021185	0.997787	1.047191	1.015126	1.045701	0.928907	1.065237	1.023384	0.999922
PPM1F-AS1	LL22NC03-86G7.1	ASO_G0224086_05	Targeted lncRNA	r4b4p6	0.949336	0.889535	0.927493	1.114931	0.986346	0.987793	0.994575	1.00106	1.033674	1.05671	1.066352	1.001438	0.957867	1.054721	0.941326	1.061932	0.968606	1.055771	0.98294	1.063491	0.954391	1.038233	0.96136	1.048597	0.940826	1.054645	1.015965	1.01599
PPM1F-AS1	LL22NC03-86G7.1	ASO_G0224086_06	Targeted lncRNA	r4b4p6	1.008057	1.111569	0.983267	1.137888	0.996711	1.063967	0.99773	1.007462	1.048365	0.946674	1.066927	0.933922	0.997356	1.093726	0.986367	1.100902	1.009084	1.046998	1.013179	1.027752	0.97815	1.051682	0.978803	1.051168	0.972512	1.103506	1.017599	0.995838
PPM1F-AS1	LL22NC03-86G7.1	ASO_G0224086_09	Targeted lncRNA	r4b4p6	1.115719	0.965573	0.961193	0.982039	0.95103	0.948064	0.991924	0.995569	1.050674	1.023657	1.047288	1.055636	0.961141	0.972814	0.962752	0.979946	1.012827	1.029403	1.008455	1.022289	0.99905	0.983227	1.00442	0.99345	0.964037	0.982127	1.009671	1.025134
LOXL1-AS1	LOXL1-AS1	ASO_G0261801_01	Targeted lncRNA	r9b8p6	0.917813	0.991723	0.997023	0.971867	1.038079	0.988275	1.004196	0.991183	1.007846	0.998664	1.034289	1.018262	1.029155	0.974861	1.022021	0.976368	0.992741	0.995408	1.007939	0.997952	0.975034	1.010627	0.980337	1.005766	0.991952	0.981967	1.018588	0.993893
LOXL1-AS1	LOXL1-AS1	ASO_G0261801_02	Targeted lncRNA	r9b8p6	0.90964	0.877227	1.044013	0.935519	1.036442	1.043665	0.998836	0.997894	0.964858	1.001153	0.982654	1.033538	1.037589	0.994343	1.040252	0.986496	1.008163	0.978611	1.004385	0.986774	1.031917	0.981313	1.034652	0.972586	1.042108	0.955918	0.989995	0.99546
LOXL1-AS1	LOXL1-AS1	ASO_G0261801_04	Targeted lncRNA	r9b8p6	0.788097	0.82179	0.974291	1.007563	1.019576	1.049789	0.994709	1.007441	1.009826	0.993008	1.017179	0.998319	0.988336	1.035876	0.984506	1.025507	0.97889	0.988677	0.993574	0.99444	0.997129	0.991386	1.000902	0.983727	0.981336	1.00757	1.002049	0.9948
LOXL1-AS1	LOXL1-AS1	ASO_G0261801_07	Targeted lncRNA	r9b8p6	0.822726	0.906255	0.994011	0.998226	0.96387	1.001154	0.990456	0.990207	1.039667	1.015397	1.085722	1.024601	0.978454	0.986863	0.966964	0.983036	1.003983	0.990094	1.015583	0.985597	1.024579	1.021811	1.024238	1.017622	0.975178	1.008232	1.014796	0.991036
MAGI2-AS3	MAGI2-AS3	ASO_G0234456_01	Targeted lncRNA	r6b5p3	0.949125	0.979277	1.061439	1.068271	1.131008	1.11292	1.030807	1.020414	0.886475	0.969071	0.885006	0.934812	1.113793	1.103305	1.113655	1.093809	0.975497	0.992009	0.971427	0.983178	0.971355	0.987719	0.952198	0.971381	1.084501	1.07386	0.979943	0.979172
MAGI2-AS3	MAGI2-AS3	ASO_G0234456_02	Targeted lncRNA	r6b5p3	0.804219	0.81787	1.060576	0.987806	1.006378	1.006146	0.99996	1.00377	1.015119	1.02387	1.03153	1.034574	1.035349	1.001584	1.02965	0.996799	1.02775	0.996046	1.032623	1.007136	1.024484	0.972441	1.029868	0.973588	1.019627	0.97943	1.008615	1.013779
MAGI2-AS3	MAGI2-AS3	ASO_G0234456_03	Targeted lncRNA	r6b5p3	0.730248	0.724241	0.910036	0.952402	0.934495	0.961868	0.983947	0.991337	1.063021	1.022377	1.128996	1.080094	0.921275	0.960643	0.911313	0.95176	1.001564	0.998577	0.991236	1.008298	0.976285	0.99053	0.978435	0.990581	0.910219	0.943589	1.020197	1.012697
MAGI2-AS3	MAGI2-AS3	ASO_G0234456_04	Targeted lncRNA	r6b5p3	0.76149	0.823237	1.01302	1.142342	1.091931	1.052633	1.010695	1.017746	0.9924	0.949793	1.040456	0.964947	1.058166	1.098524	1.034716	1.098728	0.964371	1.052513	0.983919	1.034752	0.935316	1.054025	0.934057	1.04637	0.996357	1.082031	1.025824	0.993813
MAGI2-AS3	MAGI2-AS3	ASO_G0234456_06	Targeted lncRNA	r6b5p3	0.747585	0.786949	0.968741	0.898497	1.018269	0.947502	1.005178	0.990929	1.019592	1.069826	1.064943	1.098394	1.001039	0.918846	0.992864	0.909747	0.99564	0.962873	1.014329	0.980572	0.953631	0.964326	0.961354	0.976291	0.962158	0.916036	1.024911	1.015038
MAPKAPK5-AS1	MAPKAPK5-AS1	ASO_G0234608_03	Targeted lncRNA	r6b5p4	0.93509	0.992053	0.970942	0.998196	1.018408	1.040431	0.992827	1.011553	0.991793	0.97063	0.961442	0.983579	0.990065	1.025241	0.977282	1.016459	0.953207	1.006788	0.95946	1.005414	1.031728	0.993101	1.015755	0.990249	1.000946	0.999811	0.950338	0.989431
MAPKAPK5-AS1	MAPKAPK5-AS1	ASO_G0234608_05	Targeted lncRNA	r6b5p4	0.923247	0.930325	0.971893	0.970193	1.051482	1.096254	0.975419	1.012521	0.978005	0.949492	0.958347	0.964101	1.002423	1.044405	0.985075	1.02832	0.923391	0.943735	0.917555	0.959899	1.047222	0.975532	1.016163	0.960457	1.025604	1.006063	0.9414	0.979359
MAPKAPK5-AS1	MAPKAPK5-AS1	ASO_G0234608_06	Targeted lncRNA	r6b5p4	0.27553	0.27355	0.836685	0.827228	0.914024	0.915281	0.976458	0.970149	1.08817	1.102645	1.155914	1.153332	0.866928	0.862589	0.859072	0.841337	0.943268	0.92443	0.949048	0.946088	0.932804	0.937386	0.939369	0.945187	0.872354	0.868625	1.01841	1.01044
MAPKAPK5-AS1	MAPKAPK5-AS1	ASO_G0234608_07	Targeted lncRNA	r6b5p4	0.911495	0.924051	0.997613	0.960191	1.016465	1.002574	0.987181	0.995792	0.987264	1.014021	0.937919	1.03551	0.973758	0.98071	0.956915	0.970691	0.947355	0.981787	0.943059	0.991592	1.049915	0.994918	1.034808	1.001528	1.015157	0.975257	0.948776	1.003568
MAPKAPK5-AS1	MAPKAPK5-AS1	ASO_G0234608_09	Targeted lncRNA	r6b5p4	0.924236	0.949408	0.940648	0.996971	1.072089	1.066495	1.009482	1.008876	0.966768	0.985636	0.9745	0.991464	0.995953	1.023265	0.977791	1.012733	0.927418	0.962943	0.95081	0.9749	0.965589	1.002727	0.950344	0.993062	0.960207	1.0081	0.970278	0.986928
MAPKAPK5-AS1	MAPKAPK5-AS1	ASO_G0234608_AD_01	Targeted lncRNA	r11b1ADp3	0.770111	0.77152	0.899668	0.955617	0.995844	1.042067	0.98349	0.993014	0.993918	0.983179	0.977146	0.964726	0.940598	0.996616	0.934912	0.987598	0.933228	0.969421	0.930603	0.954485	0.97866	0.999203	0.972448	0.990599	0.962001	1.011837	0.96998	0.966445
MAPKAPK5-AS1	MAPKAPK5-AS1	ASO_G0234608_AD_04	Targeted lncRNA	r11b1ADp3	0.593662	0.538708	0.912052	0.989156	1.066497	1.143212	0.999669	1.022318	0.980327	0.972145	0.987132	0.966992	0.995686	1.073019	0.98534	1.048036	0.920074	0.946889	0.93068	0.962997	0.95527	0.943092	0.955956	0.932181	0.984555	1.001004	0.991512	0.993759
MAPKAPK5-AS1	MAPKAPK5-AS1	ASO_G0234608_AD_05	Targeted lncRNA	r11b1ADp3	0.814053	0.791217	0.930853	1.001814	0.96178	1.017451	0.986229	0.991279	1.035127	0.99485	1.049191	0.995557	0.936492	0.994873	0.927423	0.986129	0.96603	0.96941	0.962301	0.975253	0.99563	1.02271	0.997415	1.015438	0.947876	1.005197	1.000515	0.981312
MAPKAPK5-AS1	MAPKAPK5-AS1	ASO_G0234608_AD_08	Targeted lncRNA	r11b1ADp3	0.883858	0.851505	1.027863	1.067279	1.038046	1.089909	1.000444	1.002739	0.991887	0.960449	0.98597	0.919	1.033648	1.075396	1.029472	1.069905	0.991942	0.980937	0.985281	0.972793	1.02339	1.042306	1.015888	1.028517	1.03266	1.075312	0.992624	0.965544
MAPKAPK5-AS1	MAPKAPK5-AS1	ASO_G0234608_AD_09	Targeted lncRNA	r11b1ADp3	0.890782	0.928512	1.025524	1.01303	1.050645	0.995409	1.004888	0.99475	0.972863	1.017196	0.948442	1.0137	1.033489	1.001807	1.027598	0.996689	0.979945	0.990564	0.972177	0.993337	1.031752	1.019978	1.025425	1.013009	1.034522	1.010288	0.975419	0.991588
MEG3	MEG3	ASO_G0214548_01	Targeted lncRNA	r1b0p1	0.341379	0.502574	0.569176	0.601372	0.615694	0.634478	0.867047	0.880376	1.327426	1.291863	1.580544	1.499632	0.570212	0.596734	0.576034	0.600744	0.980386	0.989127	1.001988	1.010557	0.863699	0.901587	0.902554	0.936158	0.592517	0.630381	1.099282	1.080976
MEG3	MEG3	ASO_G0214548_03	Targeted lncRNA	r1b0p1	0.98456	0.954896	0.965151	0.99384	0.998925	0.980399	1.003121	0.993816	1.012451	1.042312	1.034967	1.049183	0.998219	0.994122	1.000732	0.993133	0.989395	0.996715	1.002804	1.007711	0.961066	0.987283	0.966319	0.993547	0.978846	0.989432	1.018771	1.012027
MEG3	MEG3	ASO_G0214548_04	Targeted lncRNA	r1b0p1	1.061112	1.068167	1.053616	0.887024	1.007233	0.987506	1.00495	0.995865	0.989236	1.012972	1.021086	1.049783	1.0394	0.947517	1.04073	0.947612	1.025236	0.935931	1.042355	0.95987	1.002798	0.928218	0.99935	0.949558	1.007931	0.934081	1.02025	1.018126
MEG3	MEG3	ASO_G0214548_05	Targeted lncRNA	r1b0p1	1.026923	1.05922	1.051621	1.046447	0.955517	0.928992	0.999079	0.987795	1.071348	1.025859	1.077376	1.073558	1.007398	0.986074	1.004622	0.989037	1.051664	1.039231	1.053892	1.040455	1.02164	1.028176	1.025609	1.03537	0.995469	0.989772	1.019355	1.02313
MEG3	MEG3	ASO_G0214548_06	Targeted lncRNA	r1b0p1	0.886456	0.859867	0.928253	0.946238	0.849766	0.845978	0.969567	0.965981	1.084044	1.102331	1.153577	1.153992	0.883548	0.886016	0.881796	0.888333	1.04068	1.039874	1.041833	1.043207	1.034752	1.036665	1.046535	1.046188	0.894824	0.90292	1.027259	1.023897
MEG3	MEG3	ASO_G0214548_AD_06	Targeted lncRNA	r10b0ADp1	1.034729	1.052439	1.044992	1.051228	0.988372	1.041948	1.00158	1.008605	0.986206	0.950002	1.005297	0.936479	1.018822	1.050955	1.022256	1.049191	1.024081	1.001112	1.03084	1.003947	1.013554	1.026588	1.015931	1.013095	1.014052	1.044597	1.009358	0.97728
MEG3	MEG3	ASO_G0214548_AD_07	Targeted lncRNA	r10b0ADp1	0.950543	0.878644	1.012292	0.932426	1.000315	0.956891	0.995592	0.985945	0.993079	1.028403	1.045223	1.088285	1.001125	0.939914	0.991887	0.935619	0.995816	1.011473	1.007882	1.019638	1.004966	0.982588	1.009209	0.98604	0.989196	0.925941	1.007777	1.018509
MEG3	MEG3	ASO_G0214548_AD_08	Targeted lncRNA	r10b0ADp1	0.892505	0.897971	1.050112	1.013908	1.007839	0.981512	1.000045	0.996258	0.986409	0.988889	0.997177	1.028208	1.022935	0.998616	1.016052	0.998355	1.019266	1.019088	1.004596	1.01503	1.04302	1.009604	1.048163	1.003464	1.033033	0.988215	0.989547	1.003064
MEG3	MEG3	ASO_G0214548_AD_09	Targeted lncRNA	r10b0ADp1	0.763035	0.754711	1.014506	0.931356	1.008468	0.944098	1.005589	0.971488	0.988812	1.042555	1.004931	1.080025	1.023289	0.933042	1.026104	0.939176	1.025918	1.004057	1.018507	0.996751	0.986012	0.969032	0.981477	0.979392	1.007963	0.931417	1.006676	1.012651
MEG3	MEG3	ASO_G0214548_AD_10	Targeted lncRNA	r10b0ADp1	0.902335	0.882064	1.021909	0.9681	0.988652	0.976054	0.993279	0.991278	0.996411	0.997277	1.007469	1.044753	0.996958	0.971515	0.994862	0.966969	1.013949	1.004263	1.009308	1.006552	1.025136	0.993556	1.024564	1.00328	1.00981	0.966009	0.995728	1.008533
MELTF-AS1	MFI2-AS1	ASO_G0228109_01	Targeted lncRNA	r4b4p5	1.149562	0.94356	1.064621	1.03513	1.044014	1.007323	1.015628	1.001034	0.963237	0.96856	0.980418	0.948184	1.057803	1.009591	1.057129	1.012781	1.02998	1.013076	1.035742	0.993752	0.994407	1.028748	0.993463	1.027722	1.027284	1.044447	1.005018	0.981423
MELTF-AS1	MFI2-AS1	ASO_G0228109_02	Targeted lncRNA	r4b4p5	1.069469	0.937062	0.963673	1.052778	1.044837	1.055201	1.004266	1.014002	1.003019	0.975734	1.017888	0.936732	1.011875	1.050322	1.011354	1.053232	0.990641	1.026718	0.986785	1.003399	0.948869	1.02049	0.955622	1.022023	0.975092	1.046552	1.01263	0.982117
MELTF-AS1	MFI2-AS1	ASO_G0228109_06	Targeted lncRNA	r4b4p5	0.928683	0.919176	0.933872	0.963644	0.984364	1.072496	1.000943	1.015549	1.018856	0.979569	1.098266	0.985389	0.972929	1.03572	0.965665	1.029104	0.996919	0.980744	1.01552	0.98639	0.949222	0.956598	0.954228	0.951153	0.931959	0.9873	1.034671	1.005457
MELTF-AS1	MFI2-AS1	ASO_G0228109_07	Targeted lncRNA	r4b4p5	0.931056	0.888787	0.965549	0.966924	0.947892	0.964793	0.99038	1.003513	1.058981	1.053485	1.057749	1.09451	0.943196	0.976306	0.943122	0.966504	0.995562	0.999099	0.988461	1.016051	0.973803	0.974433	0.979029	0.982402	0.955102	0.961998	1.01321	1.030701
MELTF-AS1	MFI2-AS1	ASO_G0228109_09	Targeted lncRNA	r4b4p5	1.025452	1.012342	0.982784	0.928534	1.003692	1.01171	1.005464	0.994179	0.997042	1.030882	1.033244	1.096027	0.992364	0.971351	0.987718	0.966199	1.015212	0.974578	1.016078	0.985818	0.972594	0.94273	0.967821	0.955237	0.96276	0.942365	1.017161	1.022032
MIPEPP3	MIPEPP3	ASO_G0233325_01	Targeted lncRNA	r6b5p6	0.662369	0.695913	0.872049	0.84765	0.870048	0.831318	0.970953	0.959685	1.113931	1.117295	1.1646	1.172498	0.86571	0.820749	0.864951	0.820464	1.005848	1.006197	1.006322	1.012248	0.984608	0.990043	0.992668	1.001023	0.878433	0.849211	1.02342	1.023558
MIPEPP3	MIPEPP3	ASO_G0233325_02	Targeted lncRNA	r6b5p6	0.59031	0.638907	0.778139	0.856859	0.929992	0.960718	0.978559	0.975551	1.089544	1.10589	1.172266	1.1893	0.85976	0.913039	0.840012	0.884627	0.91912	0.941122	0.951936	0.978453	0.898703	0.958384	0.905989	0.96407	0.827595	0.883306	1.032967	1.025711
MIPEPP3	MIPEPP3	ASO_G0233325_05	Targeted lncRNA	r6b5p6	0.759954	0.745499	0.915466	0.912052	0.900854	0.942115	0.977443	0.976064	1.074263	1.073381	1.137622	1.137956	0.895429	0.923608	0.885872	0.914139	0.984462	0.986699	0.998306	0.993126	0.994616	1.002047	1.004939	1.010991	0.908658	0.919169	1.01241	1.017257
MIPEPP3	MIPEPP3	ASO_G0233325_07	Targeted lncRNA	r6b5p6	0.840256	0.808652	0.965752	0.915962	0.936499	0.96828	0.986297	0.996112	1.046793	1.032207	1.083606	1.096512	0.949204	0.951492	0.942747	0.944425	1.017948	0.979047	1.025279	1.003133	1.021732	0.943607	1.032217	0.953453	0.954057	0.919602	1.026007	1.035348
MIPEPP3	MIPEPP3	ASO_G0233325_08	Targeted lncRNA	r6b5p6	0.576947	0.606393	0.91927	0.978518	0.968464	0.994106	0.988814	0.992537	1.038987	1.028365	1.12813	1.063732	0.941577	0.981251	0.930168	0.976044	0.976236	0.997331	0.990942	1.006312	0.966591	1.015075	0.964233	1.013101	0.907926	0.966261	1.024863	1.006541
MKLN1-AS	MKLN1-AS2	ASO_G0236753_01	Targeted lncRNA	r7b6p1	0.959391	0.96813	1.009299	0.918481	0.957487	0.944827	0.994651	0.992	1.013985	1.035504	1.016389	1.064942	0.982688	0.93406	0.984932	0.934065	1.02552	0.987296	1.012536	0.994747	1.026848	0.968424	1.01968	0.975109	1.002377	0.93021	1.001259	1.013881
MKLN1-AS	MKLN1-AS2	ASO_G0236753_02	Targeted lncRNA	r7b6p1	1.000015	0.888379	0.978669	0.947199	0.957188	0.998322	0.999531	1.00054	1.004921	0.996962	1.018036	1.051235	0.966533	0.980518	0.97265	0.979207	1.008878	0.988833	1.001716	1.002333	0.995185	0.95516	1.001683	0.955719	0.976896	0.952891	1.0078	1.020503
MKLN1-AS	MKLN1-AS2	ASO_G0236753_03	Targeted lncRNA	r7b6p1	0.904951	0.793544	0.982679	0.991067	0.993219	0.96067	1.002445	0.996729	0.977107	1.024316	0.995264	1.067618	0.983946	0.972563	0.990774	0.975964	0.99626	1.023395	0.995199	1.026533	0.991339	1.012424	0.991027	1.022437	0.97746	0.976164	1.000983	1.016484
MKLN1-AS	MKLN1-AS2	ASO_G0236753_05	Targeted lncRNA	r7b6p1	0.947739	0.795534	1.013361	0.923823	0.986604	0.929209	1.006017	0.992176	0.988128	1.005829	0.969178	1.031227	0.995742	0.917527	1.000401	0.91926	1.008843	0.984339	0.995433	0.976748	1.015225	0.992644	1.008692	0.998836	1.011068	0.943693	0.987792	0.999922
MKLN1-AS	MKLN1-AS2	ASO_G0236753_06	Targeted lncRNA	r7b6p1	0.991544	0.871122	0.969256	0.950379	0.985038	0.988932	1.008486	1.008989	0.983478	1.010219	1.022915	1.033275	0.984626	0.968579	0.983029	0.970714	1.011061	0.985604	1.00748	0.999376	0.984473	0.957234	0.978178	0.961294	0.968868	0.95081	1.006076	1.016423
MKLN1-AS	MKLN1-AS2	ASO_G0236753_AD_01	Targeted lncRNA	r13b3ADp4	0.932209	0.923438	1.041621	1.012068	1.022624	0.984348	1.00936	0.988884	0.97162	0.992952	0.960782	0.998043	1.029505	0.987819	1.02257	0.986351	0.998591	1.005589	0.994654	0.998603	1.021827	1.048644	1.002788	1.045815	1.029	1.013506	0.978255	0.98334
MKLN1-AS	MKLN1-AS2	ASO_G0236753_AD_02	Targeted lncRNA	r13b3ADp4	0.961023	0.938292	0.977086	0.942014	0.967906	1.010255	0.980663	1.003067	1.024801	0.98922	1.009794	1.013278	0.96581	0.978487	0.968962	0.968464	0.992497	0.97798	0.986631	0.984059	1.001106	0.977991	1.015806	0.977281	0.996791	0.966347	1.00194	1.001397
MKLN1-AS	MKLN1-AS2	ASO_G0236753_AD_05	Targeted lncRNA	r13b3ADp4	0.999569	0.883621	0.948129	0.939667	0.966425	1.001732	0.989382	0.991594	1.01331	1.029974	1.063319	1.036525	0.949982	0.959465	0.950202	0.942885	0.983375	0.971563	0.997477	0.984342	0.982934	0.988446	0.986811	0.992435	0.945803	0.95208	1.01152	0.998969
MKLN1-AS	MKLN1-AS2	ASO_G0236753_AD_07	Targeted lncRNA	r13b3ADp4	1.024207	0.941713	1.044626	1.058804	0.993714	0.989267	0.992511	0.985392	0.992529	1.001152	1.004739	0.99496	1.003304	1.018363	0.991452	1.015052	1.01455	1.016161	1.015185	1.008604	1.045698	1.069086	1.035302	1.064769	1.018459	1.049324	0.992097	0.983331
MKLN1-AS	MKLN1-AS2	ASO_G0236753_AD_08	Targeted lncRNA	r13b3ADp4	0.987614	0.981936	0.96475	1.004664	1.022494	1.042519	0.995022	1.007283	1.008615	0.979087	1.005748	0.991844	0.990351	1.030718	0.980723	1.025332	0.971082	0.989356	0.973672	0.997928	0.990265	0.98886	0.984728	0.982628	0.992045	1.00961	0.993398	1.002681
MRPS31P5	MRPS31P5	ASO_G0243406_02	Targeted lncRNA	r15bALLp3	0.804702	0.895169	0.952557	0.898794	0.962585	0.946505	0.994452	0.975816	1.002964	1.037285	1.012812	1.043714	0.950933	0.908467	0.950452	0.90896	0.984125	0.972489	0.991679	0.978506	0.994016	0.98713	0.997214	0.989438	0.97026	0.937733	1.001592	0.999886
MRPS31P5	MRPS31P5	ASO_G0243406_05	Targeted lncRNA	r15bALLp3	0.874903	0.973138	1.020257	1.071998	1.03513	1.005868	1.008037	1.012756	0.957617	0.993948	0.990268	1.016507	1.032796	1.049072	1.025854	1.047177	0.978789	1.026036	0.984112	1.037508	0.993599	1.002255	0.992173	1.006653	1.03177	1.027861	0.999893	1.018343
MRPS31P5	MRPS31P5	ASO_G0243406_07	Targeted lncRNA	r15bALLp3	1.023119	0.983486	1.003164	0.968865	1.0256	0.992359	1.001776	0.995744	1.009381	0.999739	0.987336	1.002276	1.025149	0.979904	1.021978	0.980504	0.991387	0.994718	0.993541	0.992972	0.996886	0.987106	0.988501	0.992006	1.01252	0.979431	0.997352	0.998344
MRPS31P5	MRPS31P5	ASO_G0243406_08	Targeted lncRNA	r15bALLp3	0.987758	0.949327	0.879439	0.945736	1.01424	0.967685	0.974809	0.990383	0.9497	1.02217	0.876527	1.002799	0.909361	0.941083	0.9027	0.940238	0.890279	0.982677	0.88488	0.982226	1.041801	1.025566	1.032001	1.017784	1.001913	0.973522	0.921029	0.976625
MRPS31P5	MRPS31P5	ASO_G0243406_10	Targeted lncRNA	r15bALLp3	0.875489	0.991374	0.961048	0.914048	0.967353	1.02574	0.988713	0.997738	1.009874	0.978729	1.00464	0.96592	0.95927	0.958285	0.958296	0.953687	0.994737	0.957925	0.996623	0.946472	1.026633	0.987581	1.022863	0.973352	0.987062	0.975109	0.992793	0.963487
NBR2	NBR2	ASO_G0198496_01	Targeted lncRNA	r5b3p4	0.948006	0.910658	1.045488	1.03006	0.982784	0.957374	0.993787	0.99028	0.99937	1.043577	1.018081	1.084955	1.0038	0.991588	1.004924	0.991934	1.002169	1.031592	0.99157	1.034087	1.037325	1.014334	1.048768	1.011427	1.043726	0.993405	0.994131	1.022227
NBR2	NBR2	ASO_G0198496_03	Targeted lncRNA	r5b3p4	0.941224	0.974177	0.979944	0.893813	0.970458	0.95833	0.996892	0.986618	1.036446	1.06199	1.055903	1.058571	0.977569	0.924783	0.972928	0.92643	1.004611	0.96851	1.012116	0.981427	0.987936	0.962291	0.997671	0.973811	0.971723	0.927978	1.019985	1.01587
NBR2	NBR2	ASO_G0198496_04	Targeted lncRNA	r5b3p4	0.823543	0.823764	0.955442	0.892847	0.880239	0.952527	0.967598	0.980677	1.074895	1.048176	1.102677	1.083991	0.899205	0.918005	0.899533	0.915512	1.025514	0.970682	1.015545	0.986849	1.055956	0.977132	1.063589	0.98299	0.947997	0.916245	1.009332	1.01361
NBR2	NBR2	ASO_G0198496_05	Targeted lncRNA	r5b3p4	0.886511	1.0055	0.955923	1.000341	0.940968	1.003983	0.997051	0.998557	1.029848	1.019587	1.078035	1.060638	0.954146	1.009192	0.957338	1.001731	1.012492	1.018299	1.023466	1.033778	0.976797	0.991049	0.987053	0.990251	0.941482	0.978533	1.033796	1.024559
NBR2	NBR2	ASO_G0198496_09	Targeted lncRNA	r5b3p4	0.990165	1.032728	0.963018	0.958122	0.94167	0.939989	0.992747	0.988973	1.037483	1.011378	1.065914	1.04966	0.957573	0.948817	0.953266	0.952504	1.01651	1.011887	1.009888	1.007652	1.009272	1.025041	1.012583	1.031681	0.960211	0.972267	1.005951	1.005693
NC_A	NC_A	ASO_NC_A	Negative Control	r9b8p6	1.046263	0.971731	0.863614	1.058521	0.963619	0.98561	0.986779	0.997139	1.005216	0.993359	1.008465	1.006224	0.910509	1.011651	0.914838	1.014845	0.953751	1.027805	0.959915	1.02874	0.965989	1.030345	0.971078	1.030185	0.924617	1.017684	0.989398	1.005353
NC_A	NC_A	ASO_NC_A	Negative Control	r9b8p6	0.997204	0.982649	0.963259	1.014344	1.042101	1.001977	1.010451	1.001892	0.994713	0.981148	0.99823	0.999314	1.019052	1.008349	1.010069	1.008753	0.971653	1.012514	0.981045	1.003885	0.961372	1.007852	0.962738	1.003815	0.991751	1.006417	1.003678	0.999131
NC_A	NC_A	ASO_NC_A	Negative Control	r9b8p6	1.01808	0.984074	0.977594	1.122669	0.987078	1.019614	1.003153	1.000585	1.019062	1.006502	1.026263	0.961504	0.983321	1.067118	0.98349	1.068006	1.005823	1.028454	1.002751	1.023663	0.984633	1.049809	0.983839	1.048345	0.973326	1.086205	1.006688	0.995751
NC_A	NC_A	ASO_NC_A	Negative Control	r9b8p5	1.026991	1.050363	1.009515	1.01525	0.983953	0.96557	0.991881	0.99457	1.005348	1.005892	0.973062	1.028193	0.994585	0.987885	0.997832	0.994027	0.998841	1.026997	0.996528	1.023535	1.025403	1.026641	1.020465	1.025776	1.015445	0.992053	0.980423	1.004175
NC_A	NC_A	ASO_NC_A	Negative Control	r9b8p5	1.037878	0.961273	0.980384	0.940523	1.059772	0.982174	1.010613	0.990918	0.994335	1.018526	0.993371	1.032957	1.035036	0.957637	1.028836	0.953798	0.990765	0.971808	0.988387	0.980374	0.968425	0.986172	0.970513	0.988293	1.006363	0.955824	1.007903	1.003304
NC_A	NC_A	ASO_NC_A	Negative Control	r9b8p5	0.941505	0.981991	0.94581	1.108518	1.027278	0.981254	1.010365	1.001654	0.982055	0.993845	0.969082	1.003334	0.992385	1.032472	0.985535	1.039973	0.95999	1.051599	0.966481	1.044695	0.948988	1.04437	0.951759	1.043195	0.978845	1.05147	0.998856	1.005339
NC_A	NC_A	ASO_NC_A	Negative Control	r9b8p4	1.035525	0.999036	0.939925	1.051537	1.004931	0.946393	0.998566	0.993178	0.990006	1.031467	0.975384	1.044075	0.96646	0.991031	0.976437	0.994008	0.977879	1.044575	0.972907	1.039024	0.97897	1.040565	0.9769	1.042311	0.975294	1.008536	0.990859	1.009933
NC_A	NC_A	ASO_NC_A	Negative Control	r9b8p4	0.991133	0.950215	1.000579	1.017559	1.049453	1.019396	1.003103	1.002412	0.983663	0.994097	0.989749	0.992374	1.033307	1.017762	1.023346	1.012825	0.985053	1.002489	0.990789	0.996324	0.977787	1.01532	0.984515	1.012548	1.008151	1.020952	1.007778	0.985345
NC_A	NC_A	ASO_NC_A	Negative Control	r9b8p4	1.002605	1.021486	0.996669	0.993731	0.976038	1.00379	1.000719	1.002023	0.989961	1.010807	1.010566	0.987852	0.984827	1.006614	0.988112	1.005271	1.000428	0.989576	1.00681	0.994146	1.00246	0.984896	1.000994	0.982731	0.986751	1.000315	1.004567	1.001518
NC_A	NC_A	ASO_NC_A	Negative Control	r9b8p3	1.027043	1.02639	1.015791	0.979277	1.003415	1.038882	0.998684	1.006721	0.987877	0.976918	0.97098	0.99456	1.001185	1.008745	1.004609	1.012881	1.019155	0.975691	1.004822	0.977382	1.041823	0.973366	1.034133	0.980035	1.012355	1.003148	0.97487	1.006794
NC_A	NC_A	ASO_NC_A	Negative Control	r9b8p3	0.976579	0.955184	0.93094	1.023564	0.991567	0.959699	1.002274	0.990229	1.006189	0.99758	1.021488	1.012271	0.970889	0.980287	0.964736	0.981975	0.965024	1.019798	0.978302	1.016467	0.959382	1.037739	0.963682	1.030982	0.959683	0.997757	1.005581	0.998578
NC_A	NC_A	ASO_NC_A	Negative Control	r9b8p3	0.98738	1.027424	1.003616	1.046811	1.026025	0.980412	1.004212	0.997879	1.019462	1.011974	0.998729	1.001972	1.025348	1.013547	1.020285	1.015515	0.991925	1.028406	0.997198	1.025829	0.973123	1.014567	0.976984	1.014185	1.010381	1.016676	1.008098	1.00608
NC_A	NC_A	ASO_NC_A	Negative Control	r9b8p2	0.997297	0.988115	0.929061	1.037116	0.986961	0.983211	0.995509	0.996059	0.989319	1.003792	1.008681	1.00157	0.954655	1.008273	0.955562	1.012703	0.973198	1.023038	0.966216	1.018917	0.975059	1.032567	0.97047	1.035214	0.953899	1.020174	0.986639	1.003831
NC_A	NC_A	ASO_NC_A	Negative Control	r9b8p2	1.000647	0.978586	1.038318	0.956492	1.0049	0.975148	0.993899	0.994015	1.010577	1.003751	1.008432	1.02168	1.024771	0.962168	1.02242	0.963229	1.021855	0.994889	1.015527	0.998069	1.029824	0.984373	1.032475	0.984566	1.027898	0.966854	0.997921	1.009003
NC_A	NC_A	ASO_NC_A	Negative Control	r9b8p2	1.004446	1.030909	0.938606	1.100407	1.016912	1.032867	1.008994	1.011523	1.0047	0.987859	0.995685	0.963952	0.979303	1.070831	0.973751	1.072335	0.962665	1.024354	0.973415	1.027856	0.952274	1.025902	0.953723	1.023552	0.960603	1.070572	1.000393	1.002214
NC_A	NC_A	ASO_NC_A	Negative Control	r9b8p1	1.07113	1.000032	1.027647	0.9424	0.977506	1.0281	0.99934	1.00404	1.015067	0.991844	0.988369	1.013582	0.998895	0.994981	1.003835	0.988775	1.036355	0.96868	1.025561	0.98121	1.023996	0.967201	1.026365	0.963765	1.01241	0.96928	0.999322	1.001791
NC_A	NC_A	ASO_NC_A	Negative Control	r9b8p1	0.961933	0.970743	1.038303	0.958471	0.976369	0.985574	0.991697	0.9943	1.00336	1.006681	1.008077	1.026859	1.007544	0.969571	1.012176	0.964669	1.019322	0.985238	1.011289	0.99535	1.035257	0.992141	1.036824	0.991559	1.024515	0.960574	0.99883	1.006167
NC_A	NC_A	ASO_NC_A	Negative Control	r9b8p1	1.00658	0.989582	0.996191	1.036988	1.009768	1.022683	1.008637	1.001986	0.979799	1.00325	0.982841	0.980271	1.004988	1.024022	1.002846	1.027699	0.982538	1.007867	0.985953	1.000636	0.984953	0.996452	0.979394	1.002092	1.003491	1.02973	0.995034	0.998856
NC_A	NC_A	ASO_NC_A	Negative Control	r8b7p6	1.033684	1.01559	0.957703	1.02669	0.977098	1.017041	0.996064	0.990102	0.970674	1.00822	0.96815	0.995266	0.967013	1.015409	0.971485	1.015994	0.983851	1.014714	0.977211	1.009683	1.000861	1.040653	0.995711	1.03823	0.984378	1.026487	0.983179	0.987166
NC_A	NC_A	ASO_NC_A	Negative Control	r8b7p6	0.998008	0.968408	0.959721	1.000345	0.990585	0.99948	0.999051	0.999015	1.032987	1.005107	1.045858	1.010927	0.984895	1.001673	0.97881	1.00358	0.992355	1.006095	1.001904	1.009626	0.98434	0.989481	0.980995	0.998055	0.964949	0.994999	1.0065	1.009912
NC_A	NC_A	ASO_NC_A	Negative Control	r8b7p6	0.974023	1.010286	1.035301	1.020241	1.001445	1.014352	1.009821	1.005946	0.983603	0.99941	1.000567	0.979232	1.012069	1.018941	1.012031	1.018099	1.014088	0.988897	1.010454	0.991123	0.986521	0.998143	0.987454	0.999555	1.006152	1.023034	1.012609	1.000633
NC_A	NC_A	ASO_NC_A	Negative Control	r8b7p5	1.032553	1.013375	0.937048	0.998686	1.012038	1.008542	1.003148	0.99819	0.984323	0.976069	0.981207	0.999664	0.977274	0.998529	0.978457	1.00189	0.970047	1.010101	0.967311	1.005535	0.99123	1.015542	0.983792	1.018278	0.981373	0.998643	0.983076	0.997478
NC_A	NC_A	ASO_NC_A	Negative Control	r8b7p5	0.969616	0.925232	1.019087	1.039344	0.953529	0.994552	0.988459	1.004492	1.051567	1.037867	1.047949	1.013632	0.979069	1.013184	0.982439	1.007924	1.017487	1.004664	1.023088	1.014062	1.012523	0.989168	1.020795	0.992471	0.98849	1.008789	1.01413	1.01462
NC_A	NC_A	ASO_NC_A	Negative Control	r8b7p5	1.0543	1.004924	0.986058	1.019777	1.036931	0.994408	1.002908	1.002802	0.972425	0.977748	1.004669	0.952879	1.022154	1.009789	1.018952	1.010338	0.992264	1.005436	0.990189	0.999816	0.976389	1.015148	0.977428	1.007236	0.999349	1.023357	1.004319	0.986376
NC_A	NC_A	ASO_NC_A	Negative Control	r8b7p4	1.019792	0.961435	0.98609	1.004176	1.011753	0.967563	1.007538	0.995526	0.998792	0.989074	0.984343	1.028823	1.001081	0.988545	0.998565	0.991093	0.987361	1.016575	0.986959	1.016503	0.979411	1.00852	0.973158	1.011583	0.996509	0.98592	0.995946	1.007386
NC_A	NC_A	ASO_NC_A	Negative Control	r8b7p4	0.965444	1.003126	0.998765	0.958013	0.968623	1.047635	0.991407	1.005312	1.004584	1.008757	1.028368	1.007613	0.975971	1.010834	0.977133	1.004901	1.013786	0.972988	1.015309	0.98924	1.018087	0.95498	1.02584	0.956991	0.98004	0.981621	1.003479	1.010292
NC_A	NC_A	ASO_NC_A	Negative Control	r8b7p4	1.06025	0.989953	1.083043	0.969913	1.041855	0.962571	1.003235	0.996981	0.995003	1.003789	0.957529	0.993324	1.062596	0.960972	1.065864	0.962444	1.011874	0.997416	1.00007	0.99192	1.034565	1.004437	1.034972	0.997457	1.079133	0.976777	0.987503	0.995394
NC_A	NC_A	ASO_NC_A	Negative Control	r8b7p3	0.99267	1.040462	0.907547	1.005726	0.976683	0.987155	0.994879	0.989355	0.995233	0.992217	0.999993	0.997718	0.938721	0.992792	0.934835	0.995323	0.976733	1.012994	0.969	1.00238	0.981195	1.059549	0.971926	1.053154	0.941013	1.017996	0.98071	0.977285
NC_A	NC_A	ASO_NC_A	Negative Control	r8b7p3	1.026148	0.987122	1.035702	1.000306	0.985613	0.977997	0.997081	0.996596	1.001552	1.010168	1.031497	1.012449	1.010467	0.986254	1.009584	0.99255	1.026174	0.993933	1.032108	0.996968	1.007113	0.993872	1.014208	0.999294	0.998159	1.000424	1.014627	1.011285
NC_A	NC_A	ASO_NC_A	Negative Control	r8b7p3	0.94255	1.011049	1.007208	1.04351	1.005706	1.066845	1.005445	1.016644	1.008792	0.992038	1.013546	0.944796	1.005105	1.066661	1.002416	1.065292	0.996882	0.993283	1.001287	0.998257	0.975147	0.983123	0.977655	0.983762	0.992721	1.049687	1.015487	1.000606
NC_A	NC_A	ASO_NC_A	Negative Control	r8b7p2	0.976657	0.981389	0.954273	0.959192	1.021707	0.996264	0.993658	1.002357	0.951446	0.996665	0.94795	1.030979	0.983336	0.985246	0.990352	0.981097	0.969454	0.991434	0.96105	0.987282	1.004214	0.988284	0.99954	0.985583	1.001912	0.984597	0.972157	0.99736
NC_A	NC_A	ASO_NC_A	Negative Control	r8b7p2	1.030823	0.989438	0.998788	0.962569	0.96195	1.038129	0.987653	1.013333	1.031284	1.007198	1.033823	0.981703	0.977633	1.008885	0.97918	1.005031	1.01056	0.979323	1.012275	0.984844	1.021402	0.958747	1.030794	0.958659	0.989899	0.981474	1.010422	1.004807
NC_A	NC_A	ASO_NC_A	Negative Control	r8b7p2	1.027176	0.994517	0.951954	1.173224	0.959877	1.022073	0.995042	1.007957	1.022719	0.990687	1.034122	0.971423	0.95597	1.08893	0.954175	1.090164	0.995833	1.053397	1.004487	1.050062	0.995494	1.031859	0.99783	1.027594	0.963016	1.079102	1.006244	1.00901
NC_A	NC_A	ASO_NC_A	Negative Control	r8b7p1	0.993625	1.049025	0.932323	0.957416	0.988752	0.972952	0.996254	0.999358	0.973751	1.003238	0.979375	0.999602	0.963325	0.968749	0.963547	0.970946	0.976848	0.99405	0.97875	0.993672	1.010902	1.001098	1.000074	1.002583	0.968203	0.977326	0.977058	0.994089
NC_A	NC_A	ASO_NC_A	Negative Control	r8b7p1	0.980476	0.984438	0.915581	0.986293	1.016983	0.987301	1.001504	0.994938	1.016414	1.027996	1.050871	1.024177	0.973422	0.987705	0.965506	0.980672	0.965573	0.997223	0.985671	0.988678	0.931223	0.998007	0.938812	1.001444	0.934019	0.995985	1.022828	1.002067
NC_A	NC_A	ASO_NC_A	Negative Control	r8b7p1	0.989199	1.003237	1.100689	1.107698	1.053252	0.980761	1.010968	0.996978	1.002469	0.976132	0.987504	0.958472	1.071353	1.035446	1.076577	1.042752	1.029454	1.036851	1.023946	1.029282	0.993891	1.06488	0.997339	1.059748	1.048341	1.076126	1.016297	0.98766
NC_A	NC_A	ASO_NC_A	Negative Control	r7b6p6	1.007253	0.970006	0.909416	1.025883	0.985645	0.969979	0.991607	1.003171	0.99415	1.000685	1.003007	1.006583	0.94307	0.99787	0.942189	0.99719	0.970223	1.019094	0.97124	1.021955	0.975091	1.024907	0.966355	1.024359	0.939599	1.008748	0.986304	1.0067
NC_A	NC_A	ASO_NC_A	Negative Control	r7b6p6	0.94409	0.970952	1.004824	1.004412	0.979402	0.991698	1.001328	0.999483	0.984773	1.051236	1.010957	1.007563	0.996097	1.000801	1.001648	1.00147	1.003918	1.012207	1.004117	1.006901	1.010205	0.998762	1.014255	1.006253	1.005818	0.999139	0.99386	1.002837
NC_A	NC_A	ASO_NC_A	Negative Control	r7b6p6	0.991805	1.115894	0.958044	1.097421	0.995675	1.077601	0.996087	1.008323	1.013298	0.955857	1.011009	0.960881	0.972536	1.089626	0.96858	1.088923	0.970812	1.023746	0.974814	1.020974	0.987934	1.003102	0.989637	0.999141	0.978821	1.067875	1.001256	1.009043
NC_A	NC_A	ASO_NC_A	Negative Control	r7b6p5	1.100628	0.980354	1.000274	1.033547	0.986233	0.979904	0.989467	0.994987	1.00364	0.992069	0.965875	1.003278	0.991432	1.000272	0.995106	1.008426	0.996074	1.017053	0.988615	1.012591	1.042575	1.014825	1.037551	1.014627	1.018354	1.016295	0.974318	1.006615
NC_A	NC_A	ASO_NC_A	Negative Control	r7b6p5	0.927409	0.967464	0.926231	0.940531	0.958637	0.983388	0.998368	0.999847	1.009744	0.992131	1.056554	1.023654	0.949677	0.960799	0.956154	0.95596	0.995797	0.985233	1.00211	0.981986	0.961569	0.989456	0.96344	0.988695	0.937313	0.966265	1.024888	0.995233
NC_A	NC_A	ASO_NC_A	Negative Control	r7b6p5	1.018352	1.005793	1.039828	1.059588	1.047747	1.044091	1.008942	1.008389	0.994966	1.00745	0.968109	0.98253	1.045977	1.051843	1.03711	1.047244	0.996238	1.009606	0.993826	1.020871	1.002542	0.989033	1.001119	0.994567	1.030008	1.031765	0.984704	1.014242
NC_A	NC_A	ASO_NC_A	Negative Control	r7b6p4	1.021963	1.010326	0.90826	0.995081	0.983367	1.042988	0.988487	1.00985	1.023012	0.977891	1.005654	0.96477	0.942968	1.025599	0.944754	1.027025	0.967499	0.980561	0.966794	0.990936	0.972274	0.983784	0.971257	0.988127	0.94897	1.019546	0.986027	1.002657
NC_A	NC_A	ASO_NC_A	Negative Control	r7b6p4	0.970981	0.898706	0.979129	1.03624	0.996049	0.963198	0.993599	0.993976	1.011936	1.029276	1.035249	1.015171	0.992798	0.992963	0.981357	0.997677	0.996431	1.026037	1.001035	1.022968	0.987012	1.053122	0.98857	1.050368	0.975192	1.015906	1.002971	0.99579
NC_A	NC_A	ASO_NC_A	Negative Control	r7b6p4	1.034582	1.063442	1.007538	1.073752	0.999777	1.014621	1.006196	1.007892	0.957149	1.000736	1.012097	0.967059	1.003044	1.042628	0.999593	1.049595	1.004889	1.024583	1.007335	1.010932	0.992502	1.011305	0.987174	1.014503	0.991337	1.049049	1.013789	0.998765
NC_A	NC_A	ASO_NC_A	Negative Control	r7b6p3	1.068371	1.006311	1.02348	0.979265	1.005709	0.983834	0.997391	0.9981	0.986758	0.987849	0.992212	1.001095	1.018372	0.981235	1.018528	0.98382	1.012724	0.999241	1.007075	0.996612	1.015082	0.987467	1.014536	0.983588	1.0222	0.971744	0.99247	0.999591
NC_A	NC_A	ASO_NC_A	Negative Control	r7b6p3	0.955912	0.929502	1.037938	0.979798	0.991328	1.008118	0.995888	1.001635	1.015256	1.000186	1.019126	1.00745	1.009832	0.989042	1.004384	0.987356	1.023774	0.975455	1.013752	0.988645	1.045824	0.98263	1.042116	0.983	1.016515	0.988342	0.996625	1.003751
NC_A	NC_A	ASO_NC_A	Negative Control	r7b6p3	0.962143	1.077761	0.97472	1.0048	1.034348	0.976663	1.011677	0.99531	1.007837	1.002115	1.005827	0.97429	1.009373	0.992147	1.003947	1.001964	0.977201	1.011606	0.983025	1.01089	0.951995	1.017002	0.955061	1.021699	0.987634	1.013565	1.01437	0.993193
NC_A	NC_A	ASO_NC_A	Negative Control	r7b6p2	1.076565	0.956654	0.909785	1.011323	0.986905	1.028557	0.994381	1.00719	0.998059	0.980785	0.991249	0.976607	0.945346	1.027481	0.948715	1.030878	0.966328	0.997319	0.965269	0.99642	0.971193	0.995189	0.97316	1.000711	0.954173	1.024445	0.989333	0.997287
NC_A	NC_A	ASO_NC_A	Negative Control	r7b6p2	0.979714	0.885328	0.999577	1.015856	0.99017	0.934058	0.993713	0.992884	1.009985	1.045768	1.008897	1.06884	0.998171	0.966794	0.991996	0.965364	1.009801	1.032181	1.004459	1.034681	1.025357	1.026264	1.015319	1.026836	1.000256	0.968247	0.989058	1.015373
NC_A	NC_A	ASO_NC_A	Negative Control	r7b6p2	1.043852	1.057887	1.044097	1.019361	1.022716	1.037595	1.001831	1.010002	1.0101	0.955303	1.003777	0.95063	1.029609	1.0326	1.024939	1.038108	1.001421	0.99295	1.013993	0.985179	1.008432	0.973566	1.007921	0.976053	1.020478	1.032401	1.006418	1.002531
NC_A	NC_A	ASO_NC_A	Negative Control	r7b6p1	1.057623	0.980849	1.003578	1.015354	1.015242	0.962603	1.006421	1.001906	0.974102	1.042315	0.963325	1.024433	1.012225	0.988023	1.013546	0.994673	0.992794	1.021458	0.984878	1.019632	1.008059	1.010498	1.00539	1.011173	1.023234	0.993352	0.981481	1.013842
NC_A	NC_A	ASO_NC_A	Negative Control	r7b6p1	0.919877	0.92064	0.965303	1.022489	0.982912	0.964686	0.991028	0.994094	1.00394	0.996182	1.038434	1.031783	0.970998	0.98607	0.96934	0.979183	0.995743	1.006688	1.000312	1.007817	0.992355	1.02106	0.995068	1.021251	0.972746	0.985971	1.010325	0.99651
NC_A	NC_A	ASO_NC_A	Negative Control	r7b6p1	1.03907	1.081942	1.053763	0.939513	1.059218	1.015339	1.005557	1.000994	0.998847	0.984614	0.94521	0.996815	1.060313	0.982371	1.058286	0.984972	1.005464	0.977854	1.002381	0.984979	1.015028	0.953001	1.011166	0.955952	1.057135	0.967563	0.992453	1.005389
NC_A	NC_A	ASO_NC_A	Negative Control	r6b5p6	0.995854	0.98676	0.895328	0.986834	1.049473	0.982997	1.006442	0.997491	0.953478	1.007832	0.973533	1.017159	0.97573	0.994293	0.972115	0.994548	0.936976	1.003796	0.937515	1.010171	0.943104	1.002897	0.931785	1.002365	0.956164	0.992146	0.9747	1.004942
NC_A	NC_A	ASO_NC_A	Negative Control	r6b5p6	0.972895	0.998229	1.020639	1.004131	0.997096	1.017764	0.997617	1.004574	1.015288	0.966398	1.012702	0.97963	1.001823	1.017491	0.997337	1.016048	1.002311	0.988283	1.002921	0.987537	1.010414	1.004887	1.008718	1.006795	1.001756	1.029946	0.996528	1.004363
NC_A	NC_A	ASO_NC_A	Negative Control	r6b5p6	1.036631	1.009631	1.073304	1.019763	1.011313	0.941357	1.005773	0.988104	0.995968	1.061037	0.988193	1.028784	1.042253	0.968409	1.048029	0.971923	1.044427	1.024207	1.036428	1.025428	1.013334	1.025365	1.018245	1.032093	1.029947	0.99004	1.008408	1.011059
NC_A	NC_A	ASO_NC_A	Negative Control	r6b5p5	1.001405	1.027012	0.897605	0.986139	1.050458	1.048498	1.001857	1.005446	0.986923	0.941879	0.960082	0.940186	0.973042	1.021313	0.963031	1.02103	0.927528	0.988709	0.933513	0.978916	0.9512	1.005095	0.943461	0.996841	0.953424	1.016154	0.973515	0.971834
NC_A	NC_A	ASO_NC_A	Negative Control	r6b5p5	0.925779	0.978813	0.963917	1.023902	0.992978	0.999193	0.998012	1.003561	1.025098	1.020041	1.003757	1.036415	0.987011	1.012391	0.987425	1.01615	0.984165	1.012779	0.980121	1.033246	0.987891	0.98779	0.986919	0.997174	0.983598	1.002814	0.993663	1.030109
NC_A	NC_A	ASO_NC_A	Negative Control	r6b5p5	1.054989	1.012003	0.985018	1.143419	0.926925	0.981949	0.990789	1.000334	1.032457	0.993601	1.06526	0.994301	0.952982	1.05326	0.957483	1.054881	1.029221	1.057597	1.03162	1.042584	1.008178	1.059846	1.016749	1.058856	0.966877	1.077133	1.021649	1.00923
NC_A	NC_A	ASO_NC_A	Negative Control	r6b5p4	0.94573	1.078963	0.939863	0.991651	1.023148	0.982943	0.98619	1.002208	0.975342	1.032597	0.969321	1.050577	0.974498	0.987362	0.965461	0.984832	0.962562	0.996041	0.952007	1.009625	0.997824	0.970333	0.990493	0.975919	0.985348	0.967585	0.962019	1.019768
NC_A	NC_A	ASO_NC_A	Negative Control	r6b5p4	1.003569	0.947636	0.991047	1.018495	1.029443	1.004236	1.004358	1.00557	0.998549	0.974808	1.000363	1.003525	1.015667	1.022393	1.00828	1.022967	0.982482	1.005504	0.98781	1.005333	0.983213	1.000846	0.985378	1.004476	0.998363	1.020708	1.002688	1.011774
NC_A	NC_A	ASO_NC_A	Negative Control	r6b5p4	1.063693	0.960408	1.046283	1.01266	0.987327	0.972902	0.999588	1.002086	0.99826	1.020444	0.995259	0.980954	1.020219	0.979861	1.024548	0.993912	1.037918	1.015493	1.036065	1.009159	1.037541	1.010243	1.034165	1.009569	1.021952	1.006043	1.006391	0.99736
NC_A	NC_A	ASO_NC_A	Negative Control	r6b5p3	0.96973	1.021783	0.96138	0.988399	0.996605	1.008644	1.000099	1.003387	1.015208	0.974096	1.010984	0.997876	0.974346	1.004743	0.973933	1.007534	0.986673	0.99482	0.988604	0.992006	0.988317	0.976707	0.973011	0.974822	0.968267	0.997273	0.989878	1.008003
NC_A	NC_A	ASO_NC_A	Negative Control	r6b5p3	0.987793	1.007132	1.028536	0.967576	1.024308	0.989505	0.997841	1.008433	0.993259	1.010777	0.979075	1.054289	1.02823	0.990612	1.028472	0.983931	1.003068	0.985912	1.001958	1.008438	1.041169	0.949532	1.037194	0.952862	1.032406	0.963471	0.982408	1.035837
NC_A	NC_A	ASO_NC_A	Negative Control	r6b5p3	0.96466	1.048901	1.063274	0.990835	0.973388	1.00755	0.99406	0.996181	1.022847	0.983813	1.013233	0.944543	1.006081	0.995988	1.007034	0.999096	1.038228	0.9913	1.029803	0.979191	1.033908	1.010367	1.044585	1.017526	1.02118	1.017402	1.006579	0.977296
NC_A	NC_A	ASO_NC_A	Negative Control	r6b5p2	0.953917	0.959955	0.929685	0.992312	0.973661	1.03046	0.99148	1.007163	1.012267	0.973571	1.012701	0.985446	0.952999	1.011368	0.949576	1.010594	0.973092	0.990476	0.975679	0.987862	0.982681	0.985293	0.980581	0.975706	0.956548	0.99537	0.994712	0.99597
NC_A	NC_A	ASO_NC_A	Negative Control	r6b5p2	1.036331	1.019897	1.014518	1.006474	1.001991	1.042198	1.000952	1.006616	1.000623	0.996817	1.00348	1.01175	1.010364	1.027423	1.007345	1.022344	0.999223	1.008107	1.003118	1.006444	1.003641	0.990269	1.004651	0.982376	1.015636	0.994972	1.001159	0.999629
NC_A	NC_A	ASO_NC_A	Negative Control	r6b5p2	1.020933	1.008967	1.061754	0.995257	0.973865	0.977825	1.002639	0.991149	1.01251	1.004212	0.989734	0.996888	1.014584	0.983263	1.02097	0.989171	1.026176	1.002925	1.024706	1.00219	1.039087	0.99903	1.044806	1.011881	1.041719	0.995756	1.000585	1.007944
NC_A	NC_A	ASO_NC_A	Negative Control	r6b5p1	0.969269	1.075503	0.984739	1.00826	1.006638	0.98947	0.989828	1.007565	0.99266	0.995542	0.959372	1.027654	0.994439	0.99898	0.989091	1.000538	0.980852	1.009321	0.971784	1.012097	1.022159	0.977086	1.012021	0.984025	1.015115	0.987959	0.969388	1.018041
NC_A	NC_A	ASO_NC_A	Negative Control	r6b5p1	1.031853	1.00538	1.057982	0.981017	1.0201	1.047142	1.004196	1.00666	0.991728	0.990859	1.017226	1.016388	1.050082	1.018783	1.055331	1.008743	1.036207	0.981612	1.034235	0.991054	1.005089	0.974154	1.008592	0.970917	1.01823	0.996354	1.016515	1.009465
NC_A	NC_A	ASO_NC_A	Negative Control	r6b5p1	0.97548	0.942514	0.945137	1.022865	0.978177	0.958472	0.9971	0.994651	1.000058	1.029153	1.001356	0.978004	0.964807	0.972909	0.970461	0.975835	0.979531	1.012476	0.986035	1.004795	0.985799	1.035714	0.9869	1.037546	0.968009	1.014333	0.999172	0.987419
NC_A	NC_A	ASO_NC_A	Negative Control	r5b3p6	0.992546	1.035874	0.872175	1.016266	0.974027	0.994607	0.990055	1.002067	0.996252	0.984986	0.998353	1.018936	0.925524	1.013502	0.927932	1.010766	0.970523	1.00901	0.966756	1.014017	0.983616	1.000232	0.97877	0.997512	0.925822	1.00808	0.979447	1.009707
NC_A	NC_A	ASO_NC_A	Negative Control	r5b3p6	1.028474	1.009107	0.933688	0.988207	1.023449	0.967654	1.002382	0.989656	0.993615	1.029328	1.014431	1.02007	0.984975	0.969115	0.98298	0.966302	0.959368	1.004129	0.979045	1.000339	0.962277	1.020102	0.97018	1.022308	0.970428	0.985085	1.011149	1.001686
NC_A	NC_A	ASO_NC_A	Negative Control	r5b3p6	0.944348	0.98965	1.033838	1.155826	1.009527	1.030735	1.003094	1.012745	1.012443	0.983376	0.98486	0.963351	1.023573	1.08331	1.019964	1.092055	0.998691	1.058279	0.998199	1.041643	1.002407	1.031366	0.998767	1.032463	1.020807	1.089778	0.993414	1.004597
NC_A	NC_A	ASO_NC_A	Negative Control	r5b3p5	1.088871	0.992769	0.919095	0.965367	0.961181	0.97179	0.983696	0.987972	1.009567	1.005458	1.038439	1.009237	0.925272	0.963851	0.927349	0.97018	1.001532	0.99344	1.005952	0.995649	1.005225	1.006484	1.006717	1.002697	0.927995	0.971468	0.999582	0.997565
NC_A	NC_A	ASO_NC_A	Negative Control	r5b3p5	0.969395	0.95588	0.973644	0.991519	1.009359	0.9899	1.010353	0.990732	0.987183	1.032929	1.015744	1.012733	1.003385	0.985157	0.999238	0.97582	0.990447	0.997075	0.998937	0.988735	0.964454	1.02064	0.966253	1.023474	0.979674	1.002157	1.012604	0.987928
NC_A	NC_A	ASO_NC_A	Negative Control	r5b3p5	0.951477	1.041608	1.022298	1.128078	1.009401	1.058369	1.009086	1.018161	0.97692	0.987942	0.993397	0.930449	1.01953	1.102805	1.019663	1.107749	0.998682	1.018825	0.999376	1.011351	0.98099	1.022208	0.986118	1.014741	1.011742	1.106964	1.011946	0.990376
NC_A	NC_A	ASO_NC_A	Negative Control	r5b3p4	1.110891	1.014491	0.929307	0.968237	1.005904	0.986584	0.996468	0.99557	0.99724	0.999482	0.980988	1.02204	0.964109	0.979351	0.96134	0.984969	0.956855	1.010013	0.959713	1.000589	0.985486	0.99062	0.978631	0.988928	0.972398	0.973456	0.978953	1.005936
NC_A	NC_A	ASO_NC_A	Negative Control	r5b3p4	0.969085	0.928063	0.988594	1.003088	0.987667	0.989715	1.006221	0.992926	1.013862	1.002187	1.019288	1.026523	0.990254	0.997799	0.98792	0.996524	0.998848	1.00715	1.000555	1.011538	0.979161	1.006743	0.979996	1.010234	0.979614	0.995751	1.007449	1.012169
NC_A	NC_A	ASO_NC_A	Negative Control	r5b3p4	0.977378	1.000092	1.12014	0.990633	1.016877	1.013254	1.007324	1.001491	1.008613	0.978616	0.980891	0.970271	1.072335	0.996151	1.072763	0.996485	1.043374	0.98376	1.045519	0.982086	1.041944	0.996047	1.046416	0.995795	1.069774	1.009007	1.004759	0.990734
NC_A	NC_A	ASO_NC_A	Negative Control	r5b3p3	0.999483	0.948765	0.917111	1.010152	0.991119	1.007795	0.99843	1.001051	0.986832	1.002001	1.001018	1.015077	0.958431	1.010615	0.959167	1.01154	0.961858	1.013321	0.967473	1.013715	0.971601	0.992965	0.970691	0.994341	0.958089	1.002491	0.993373	1.006254
NC_A	NC_A	ASO_NC_A	Negative Control	r5b3p3	0.998509	0.988664	0.957869	0.970696	1.043517	0.959028	1.006317	0.996948	0.977667	0.994246	0.981709	1.02784	1.009871	0.958441	1.006111	0.960181	0.959907	0.992597	0.966002	1.000924	0.971874	0.996284	0.969929	0.997338	0.994984	0.967846	0.990653	1.009807
NC_A	NC_A	ASO_NC_A	Negative Control	r5b3p3	1.011276	1.053302	1.033947	1.110226	1.046696	0.951846	1.010649	0.986605	1.000041	1.039213	0.977886	0.99647	1.050335	1.012307	1.045549	1.017452	1.005175	1.067142	1.003884	1.048002	0.982261	1.085014	0.978984	1.088716	1.027777	1.048812	1.002404	0.997509
NC_A	NC_A	ASO_NC_A	Negative Control	r5b3p2	1.000886	1.019453	0.978195	1.06917	0.916181	0.941705	0.987757	0.984948	1.036145	1.02139	1.000337	1.045695	0.934503	0.981628	0.939849	0.987419	1.028272	1.050341	1.002134	1.050335	1.043671	1.049284	1.03832	1.055007	0.980407	1.005045	0.981349	1.014163
NC_A	NC_A	ASO_NC_A	Negative Control	r5b3p2	0.997499	0.954239	0.969187	0.916521	1.006359	1.058203	1.000559	1.009419	0.995947	1.008485	1.000417	1.014881	0.994891	1.001988	0.99112	0.996104	0.978679	0.946709	0.988661	0.964796	0.982803	0.923651	0.982985	0.93006	0.982239	0.963158	0.992639	1.013181
NC_A	NC_A	ASO_NC_A	Negative Control	r5b3p2	1.030214	0.997709	0.998966	1.067961	1.060324	1.017228	1.010933	1.006384	0.974533	0.9635	0.9832	0.95547	1.049285	1.037706	1.046469	1.03904	0.970942	1.025058	0.978206	1.015869	0.962571	1.038019	0.957784	1.035844	1.025825	1.043326	1.007074	0.991593
NC_A	NC_A	ASO_NC_A	Negative Control	r5b3p1	1.001096	1.00229	1.007247	0.960337	0.947591	0.970293	0.981483	0.991225	0.993799	1.006805	0.980187	1.027543	0.966057	0.956097	0.968833	0.950646	1.03051	0.988234	1.021685	0.983329	1.059103	0.995542	1.061793	0.997252	1.000748	0.967018	0.984702	0.997246
NC_A	NC_A	ASO_NC_A	Negative Control	r5b3p1	0.935459	1.001569	0.922315	1.017671	1.039093	0.97624	1.006865	0.997208	0.995191	1.046493	1.011276	1.026432	0.985215	0.991406	0.98382	0.994041	0.951163	1.019151	0.963458	1.021931	0.926867	1.012547	0.935436	1.016402	0.959177	0.992871	1.010821	1.012385
NC_A	NC_A	ASO_NC_A	Negative Control	r5b3p1	1.037951	1.021635	1.041204	1.051226	0.99232	1.074463	1.003281	1.019938	1.010765	0.946947	1.011196	0.943367	1.026368	1.074857	1.031343	1.071317	1.025084	0.985858	1.022149	0.987449	1.020536	0.985405	1.015297	0.97382	1.023375	1.056812	1.00552	0.989327
NC_A	NC_A	ASO_NC_A	Negative Control	r4b4p6	0.991326	0.982282	0.948006	0.978223	1.00977	0.985827	1.000085	0.994092	1.000999	1.000746	0.988164	1.007554	0.973275	0.98111	0.974145	0.98014	0.958173	0.995661	0.953136	0.986206	0.974055	1.01323	0.969471	1.009754	0.986598	0.990988	0.983338	0.989403
NC_A	NC_A	ASO_NC_A	Negative Control	r4b4p6	0.978647	0.997369	1.002262	1.039663	1.013608	1.027109	1.008294	1.001931	0.98905	0.985767	0.976678	1.001501	1.000223	1.036344	0.998557	1.036395	0.993265	1.015743	0.995978	1.020486	1.009187	1.001346	1.00223	1.004897	0.998149	1.026712	0.994548	1.011229
NC_A	NC_A	ASO_NC_A	Negative Control	r4b4p6	1.061313	0.989064	0.992308	1.039538	0.996861	0.966825	1.002034	0.993565	1.002195	1.021243	1.007486	1.018618	1.003198	1.00585	1.004075	1.006689	0.997645	1.039513	1.009773	1.034421	0.973477	1.028706	0.981323	1.032325	0.981634	1.01592	1.010467	1.011015
NC_A	NC_A	ASO_NC_A	Negative Control	r4b4p5	1.033082	0.987534	0.948177	1.013106	1.036385	1.010056	1.000729	0.996618	0.969673	0.984437	0.968646	1.012647	0.987148	1.014201	0.984187	1.012056	0.963706	1.022846	0.966579	1.014175	0.987923	1.017032	0.982579	1.006922	0.974983	1.007639	0.975131	1.001045
NC_A	NC_A	ASO_NC_A	Negative Control	r4b4p5	0.968967	1.015378	0.987524	1.014471	0.963985	0.97039	0.989456	1.000329	1.011232	1.033315	1.013144	1.03892	0.971039	0.999185	0.971287	1.000265	0.999376	1.009501	0.995421	1.01989	1.021015	0.976369	1.028626	0.993954	0.993573	0.985769	1.003166	1.024221
NC_A	NC_A	ASO_NC_A	Negative Control	r4b4p5	0.928413	1.066625	1.081201	0.95552	1.006888	1.012296	1.003096	1.009772	1.00437	0.996973	1.007174	0.95947	1.039572	0.988856	1.042582	0.989622	1.049398	0.955173	1.035267	0.968668	1.038062	0.959599	1.034338	0.953581	1.045425	0.99261	1.00294	0.993498
NC_A	NC_A	ASO_NC_A	Negative Control	r4b4p4	0.942197	0.980575	1.052646	0.924357	1.049585	0.965201	1.007764	0.992443	0.9999	0.987637	0.966136	1.01289	1.051048	0.937897	1.049047	0.943314	0.987698	0.983308	0.987035	0.979645	1.010504	0.978574	1.00027	0.979415	1.054729	0.948933	0.983193	1.000476
NC_A	NC_A	ASO_NC_A	Negative Control	r4b4p4	0.994681	0.928417	1.027572	0.991867	0.992214	1.011205	0.999797	1.004242	1.011834	1.015064	1.018562	1.029558	1.012215	1.000643	1.008556	0.994029	1.027087	0.996003	1.02281	1.011084	1.030484	0.958204	1.034592	0.963835	1.012002	0.967592	1.002518	1.025032
NC_A	NC_A	ASO_NC_A	Negative Control	r4b4p4	1.079045	1.075086	0.96311	1.040448	0.958382	1.023412	0.988982	1.006772	1.025988	0.959576	1.020032	0.952823	0.959785	1.038412	0.963457	1.041597	1.006861	0.999043	1.005985	0.993442	1.003586	1.018648	1.009238	1.01265	0.965567	1.051177	1.001762	0.987021
NC_A	NC_A	ASO_NC_A	Negative Control	r4b4p3	0.972585	1.002155	0.960566	0.972888	1.02821	0.993883	1.008335	0.99	0.978104	1.004462	0.978616	0.985829	0.998721	0.973045	0.992904	0.972578	0.962201	0.9933	0.96926	0.993947	0.966872	1.016995	0.956057	1.021885	0.980574	0.992023	0.981959	0.9927
NC_A	NC_A	ASO_NC_A	Negative Control	r4b4p3	0.969848	0.964687	1.004942	0.968046	1.021355	0.97752	1.011378	0.986683	1.001563	1.01942	1.006659	1.047581	1.013397	0.973052	1.013246	0.971657	0.991755	1.000666	0.993582	1.006939	0.96211	0.993207	0.964998	0.995802	0.992292	0.97373	1.013716	1.013779
NC_A	NC_A	ASO_NC_A	Negative Control	r4b4p3	1.035157	1.05557	1.065128	1.028428	1.000891	0.978141	0.997759	1.005845	0.99465	1.001802	0.996082	0.985234	1.033846	1.007939	1.036097	1.013518	1.03386	1.018218	1.019002	1.01727	1.04924	1.011575	1.052576	1.008683	1.05278	1.008602	0.997726	1.000119
NC_A	NC_A	ASO_NC_A	Negative Control	r4b4p2	0.95468	0.93348	0.959223	1.001174	0.994531	1.003071	0.990392	1.000076	0.985868	1.019935	0.954531	1.010396	0.956781	1.005757	0.952472	1.00427	0.948006	0.992498	0.940538	0.994805	1.011516	0.985932	1.003806	0.991775	0.998478	1.012898	0.962514	1.01076
NC_A	NC_A	ASO_NC_A	Negative Control	r4b4p2	1.023952	0.953793	0.968566	1.018821	1.011718	1.000249	0.997537	1.004473	0.998416	0.999941	1.002557	1.029723	0.990867	1.011986	0.990395	1.010215	0.977245	1.030406	0.992457	1.032135	0.977918	1.01806	0.976608	1.01107	0.977911	0.987895	1.00639	1.003241
NC_A	NC_A	ASO_NC_A	Negative Control	r4b4p2	1.066151	1.067944	1.000169	1.052048	1.001131	0.9893	0.999114	1.008408	1.008208	0.987632	1.022299	0.980494	1.008656	1.025953	1.00855	1.034098	1.025743	1.026102	1.013031	1.027035	0.996582	1.009993	0.998784	1.017956	0.994252	1.028565	1.003055	1.014041
NC_A	NC_A	ASO_NC_A	Negative Control	r4b4p1	0.965028	1.074303	0.980295	1.027873	1.03371	1.020968	1.000378	1.006629	0.981391	0.977283	0.98904	0.983827	1.007361	1.031918	1.004804	1.033863	0.965314	1.00809	0.964171	1.00781	0.986057	1.021042	0.975689	1.021267	0.993813	1.034038	0.985641	0.989053
NC_A	NC_A	ASO_NC_A	Negative Control	r4b4p1	0.951885	0.934859	1.01577	0.969718	0.989387	0.970244	0.992698	0.996477	0.993265	1.035543	1.009957	1.003302	1.001078	0.966361	1.001277	0.964609	1.016409	1.002383	1.022157	1.005854	1.013638	0.98733	1.017056	0.996608	0.993578	0.972116	1.010732	1.004585
NC_A	NC_A	ASO_NC_A	Negative Control	r4b4p1	1.035685	1.038239	0.983988	1.022357	1.007722	0.977968	1.004322	0.999497	0.985046	1.027472	1.00539	1.008484	0.989077	1.004205	0.986236	1.009212	0.999376	1.008428	0.994831	1.005177	0.988451	1.003483	0.99084	0.998539	0.982791	1.023664	1.002341	1.007648
NC_A	NC_A	ASO_NC_A	Negative Control	r3b2p6	1.006406	1.010774	0.98449	0.937422	0.955004	0.986926	0.994134	1.001439	1.005931	0.997684	0.974218	1.036884	0.963075	0.969094	0.966328	0.965312	1.00989	0.989348	0.995197	0.992844	1.0188	0.969848	1.020181	0.965453	0.985517	0.946879	0.98119	1.008594
NC_A	NC_A	ASO_NC_A	Negative Control	r3b2p6	1.026057	1.04367	0.962115	1.010394	1.002547	1.001187	0.993834	1.001124	1.038516	1.003652	1.072495	0.992538	0.980357	1.005363	0.984768	1.002844	0.987495	1.001023	1.008242	1.003341	0.959692	1.020827	0.966489	1.019805	0.962021	1.018859	1.02547	0.995485
NC_A	NC_A	ASO_NC_A	Negative Control	r3b2p6	0.935142	0.977951	1.017588	1.08799	0.986665	1.067671	0.996392	1.013078	0.988671	0.965546	0.993667	0.930197	1.002266	1.079846	1.004023	1.076726	1.014338	0.997907	1.005659	0.994718	1.009122	1.02171	1.018238	1.009833	1.002025	1.0847	1.002815	0.986445
NC_A	NC_A	ASO_NC_A	Negative Control	r3b2p5	1.013555	1.062527	0.994863	1.058883	0.967438	0.974216	0.987427	0.984608	1.011918	1.03371	0.963645	0.997883	0.964001	1.003555	0.96921	1.0024	1.010119	1.032972	0.989989	1.022001	1.04018	1.055006	1.035485	1.057512	1.008094	1.028326	0.975023	0.990083
NC_A	NC_A	ASO_NC_A	Negative Control	r3b2p5	0.980411	1.023959	1.067522	0.96936	1.021032	1.041783	1.008206	1.014493	0.993004	1.017488	1.027693	0.993683	1.053333	1.02299	1.046499	1.017798	1.012047	0.973279	1.018194	0.984679	1.011702	0.960583	1.010384	0.958312	1.042129	0.992827	1.010714	1.003105
NC_A	NC_A	ASO_NC_A	Negative Control	r3b2p5	0.94504	0.974507	0.919782	0.989589	1.035829	0.959702	1.009064	0.996202	0.930173	1.013707	1.034258	0.982838	0.981287	0.974834	0.981869	0.982224	0.964716	1.006867	0.981605	1.003531	0.908758	1.023771	0.916704	1.021603	0.936043	0.99258	1.03005	0.991026
NC_A	NC_A	ASO_NC_A	Negative Control	r3b2p4	1.025098	0.974887	0.989547	1.006999	1.033138	0.974403	1.004133	0.998654	0.942044	1.038762	0.97154	1.042845	1.009659	0.99175	1.008203	0.996822	1.003751	1.015256	0.99239	1.014224	0.988966	0.995908	0.979244	0.996332	1.002854	0.987644	0.987251	1.013571
NC_A	NC_A	ASO_NC_A	Negative Control	r3b2p4	1.009043	1.084291	1.053783	0.991351	1.047147	1.00621	1.008188	0.997777	0.977413	1.016387	0.982662	1.017288	1.046858	0.998925	1.046063	0.995759	0.99545	0.990769	1.001607	0.999702	1.0126	0.985621	1.017386	0.985599	1.039355	0.996046	0.999707	1.00639
NC_A	NC_A	ASO_NC_A	Negative Control	r3b2p4	0.875554	1.031127	0.971687	0.986634	0.970123	0.968978	0.992687	0.998561	1.027746	0.997649	1.012471	0.973195	0.968429	0.984378	0.969126	0.984027	0.999679	0.995094	0.995954	0.996122	1.003781	1.013125	1.007532	1.013906	0.974172	0.999928	1.001872	0.991209
NC_A	NC_A	ASO_NC_A	Negative Control	r3b2p3	1.054476	0.938627	0.932611	1.121436	1.00898	0.965208	0.999901	0.99575	0.990057	1.034362	0.986674	1.005232	0.958468	1.025245	0.952799	1.031366	0.957467	1.061723	0.9555	1.049561	0.964655	1.05905	0.959686	1.058454	0.969295	1.042028	0.990424	1.002735
NC_A	NC_A	ASO_NC_A	Negative Control	r3b2p3	1.04222	0.950698	0.97736	0.977141	1.000004	1.028779	1.001028	1.006282	1.036555	0.964737	1.013523	1.01367	0.999643	1.010111	1.002876	1.003893	0.998778	0.996816	0.995655	1.008363	0.994938	0.970429	0.993008	0.975633	0.995298	0.98459	0.997192	1.017177
NC_A	NC_A	ASO_NC_A	Negative Control	r3b2p3	0.944914	1.069066	0.984068	1.007385	1.013955	0.983074	0.996389	1.00065	0.983978	0.990312	0.988645	0.992256	1.006761	0.999773	1.007522	1.001544	0.986996	0.99822	0.995915	0.995005	0.997044	1.013885	0.999175	1.014044	0.99462	1.01417	0.995828	0.996644
NC_A	NC_A	ASO_NC_A	Negative Control	r3b2p2	1.028189	0.933311	0.97937	0.993852	0.973834	0.938218	0.993115	0.980835	0.998926	1.034715	1.000394	1.020814	0.96779	0.956958	0.970791	0.961163	0.993919	1.008299	0.986032	0.996227	1.023405	1.041298	1.016909	1.044522	0.998422	0.990222	0.988694	0.993764
NC_A	NC_A	ASO_NC_A	Negative Control	r3b2p2	1.123373	0.992155	1.000824	0.935528	0.98656	0.940204	1.002087	0.989471	0.990269	1.037161	1.020563	1.059818	0.994923	0.946327	0.994407	0.944149	1.005744	0.997513	1.009002	1.003988	0.98743	0.981109	0.991401	0.988767	0.987348	0.940447	1.009614	1.016035
NC_A	NC_A	ASO_NC_A	Negative Control	r3b2p2	1.014796	0.908176	1.032498	1.057929	1.131048	1.030136	1.026864	1.007628	0.917768	1.021161	0.926476	0.971935	1.093227	1.040775	1.090061	1.039429	0.977111	1.017413	0.98205	1.022701	0.953959	1.012798	0.950334	1.008067	1.050687	1.032875	0.998326	0.993567
NC_A	NC_A	ASO_NC_A	Negative Control	r3b2p1	0.988779	0.986838	0.933883	0.973647	0.972628	1.023443	0.98506	1.007049	1.022983	0.968189	0.965452	1.020142	0.936897	1.014009	0.941154	1.008557	0.974776	0.978821	0.964823	0.996671	1.023983	0.965515	1.020787	0.97167	0.97494	0.988915	0.965954	1.02107
NC_A	NC_A	ASO_NC_A	Negative Control	r3b2p1	0.97249	0.983546	0.89432	1.016683	1.006407	0.989157	0.996548	1.007253	1.027922	1.018477	1.023442	1.005504	0.958901	1.01254	0.954291	1.007972	0.951419	1.013713	0.960864	1.010267	0.943685	0.989394	0.949186	0.992208	0.940424	1.008545	1.004044	1.003816
NC_A	NC_A	ASO_NC_A	Negative Control	r3b2p1	1.158087	0.91026	1.016073	1.165394	0.980358	1.028008	1.002522	1.001569	0.972137	0.990292	1.004456	0.981004	0.995843	1.08181	0.997437	1.090589	1.020119	1.061152	1.022727	1.044647	1.013963	1.063461	1.00605	1.060099	0.992319	1.094857	1.005189	0.999926
NC_A	NC_A	ASO_NC_A	Negative Control	r2b1p6	0.959128	0.98652	0.982166	0.954153	0.97125	1.029569	0.994616	1.001923	1.012525	0.979596	0.983286	0.992286	0.97221	0.99904	0.978016	0.992101	0.999643	0.981605	0.998167	0.980763	1.007267	0.981652	1.005292	0.980077	0.989047	0.982777	0.987545	0.994594
NC_A	NC_A	ASO_NC_A	Negative Control	r2b1p6	0.981982	0.962824	1.013983	1.005494	1.020995	0.935206	1.004341	0.993746	0.991133	1.048839	1.004641	1.044801	1.022326	0.965125	1.024052	0.969589	1.004131	1.012005	1.005692	1.016369	0.989485	1.010082	0.992449	1.013568	1.009587	0.978547	1.010974	1.012661
NC_A	NC_A	ASO_NC_A	Negative Control	r2b1p6	0.989195	1.120352	0.994522	1.049682	1.009654	1.033326	1.002018	1.003355	0.995683	0.972225	0.993088	0.981899	1.000005	1.041293	0.995009	1.041233	1.004109	0.998507	0.993238	1.005772	1.006195	1.005318	1.005631	1.002982	1.004093	1.035949	0.994846	0.99938
NC_A	NC_A	ASO_NC_A	Negative Control	r2b1p5	1.021453	0.941655	1.017456	0.987597	0.994909	0.94849	0.993886	0.988408	1.009795	1.023895	0.997939	1.038058	1.002546	0.965079	1.000577	0.973329	1.007062	1.003899	0.998422	1.007047	1.020177	1.007467	1.018991	1.008913	1.01511	0.984198	0.990254	1.007583
NC_A	NC_A	ASO_NC_A	Negative Control	r2b1p5	1.009666	1.046166	0.993366	1.025031	0.971972	0.954634	0.998597	0.996701	0.990854	1.053698	1.004432	1.035925	0.983412	0.982748	0.987881	0.982017	1.013317	1.026261	1.006193	1.022545	1.003366	1.027018	1.006001	1.026876	0.98593	0.994847	1.003382	1.010535
NC_A	NC_A	ASO_NC_A	Negative Control	r2b1p5	0.991649	0.98941	0.992503	0.984048	1.061734	1.068261	1.006556	1.015852	0.933795	0.987963	0.984762	0.938884	1.029141	1.037074	1.025438	1.030757	0.98026	0.969201	0.982391	0.983402	0.978273	0.963699	0.982663	0.956555	1.011176	1.008739	0.999657	0.988588
NC_A	NC_A	ASO_NC_A	Negative Control	r2b1p4	0.998691	1.054153	1.05848	0.998793	1.061662	1.010465	1.011862	1.005911	0.939864	1.000994	0.942641	1.01142	1.072022	1.011958	1.067017	1.007515	0.999768	0.990988	1.002979	0.998433	1.010099	0.989362	1.00522	0.979961	1.051874	1.00075	0.985427	1.000869
NC_A	NC_A	ASO_NC_A	Negative Control	r2b1p4	1.016503	0.910935	1.025055	0.928462	0.973612	0.954238	0.988279	0.999042	1.029824	1.018477	1.003608	1.041664	0.996611	0.945396	0.997104	0.949845	1.021887	0.988431	1.011575	0.989785	1.02995	0.963832	1.037271	0.966163	1.016717	0.946816	0.996426	1.016051
NC_A	NC_A	ASO_NC_A	Negative Control	r2b1p4	0.998303	1.021414	1.031477	0.957733	0.969909	1.030113	0.992685	1.002222	1.035143	0.975698	1.018511	0.982155	0.987373	0.986639	0.992239	0.986279	1.025296	0.97363	1.022963	0.974266	1.029504	0.977254	1.035347	0.976038	1.00193	0.981913	1.001105	1.000122
NC_A	NC_A	ASO_NC_A	Negative Control	r2b1p3	1.024009	0.991534	0.994812	0.95669	1.026504	0.953154	1.003696	0.982961	0.987106	0.986402	0.970584	1.013803	1.005776	0.949885	1.003002	0.953982	0.982764	0.997918	0.987365	0.98984	0.976824	1.015798	0.976981	1.014357	1.009768	0.97339	0.998495	0.992706
NC_A	NC_A	ASO_NC_A	Negative Control	r2b1p3	1.018564	0.962469	0.984515	1.01803	1.019969	1.001465	1.008198	0.995112	1.003046	1.014839	1.010006	1.014552	1.005464	1.012184	1.009479	1.005522	0.985681	1.003349	0.99372	1.00152	0.976019	1.014955	0.977626	1.018995	0.99239	1.010858	1.006651	1.001511
NC_A	NC_A	ASO_NC_A	Negative Control	r2b1p3	1.032681	0.970744	1.031187	1.014766	0.943346	1.055561	0.992509	1.017523	1.03684	0.971767	1.031803	0.959253	0.97845	1.048242	0.98338	1.044635	1.043459	0.98683	1.034209	0.993345	1.028889	0.987516	1.030389	0.981653	0.984107	1.029486	1.005791	0.994846
NC_A	NC_A	ASO_NC_A	Negative Control	r2b1p2	1.031288	0.985616	1.070627	0.928544	1.006959	0.930016	1.00225	0.983405	0.999297	1.03136	0.970913	1.054832	1.036687	0.930681	1.035263	0.934538	1.034473	0.99379	1.017522	1.003092	1.047278	1.016151	1.036355	1.024454	1.046967	0.949429	0.982314	1.008106
NC_A	NC_A	ASO_NC_A	Negative Control	r2b1p2	0.96934	0.996358	0.946668	1.015619	1.007677	1.064811	1.001139	1.00742	0.988342	0.982779	1.024537	0.943313	0.983077	1.038554	0.98048	1.035348	0.97363	0.981482	0.983345	0.979722	0.962371	0.998917	0.960917	0.998449	0.967973	1.039397	1.013881	0.982746
NC_A	NC_A	ASO_NC_A	Negative Control	r2b1p2	0.979863	1.037534	1.045405	0.993137	1.03835	0.952188	1.006251	0.999535	1.002754	0.995469	1.007522	0.998883	1.039991	0.971009	1.033964	0.980407	0.995386	1.021239	1.004096	1.012223	0.973681	1.001602	0.97607	1.003754	1.01875	0.977484	1.013485	0.999468
NC_A	NC_A	ASO_NC_A	Negative Control	r2b1p1	0.937228	0.996457	0.943925	0.976712	1.038722	0.988806	1.009835	0.99287	0.992374	1.006781	0.989374	0.998669	0.996836	0.98455	0.988338	0.986322	0.948286	0.994638	0.961356	0.985846	0.954959	0.995864	0.955334	1.002464	0.981361	0.99491	1.000431	0.99305
NC_A	NC_A	ASO_NC_A	Negative Control	r2b1p1	0.934389	1.063234	1.092176	0.953715	1.003542	1.012095	0.996101	1.00434	1.003281	1.005734	1.02767	0.993536	1.047451	0.985914	1.046608	0.98544	1.046012	0.976866	1.041683	0.977735	1.040132	0.977637	1.035308	0.978187	1.037573	0.98706	1.00964	0.999655
NC_A	NC_A	ASO_NC_A	Negative Control	r2b1p1	1.024606	1.044086	1.049709	0.983764	0.942677	1.014158	0.99013	1.006725	1.026844	0.964985	1.003291	0.987461	0.979875	1.005374	0.985405	1.007887	1.031144	1.003053	1.030623	1.002758	1.045023	0.986386	1.040853	0.987855	1.00497	0.994126	0.990527	1.006698
NC_A	NC_A	ASO_NC_A	Negative Control	r1b0p6	1.121975	0.950754	0.975216	0.997193	0.977373	1.053245	0.993847	1.011472	1.03051	1.00492	1.019971	0.978229	0.977769	1.021558	0.973954	1.021149	1.001397	0.978501	1.004632	0.977136	1.00332	0.965278	1.00551	0.964436	0.981707	1.011646	1.000463	1.003659
NC_A	NC_A	ASO_NC_A	Negative Control	r1b0p6	0.952826	1.048163	0.99951	0.942616	1.066704	0.966058	1.01162	0.995447	0.987037	1.006132	0.9634	1.035574	1.042401	0.963327	1.041466	0.962929	0.970023	0.988112	0.977592	0.996159	0.967416	0.982516	0.965281	0.986096	1.020838	0.961663	0.994287	1.007204
NC_A	NC_A	ASO_NC_A	Negative Control	r1b0p6	1.041466	0.884816	1.016692	1.068773	0.991836	0.944784	0.99812	0.989494	0.949783	1.021618	0.985535	1.017292	1.003188	0.991757	1.005381	0.995121	1.011168	1.0508	1.003455	1.041027	1.021343	1.060127	1.018687	1.05999	1.010807	1.013339	0.995543	0.998845
NC_A	NC_A	ASO_NC_A	Negative Control	r1b0p5	0.960129	0.96569	0.923303	0.964126	1.00012	0.980418	1.006142	0.991743	0.964636	1.014356	0.99251	1.016662	0.96236	0.970972	0.963169	0.974316	0.963871	0.985825	0.970678	0.981757	0.955788	0.999997	0.957643	1.000151	0.961615	0.97977	1.007013	0.999524
NC_A	NC_A	ASO_NC_A	Negative Control	r1b0p5	1.081012	1.008171	1.096448	0.973699	1.008652	0.973162	0.99202	0.99762	1.010327	1.022083	0.998418	1.043277	1.050009	0.977804	1.048994	0.973987	1.036803	1.005362	1.027779	1.009512	1.051581	0.989431	1.051933	0.992656	1.059779	0.969102	0.993901	1.010956
NC_A	NC_A	ASO_NC_A	Negative Control	r1b0p5	0.988754	0.996244	0.973467	1.068958	1.020614	1.017034	1.004924	1.007551	0.995951	0.992646	0.976472	0.97266	1.003292	1.035563	1.000641	1.038893	0.979541	1.028597	0.988078	1.022195	0.978901	1.024303	0.977377	1.02024	0.997396	1.032337	0.992231	0.996374
NC_A	NC_A	ASO_NC_A	Negative Control	r1b0p4	0.97017	1.066956	0.964025	0.99038	0.968984	1.016949	0.995705	1.004442	1.00949	0.951374	1.026665	1.003459	0.967842	1.006764	0.966229	1.002847	1.011164	0.99971	1.013011	0.999046	0.995014	0.989213	0.998673	0.988168	0.959562	0.996141	1.008546	1.006173
NC_A	NC_A	ASO_NC_A	Negative Control	r1b0p4	1.036741	0.909451	0.985937	1.084794	0.979937	0.981109	0.998806	0.994238	1.06059	1.032531	1.00141	1.005471	0.976357	1.023338	0.977558	1.024884	0.993514	1.038618	0.994708	1.033634	1.016155	1.038237	1.016622	1.036568	0.993283	1.033221	0.986652	1.002932
NC_A	NC_A	ASO_NC_A	Negative Control	r1b0p4	0.964483	1.052199	1.003429	0.971437	1.014674	1.038348	1.004398	1.002411	0.960991	0.985024	0.979656	0.983339	1.01534	1.010358	1.018509	1.009972	0.99433	0.962664	0.985905	0.973697	0.995093	0.966287	0.991006	0.968963	1.014462	1.003331	0.995684	1.000013
NC_A	NC_A	ASO_NC_A	Negative Control	r1b0p3	1.107535	1.016949	1.015671	0.961731	0.970389	1.041617	0.98438	1.007984	1.005557	0.922928	1.02344	0.970145	0.984396	1.008629	0.987316	1.007364	1.034477	0.974705	1.0189	0.981552	1.03743	0.968064	1.024876	0.967272	0.990399	0.993368	0.991831	1.001482
NC_A	NC_A	ASO_NC_A	Negative Control	r1b0p3	1.000975	1.064006	1.001934	0.931513	1.01771	0.933818	1.003176	0.988661	1.016468	1.039271	0.974067	1.053159	1.016207	0.923469	1.014247	0.927143	0.996261	0.993285	0.994325	0.995867	0.991831	0.995644	0.997869	1.007183	1.006698	0.936701	0.994474	1.014344
NC_A	NC_A	ASO_NC_A	Negative Control	r1b0p3	0.896705	0.91383	1.146667	0.942484	1.009006	1.027461	1.012013	1.003786	1.008351	1.007425	0.996463	0.982727	1.076822	0.990477	1.08167	0.982259	1.048157	0.953114	1.043964	0.965392	1.040852	0.966179	1.03452	0.968279	1.081708	0.991126	1.007935	0.989933
NC_A	NC_A	ASO_NC_A	Negative Control	r1b0p2	1.049156	0.993382	1.004854	0.998638	0.958768	0.970994	0.983161	1.000448	1.076893	0.995315	1.04893	1.015355	0.979617	0.978172	0.976607	0.978987	1.029123	1.009684	1.02776	1.009591	1.050389	0.990894	1.044964	0.991307	0.986496	0.979528	0.993461	1.007547
NC_A	NC_A	ASO_NC_A	Negative Control	r1b0p2	1.001514	1.064808	0.974238	0.980529	1.078499	0.949359	1.009843	0.987766	0.970787	1.023999	0.973191	1.034915	1.042498	0.960285	1.037765	0.963903	0.968419	1.007073	0.976095	1.001783	0.953494	1.013314	0.952965	1.019821	1.009445	0.974112	0.998882	1.005186
NC_A	NC_A	ASO_NC_A	Negative Control	r1b0p2	0.950514	0.940625	0.926097	1.115645	1.01039	1.03199	1.006502	1.012281	1.005548	0.927459	0.987687	0.939921	0.970772	1.068657	0.968462	1.074276	0.958603	1.027097	0.967857	1.016914	0.960514	1.031396	0.961536	1.029407	0.966513	1.083907	1.00002	0.994904
NC_A	NC_A	ASO_NC_A	Negative Control	r1b0p1	1.101768	0.929976	1.000809	1.030854	0.940184	1.055426	0.984309	1.010395	1.00412	0.981881	1.013029	0.982016	0.964483	1.046971	0.969568	1.040865	1.035195	1.001298	1.019077	1.010304	1.059627	0.971119	1.057729	0.966266	0.990016	1.011347	0.986408	1.012893
NC_A	NC_A	ASO_NC_A	Negative Control	r1b0p1	1.017626	1.011745	0.974598	1.006438	1.036977	0.969319	1.014411	0.994048	1.016361	1.01062	0.98928	1.029679	1.015523	0.977954	1.015767	0.978854	0.962565	1.006511	0.972434	1.006906	0.95519	1.004188	0.958192	1.009454	1.003989	0.98871	1.000258	1.008903
NC_A	NC_A	ASO_NC_A	Negative Control	r16bALLp1	0.999773	1.037815	0.987909	1.07643	1.034621	0.989063	1.004416	0.992254	0.986218	0.997553	0.98264	0.992222	1.009734	1.031256	1.005219	1.035712	0.989172	1.032589	0.987369	1.026627	0.98036	1.044085	0.976804	1.043808	0.991965	1.046167	0.999495	0.998616
NC_A	NC_A	ASO_NC_A	Negative Control	r16bALLp1	0.920664	0.968716	0.961031	0.955809	0.972254	1.008713	0.995694	1.00594	1.020347	1.004325	1.027611	0.995983	0.960472	0.98511	0.962825	0.98246	0.990492	0.978655	0.997388	0.984036	0.993892	0.975151	0.996741	0.9758	0.966093	0.983298	1.003059	0.999042
NC_A	NC_A	ASO_NC_A	Negative Control	r16bALLp1	1.054395	1.018638	1.0197	0.999121	1.011529	0.98382	1.002748	0.998948	1.009533	0.982025	1.011718	0.989825	1.023134	0.990293	1.02034	0.993443	1.015499	0.993593	1.009608	0.994971	0.994545	1.011967	0.993523	1.013324	1.002399	1.010077	1.003721	0.996067
NC_A	NC_A	ASO_NC_A	Negative Control	r15bALLp6	0.983301	0.917767	1.038733	1.001307	0.979423	0.985929	0.990768	1.006037	1.055733	0.977696	1.035455	1.019919	1.013249	0.996307	1.015295	1.00361	1.026694	1.003589	1.028842	1.01199	1.009193	0.970985	1.017659	0.981858	1.004177	0.993814	1.014381	1.024401
NC_A	NC_A	ASO_NC_A	Negative Control	r15bALLp6	0.988042	1.020892	0.963049	1.017967	1.012884	0.980172	1.001093	1.002919	0.979885	1.008544	1.009944	1.022507	0.990327	0.999422	0.984693	1.004664	0.989985	1.027475	0.995998	1.0199	0.979206	1.001366	0.975111	0.999277	0.97362	0.988716	1.00252	1.013057
NC_A	NC_A	ASO_NC_A	Negative Control	r15bALLp6	1.006327	1.083672	0.92568	1.053264	1.016372	1.025219	1.000681	0.998501	0.988876	0.989265	0.943693	0.968482	0.966768	1.033928	0.960311	1.031427	0.946735	1.005522	0.945522	0.997748	0.995544	1.043707	0.991167	1.034928	0.987936	1.051738	0.965785	0.979856
NC_A	NC_A	ASO_NC_A	Negative Control	r15bALLp5	1.047921	1.046185	1.051885	1.016865	1.039789	1.018948	1.004838	1.00067	0.968803	0.997266	0.972314	0.987151	1.047898	1.013544	1.044185	1.016	1.007407	1.010083	1.007988	1.007104	1.031019	1.004955	1.02309	0.999578	1.045025	1.006727	0.988246	0.994963
NC_A	NC_A	ASO_NC_A	Negative Control	r15bALLp5	0.939344	0.999201	0.940461	1.01378	0.972216	1.014249	0.992888	1.004879	1.022207	0.985821	1.008478	0.989452	0.949113	1.022377	0.953832	1.017377	0.973685	1.000412	0.980937	0.995679	0.970333	0.994962	0.981803	0.992756	0.963846	1.016396	1.008384	0.996419
NC_A	NC_A	ASO_NC_A	Negative Control	r15bALLp4	0.947894	1.019542	0.967676	0.995158	1.008857	1.024929	1.002417	1.005405	1.014706	0.975373	1.017665	1.000281	0.983206	1.00949	0.983281	1.010615	0.977422	0.994222	0.988859	0.9961	0.959452	0.977067	0.961148	0.986769	0.975398	1.002511	1.012564	1.00829
NC_A	NC_A	ASO_NC_A	Negative Control	r15bALLp4	0.929297	0.964096	1.047402	1.056986	0.963713	1.014535	0.994913	1.003189	1.023782	1.014951	1.000274	0.988228	1.002942	1.0481	1.008597	1.048085	1.021031	1.018002	1.013145	1.015936	1.044755	1.011567	1.041781	1.00703	1.02302	1.037389	0.993273	1.005655
NC_A	NC_A	ASO_NC_A	Negative Control	r15bALLp4	1.076919	1.074989	0.961393	0.980743	0.984535	1.021866	0.989423	0.988223	1.00072	0.989619	1.025553	0.965123	0.967685	0.990303	0.970252	0.98723	1.005586	0.985053	0.995158	0.97466	0.990658	1.034097	0.99249	1.024777	0.965674	1.015252	1.001074	0.971803
NC_A	NC_A	ASO_NC_A	Negative Control	r15bALLp3	1.047554	0.935432	1.009485	1.026459	1.013741	1.02316	1.001549	1.01682	1.00022	0.989774	0.988921	1.015037	1.01542	1.043036	1.015514	1.041391	1.006408	1.000337	0.999804	1.014541	0.99845	0.962441	0.991096	0.966091	1.013008	1.009973	0.996425	1.021673
NC_A	NC_A	ASO_NC_A	Negative Control	r15bALLp3	0.995787	0.98939	1.003093	1.00016	0.977141	1.001875	0.999358	0.991941	1.007011	1.01428	1.02058	1.008815	0.9899	0.993552	0.991759	1.000473	1.010949	1.007198	1.012279	1.002365	1.010125	1.01646	1.011969	1.017274	0.997097	1.001782	1.007764	0.997271
NC_A	NC_A	ASO_NC_A	Negative Control	r15bALLp3	1.087351	0.944485	0.949006	1.011796	0.998583	0.9855	0.98986	1.000473	0.984147	1.004568	0.96557	1.001077	0.9614	0.996692	0.953164	0.9977	0.965927	1.009181	0.961862	1.009149	1.005667	1.006858	1.007757	1.005812	0.979718	0.998422	0.97705	0.999816
NC_A	NC_A	ASO_NC_A	Negative Control	r15bALLp2	0.970285	1.075658	1.010749	0.989273	0.977284	1.023199	1.003063	1.003449	1.037869	0.975055	1.035393	0.996968	0.998728	1.008238	1.000074	1.006469	0.996915	1.001282	1.00517	1.004146	0.985882	0.971697	0.989366	0.975932	0.995526	0.98646	1.016661	1.007443
NC_A	NC_A	ASO_NC_A	Negative Control	r15bALLp2	0.993915	0.978024	1.015483	1.014362	0.988681	0.990653	1.000162	0.997996	1.032096	0.975421	1.02033	0.995238	1.005087	0.994586	1.00311	0.997097	1.006849	1.009239	1.015715	1.005712	1.004893	1.023616	1.00852	1.018464	1.004143	1.007652	1.008808	0.993694
NC_A	NC_A	ASO_NC_A	Negative Control	r15bALLp2	1.059545	0.922572	0.958417	1.011717	1.004787	1.015396	0.991296	1.004035	0.975197	1.004362	0.976998	0.975073	0.977631	1.015731	0.979233	1.014017	0.986095	0.99962	0.97443	0.994827	0.9984	1.015511	0.995384	1.012333	0.985086	1.021133	0.985837	0.987557
NC_A	NC_A	ASO_NC_A	Negative Control	r15bALLp1	1.01057	0.942833	1.006498	0.97719	0.972558	0.981151	0.993623	1.0055	1.009318	0.964867	1.032743	1.006987	0.996765	0.980665	0.997221	0.984078	1.018656	0.988017	1.020621	0.996931	0.995474	0.976428	0.998875	0.980887	0.985623	0.980277	1.011302	1.011029
NC_A	NC_A	ASO_NC_A	Negative Control	r15bALLp1	0.985967	1.045969	1.012853	1.007131	1.023234	0.96705	1.001031	0.998023	0.968684	1.037007	0.966036	0.999809	1.015293	0.981317	1.01798	0.983715	0.998661	1.00856	0.993143	1.002784	1.014204	1.020955	1.012427	1.019869	1.027568	0.994921	0.987824	0.996052
NC_A	NC_A	ASO_NC_A	Negative Control	r15bALLp1	1.044891	0.969769	0.958665	1.037663	1.026238	1.029769	0.999858	1.001965	1.023687	0.996437	1.003558	0.990867	0.994703	1.031257	0.985184	1.031821	0.979657	1.006449	0.9814	1.005121	0.981172	1.011766	0.976552	1.011391	0.989599	1.022011	0.99492	0.998874
NC_A	NC_A	ASO_NC_A	Negative Control	r14b9plusp6	1.002865	1.015412	0.989266	1.024319	1.001493	1.053162	1.004199	1.006145	0.969881	0.985346	0.974644	0.986864	0.99388	1.055669	0.989695	1.051516	1.000759	1.004154	0.99873	0.996355	1.007135	1.004515	1.001467	1.001791	0.998283	1.038035	0.986569	0.991889
NC_A	NC_A	ASO_NC_A	Negative Control	r14b9plusp6	0.984746	1.028355	1.011377	0.961726	0.976959	1.027619	1.00019	0.999675	1.041189	1.024394	1.01939	1.039477	0.995444	1.002493	0.997627	0.996839	1.004907	0.978414	1.006081	0.991471	0.999014	0.950795	0.999983	0.949826	0.992627	0.970292	1.012445	1.010686
NC_A	NC_A	ASO_NC_A	Negative Control	r14b9plusp6	1.000087	0.968535	1.022995	0.990317	0.958893	0.981874	0.993743	0.99605	1.022276	0.956914	1.012295	0.96733	0.984193	0.968321	0.987407	0.976916	1.019868	0.991898	1.019972	0.987391	1.031705	1.006836	1.032555	1.014379	0.999657	1.001105	1.00449	0.993922
NC_A	NC_A	ASO_NC_A	Negative Control	r14b9plusp5	1.008892	1.018621	0.951071	1.021333	0.983236	0.981847	0.994266	0.989309	1.007282	1.003884	0.985827	1.029284	0.966072	0.992557	0.967856	0.992768	0.98943	1.01589	0.980965	1.00916	1.00202	1.029678	1.007008	1.025424	0.986328	1.004044	0.987785	1.003001
NC_A	NC_A	ASO_NC_A	Negative Control	r14b9plusp5	0.988465	0.987897	1.083656	0.897376	0.988036	1.043127	1.005264	1.014761	1.016088	0.980579	1.026886	0.988613	1.033693	0.990244	1.034948	0.983058	1.043851	0.940949	1.051258	0.955837	1.014161	0.929345	1.009865	0.933028	1.015795	0.961981	1.020991	1.005496
NC_A	NC_A	ASO_NC_A	Negative Control	r14b9plusp5	0.983027	1.013098	1.074627	0.971938	1.029572	0.974182	0.999407	0.996992	1.003229	0.988939	0.992225	0.977166	1.052995	0.964438	1.046261	0.975109	1.018965	0.990915	1.015457	0.987323	1.034701	0.990095	1.030812	0.993863	1.047516	0.984335	0.990591	0.992136
NC_A	NC_A	ASO_NC_A	Negative Control	r14b9plusp4	1.04983	1.021553	1.052953	1.037128	1.013254	0.984042	1.001549	0.99273	0.966329	0.997324	0.936042	1.029459	1.034436	1.002763	1.040848	1.005518	1.016315	1.016016	1.004003	1.014401	1.053772	1.012587	1.04438	1.018861	1.051957	1.009126	0.975963	1.00748
NC_A	NC_A	ASO_NC_A	Negative Control	r14b9plusp4	0.97414	0.960011	0.986378	0.912237	0.994924	0.995784	1.000756	1.001167	1.009094	1.020078	1.013193	1.043247	0.995386	0.961017	0.9954	0.955514	0.996548	0.965875	0.997154	0.981155	0.986491	0.945422	0.98671	0.951593	0.988958	0.944074	1.002202	1.016669
NC_A	NC_A	ASO_NC_A	Negative Control	r14b9plusp4	0.983293	1.011172	0.961509	1.049794	1.017791	0.994204	1.004081	0.999717	1.009598	0.997577	1.007673	0.970386	0.989015	1.017384	0.984331	1.018389	0.973924	1.031323	0.977957	1.025331	0.95382	1.047908	0.957775	1.040681	0.97732	1.028566	1.008289	0.989397
NC_A	NC_A	ASO_NC_A	Negative Control	r14b9plusp3	0.974982	1.001191	1.041292	1.055791	0.998185	0.967994	1.000715	0.991289	1.003415	0.998015	1.000422	1.017482	1.017534	1.003889	1.023756	1.008411	1.006422	1.04818	1.01852	1.033192	0.998644	1.035569	0.998116	1.031475	1.015849	1.012937	1.005723	1.005572
NC_A	NC_A	ASO_NC_A	Negative Control	r14b9plusp3	0.951081	1.012088	1.011739	0.940011	1.019493	1.047476	1.005064	1.01053	0.976743	0.991572	0.982195	0.980742	1.018312	1.004652	1.015542	0.999687	0.98347	0.96327	0.989923	0.969354	1.005865	0.951113	1.007541	0.951399	1.023205	0.981371	0.995059	1.000976
NC_A	NC_A	ASO_NC_A	Negative Control	r14b9plusp3	1.025217	1.035441	1.031439	0.919728	0.995637	0.971216	0.993199	0.999203	1.005142	1.025113	0.981109	1.038048	1.008595	0.947018	1.00709	0.945514	1.017819	0.98084	1.004357	0.984653	1.045919	0.96289	1.044342	0.967126	1.030083	0.936556	0.984032	1.008638
NC_A	NC_A	ASO_NC_A	Negative Control	r14b9plusp2	0.974658	0.991648	1.074292	1.024053	1.038163	1.018173	1.003025	1.007484	0.970909	1.00163	0.960189	0.982598	1.051983	1.023994	1.049768	1.019235	1.032942	1.010544	1.019472	1.001815	1.044716	1.00978	1.030978	1.001234	1.051834	1.015381	0.98544	0.992427
NC_A	NC_A	ASO_NC_A	Negative Control	r14b9plusp2	1.016792	0.998698	0.999818	0.952011	0.981915	0.966474	0.995406	0.994324	1.034279	1.023277	1.040651	1.028952	0.989466	0.960233	0.984037	0.963417	1.007243	0.979159	1.015326	0.988755	0.999338	0.99305	1.014753	0.997106	0.984483	0.973917	1.013318	1.00479
NC_A	NC_A	ASO_NC_A	Negative Control	r14b9plusp2	1.021197	0.997006	0.947691	1.002137	0.982627	1.012649	0.994894	1.004866	1.000708	0.969197	1.011108	0.976503	0.969476	1.004848	0.977695	1.005848	0.979739	0.990373	0.984301	0.990331	0.962359	0.990759	0.968826	0.987102	0.971126	1.00326	1.006136	0.997889
NC_A	NC_A	ASO_NC_A	Negative Control	r14b9plusp1	0.974082	0.99653	1.029207	0.973866	0.979074	1.008586	1.002776	0.994358	0.999429	0.998784	0.975942	0.997956	1.002934	0.989005	1.010728	0.986378	1.009015	0.983865	1.002348	0.985259	1.003493	0.999383	1.004534	0.996401	1.023779	0.990342	0.994497	0.9906
NC_A	NC_A	ASO_NC_A	Negative Control	r14b9plusp1	1.015897	1.011337	0.909768	0.956693	0.968075	0.986983	0.989918	1.001247	1.021149	1.012223	1.055767	1.034749	0.937452	0.97705	0.940023	0.970326	0.978353	0.980822	0.989248	1.001536	0.964885	0.979701	0.968944	0.985755	0.933495	0.963582	1.019966	1.016104
NC_A	NC_A	ASO_NC_A	Negative Control	r14b9plusp1	1.025023	0.977131	1.067759	1.062706	1.011246	1.046035	0.998264	1.013437	0.993075	0.975341	0.992684	0.942902	1.039145	1.054415	1.038054	1.054492	1.025688	1.022258	1.014699	1.00691	1.041711	1.010827	1.036587	1.007779	1.034324	1.054478	0.992456	0.986376
NC_A	NC_A	ASO_NC_A	Negative Control	r13b3ADp6	1.035288	1.017713	1.005579	0.963186	0.989343	1.017338	1.003126	0.991688	0.992702	1.002801	0.980174	1.004494	0.993804	0.993803	1.000223	0.986913	1.013755	0.976785	1.0077	0.973417	1.008552	0.992771	0.997305	0.99285	0.996067	0.999928	0.98783	0.992002
NC_A	NC_A	ASO_NC_A	Negative Control	r13b3ADp6	0.955542	0.965082	1.012798	0.92616	0.983372	0.988954	0.99675	0.999104	1.009479	1.016093	1.022372	1.058348	0.987825	0.962681	0.993255	0.958018	1.021134	0.957145	1.017652	0.979042	1.010925	0.938816	1.013506	0.949572	0.991215	0.940922	1.012591	1.021022
NC_A	NC_A	ASO_NC_A	Negative Control	r13b3ADp6	1.012432	1.013942	1.051748	1.040529	1.01842	1.002572	1.006626	1.002705	0.990623	0.988301	0.96904	0.965571	1.0393	1.022586	1.035578	1.026013	1.016492	1.014688	1.012292	1.009898	1.021239	1.027698	1.015665	1.031102	1.035839	1.036029	0.990974	0.995581
NC_A	NC_A	ASO_NC_A	Negative Control	r13b3ADp5	0.994092	1.0006	0.898197	1.045269	0.969646	1.038427	0.985701	1.019577	1.008767	0.99858	1.027862	0.974476	0.9293	1.051358	0.927571	1.047736	0.971263	0.996065	0.97622	0.999485	0.966143	0.980914	0.97648	0.977067	0.933209	1.031999	1.009575	1.004212
NC_A	NC_A	ASO_NC_A	Negative Control	r13b3ADp5	0.972545	0.968375	1.029155	0.995706	0.988548	1.012417	1.002447	1.004086	0.994919	0.995039	1.017642	1.009263	1.004137	1.01661	1.004791	1.018396	1.019439	0.989064	1.015838	1.001698	1.013853	0.9861	1.009989	0.98933	1.00141	0.999235	1.001435	1.004605
NC_A	NC_A	ASO_NC_A	Negative Control	r13b3ADp5	1.013279	1.051109	0.992805	1.038868	1.003486	0.987477	0.993683	0.994506	1.012193	0.990502	1.018108	0.95265	0.996367	1.002228	0.994625	1.006882	1.008095	1.016074	1.007848	0.998911	1.002678	1.050311	1.002309	1.044825	0.994295	1.039852	1.006599	0.973573
NC_A	NC_A	ASO_NC_A	Negative Control	r13b3ADp4	0.968692	1.028432	1.042892	1.003009	0.99455	0.961618	1.003104	0.990142	1.006129	1.026266	0.981355	1.026437	1.018892	0.978935	1.016324	0.982913	1.012246	1.013414	1.013703	1.006752	1.034286	1.01375	1.029936	1.02029	1.029102	0.996762	0.993958	1.006241
NC_A	NC_A	ASO_NC_A	Negative Control	r13b3ADp4	0.976572	0.945796	1.072977	0.972489	1.023184	1.002536	1.005785	1.006153	0.996667	1.00717	0.953401	1.012952	1.056549	0.990956	1.058542	0.990475	1.024092	0.996104	1.013568	1.002703	1.029421	0.971748	1.020404	0.975013	1.055799	0.9709	0.988967	1.013384
NC_A	NC_A	ASO_NC_A	Negative Control	r13b3ADp4	0.998709	1.081799	0.965768	0.942865	1.001506	1.016607	0.999768	0.995048	0.981065	0.982702	1.019375	1.00648	0.984671	0.969997	0.98136	0.970386	0.980027	0.974118	0.989334	0.973941	0.96957	0.981224	0.976826	0.977531	0.977201	0.970237	1.00877	0.988681
NC_A	NC_A	ASO_NC_A	Negative Control	r13b3ADp3	0.984635	0.996681	1.004698	1.003882	1.031389	0.991994	1.001163	1.000256	0.958161	1.007771	0.959649	1.008588	1.019511	0.993514	1.020757	0.99127	0.986671	1.004589	0.986242	1.004335	1.00819	1.010938	1.002802	1.015251	1.020577	0.998266	0.982509	1.001362
NC_A	NC_A	ASO_NC_A	Negative Control	r13b3ADp3	0.990047	1.018487	0.951666	0.956102	0.963725	1.001128	0.988431	0.99965	1.04191	0.997436	1.058479	1.007344	0.965888	0.978687	0.962441	0.978347	0.990884	0.981283	0.996311	0.984276	0.972469	0.987968	0.984211	0.985004	0.962267	0.980892	1.018074	1.001769
NC_A	NC_A	ASO_NC_A	Negative Control	r13b3ADp3	0.999795	1.010354	0.967571	1.116081	0.99618	1.015584	1.006944	1.003557	1.008791	0.985931	1.025109	0.940831	0.980511	1.061889	0.983846	1.063339	1.000438	1.036135	1.005236	1.0236	0.963236	1.0572	0.961004	1.051728	0.962806	1.07519	1.013633	0.982652
NC_A	NC_A	ASO_NC_A	Negative Control	r13b3ADp2	1.060976	1.080067	1.005898	0.944126	0.986012	0.982591	0.995959	0.993156	1.014071	1.000438	1.000885	1.033599	0.999289	0.955057	1.001042	0.951645	1.016269	0.99641	1.011393	1.001779	1.011294	0.974718	1.006865	0.980018	1.002893	0.939104	1.000257	1.011632
NC_A	NC_A	ASO_NC_A	Negative Control	r13b3ADp2	0.918599	0.955351	0.984879	0.99764	1.035312	1.018643	1.003536	1.004824	1.008352	1.007511	1.006267	0.995333	1.0202	1.015765	1.020441	1.012257	0.979002	0.995361	0.984587	0.994625	0.970248	1.005418	0.973615	1.002951	0.997013	1.01176	1.001561	0.995134
NC_A	NC_A	ASO_NC_A	Negative Control	r13b3ADp2	0.970573	1.014435	1.027089	1.040367	0.996638	0.980802	1.010398	0.992128	0.967628	1.002	0.97226	0.991656	1.012278	0.997412	1.013867	1.000748	1.000677	1.012281	1.001169	1.006447	1.000545	1.037777	1.000978	1.035573	1.021544	1.027687	0.998821	0.992595
NC_A	NC_A	ASO_NC_A	Negative Control	r13b3ADp1	0.964618	0.984084	1.082641	0.938561	0.960082	1.026781	0.990876	0.997283	0.999512	0.993183	0.992373	0.980501	1.001038	0.989749	1.010792	0.986471	1.049341	0.963601	1.031163	0.965513	1.072251	0.97157	1.064709	0.972092	1.040659	0.975151	0.996463	0.989385
NC_A	NC_A	ASO_NC_A	Negative Control	r13b3ADp1	1.014015	1.016907	0.960125	1.007124	0.979882	1.021992	0.993079	1.01281	1.00685	0.98325	1.043125	1.001602	0.976989	1.019508	0.977565	1.014267	1.007436	0.989231	1.011164	0.993977	0.984124	0.97781	0.993469	0.975213	0.960589	1.009514	1.009157	1.008996
NC_A	NC_A	ASO_NC_A	Negative Control	r13b3ADp1	0.986161	1.034214	0.971202	1.040347	1.013323	0.997939	1.002441	1.003511	1.00054	1.016666	1.006078	0.97632	0.999915	1.012801	0.999691	1.011213	0.983362	1.007028	0.988301	1.009882	0.980818	1.013427	0.98124	1.013278	0.98845	1.025637	1.000194	0.995805
NC_A	NC_A	ASO_NC_A	Negative Control	r12b2ADp6	0.972035	1.031426	0.93177	1.023362	1.006089	0.941386	1.001494	0.990469	0.978726	1.026528	0.993374	1.019356	0.968971	0.97201	0.969277	0.975222	0.965279	1.032189	0.969086	1.023482	0.974922	1.042315	0.97453	1.044572	0.970797	1.002141	0.99325	1.003715
NC_A	NC_A	ASO_NC_A	Negative Control	r12b2ADp6	0.993058	0.958819	0.96685	1.115268	1.063401	1.014965	1.006217	1.004874	0.952299	1.032983	0.974518	0.97972	1.015966	1.077634	1.013949	1.077518	0.968782	1.039496	0.977561	1.030957	0.951356	1.043084	0.950932	1.0456	0.983281	1.08455	1.000405	1.001807
NC_A	NC_A	ASO_NC_A	Negative Control	r12b2ADp6	1.032929	1.011733	0.943696	1.019054	0.965811	1.008349	0.994677	1.002269	1.031752	0.977713	1.042101	0.990932	0.952937	1.012482	0.951939	1.012095	0.98747	1.006784	0.997071	1.001844	0.969869	1.018453	0.977629	1.006736	0.950671	1.00856	1.013874	0.986948
NC_A	NC_A	ASO_NC_A	Negative Control	r12b2ADp5	0.983763	1.069921	1.04268	1.020932	0.975949	1.020829	0.99758	1.00422	1.0243	0.982315	0.996491	0.995057	0.999062	1.037195	1.003594	1.034826	1.02336	1.013608	1.015173	1.019458	1.032651	1.002513	1.03315	1.000903	1.02349	1.009139	0.990697	1.005946
NC_A	NC_A	ASO_NC_A	Negative Control	r12b2ADp5	0.955411	0.985086	1.040831	0.974621	0.976711	1.026849	1.003285	1.007137	1.01943	0.970534	1.026999	0.996039	1.001682	1.013006	0.999444	1.010451	1.017207	0.985377	1.024841	0.990726	1.014216	0.98826	1.009187	0.984866	1.000691	0.996935	1.013723	1.00056
NC_A	NC_A	ASO_NC_A	Negative Control	r12b2ADp5	1.009128	0.996691	1.011089	0.909847	0.987095	1.012567	0.994575	0.993202	1.007366	0.996055	0.991436	0.993979	0.995012	0.954042	0.997851	0.953834	1.003927	0.956521	0.996814	0.952988	1.008452	0.953908	1.014665	0.957229	1.01161	0.958134	0.999253	0.989821
NC_A	NC_A	ASO_NC_A	Negative Control	r12b2ADp4	1.009399	1.020465	0.965351	0.98696	1.009958	0.952088	1.001196	0.998111	0.96894	1.019733	0.95579	1.043119	0.989587	0.960305	0.990292	0.963977	0.978217	1.013846	0.972952	1.017513	1.001857	0.994687	0.993007	0.998646	1.006735	0.961739	0.976735	1.019601
NC_A	NC_A	ASO_NC_A	Negative Control	r12b2ADp4	0.997286	0.95894	1.018165	0.947439	1.027651	1.006653	1.009335	1.00434	0.9934	1.005143	0.995311	1.0098	1.034044	0.982941	1.027722	0.982286	0.985944	0.97553	0.994585	0.98032	1.007365	0.960013	1.000336	0.95795	1.028647	0.96297	0.993289	1.006418
NC_A	NC_A	ASO_NC_A	Negative Control	r12b2ADp4	0.991197	1.022712	1.056588	1.025498	1.039282	0.964368	1.003684	0.983335	0.980368	1.032415	0.978016	1.017964	1.059269	0.973854	1.054689	0.981035	1.020074	1.026389	1.014214	1.020416	1.008099	1.027979	1.012397	1.037664	1.038951	1.000959	1.002925	1.001032
NC_A	NC_A	ASO_NC_A	Negative Control	r12b2ADp3	1.012745	1.039592	1.015281	1.017953	0.973926	1.019769	0.986516	1.002106	0.991526	0.993075	0.9812	1.003635	0.986612	1.019764	0.991243	1.018811	1.017464	1.008297	1.002675	1.008351	1.047583	0.996713	1.041251	0.999168	1.015552	1.009526	0.986165	1.002665
NC_A	NC_A	ASO_NC_A	Negative Control	r12b2ADp3	1.022133	0.950378	0.976805	1.00541	0.971173	1.03911	0.996853	1.01521	1.013664	0.999449	1.045849	0.979289	0.978038	1.032196	0.970961	1.031652	1.009033	0.991118	1.019498	0.991943	0.99299	0.971106	0.992659	0.969605	0.960558	1.015265	1.011563	0.998366
NC_A	NC_A	ASO_NC_A	Negative Control	r12b2ADp3	0.938462	1.036689	0.969922	1.01463	0.994594	1.001427	0.999854	0.999461	1.027847	0.97444	1.028014	0.962013	0.979701	1.003689	0.977421	1.009912	0.993216	0.980873	0.996584	0.98095	0.963766	1.027842	0.966564	1.030754	0.963646	1.035452	1.013689	0.987551
NC_A	NC_A	ASO_NC_A	Negative Control	r12b2ADp2	0.990384	1.03239	1.054983	0.982918	1.002166	0.995769	0.997119	0.999826	1.003684	0.995955	0.990687	1.036344	1.023284	0.985889	1.023286	0.981866	1.01882	0.998612	1.013259	1.004614	1.013223	0.985955	1.013239	0.991997	1.030864	0.975051	1.000559	1.013059
NC_A	NC_A	ASO_NC_A	Negative Control	r12b2ADp2	0.99432	0.95687	1.002352	0.961735	1.031798	1.001147	1.003287	1.001909	0.994412	0.995136	0.988914	1.014212	1.018927	0.98749	1.013348	0.98837	1.004753	0.971329	0.995231	0.986306	1.014579	0.957375	1.013787	0.958326	1.013162	0.971964	0.99405	1.009332
NC_A	NC_A	ASO_NC_A	Negative Control	r12b2ADp1	0.990268	0.99686	1.098306	0.95504	1.003372	0.969408	1.003071	0.993755	0.983247	0.985314	0.955162	0.999296	1.048231	0.951959	1.051653	0.955594	1.052403	0.988499	1.035623	0.993653	1.045207	1.000153	1.043535	1.003277	1.058308	0.963119	0.99408	0.99745
NC_A	NC_A	ASO_NC_A	Negative Control	r12b2ADp1	1.021292	0.96166	0.962066	1.007733	1.021862	1.000265	1.008789	0.997852	1.0104	1.012734	1.010179	1.031519	0.994833	1.007781	0.992083	1.003645	0.966738	1.002706	0.973409	1.003787	0.966954	0.998964	0.966634	0.996073	0.982427	0.998467	1.005444	0.999052
NC_A	NC_A	ASO_NC_A	Negative Control	r12b2ADp1	1.030198	0.999722	0.987045	0.989809	0.982528	1.022565	0.996061	1.000473	1.024567	0.983738	1.027625	0.976219	0.985936	1.01126	0.987224	1.009801	1.005763	0.983891	1.008845	0.984683	0.981084	1.007638	0.987504	1.002976	0.978497	1.019181	1.01805	0.985923
NC_A	NC_A	ASO_NC_A	Negative Control	r11b1ADp6	1.039304	0.977665	0.952688	1.018595	1.040504	0.96876	1.002164	1.003149	0.974694	1.025435	0.965185	1.01206	0.992654	0.990571	0.985422	0.991329	0.96341	1.015922	0.955499	1.017411	0.986329	1.002103	0.982898	0.99863	0.998219	0.994188	0.97691	1.008106
NC_A	NC_A	ASO_NC_A	Negative Control	r11b1ADp6	0.973982	1.002493	0.975972	1.004458	0.995851	1.022178	0.99115	1.000337	1.003392	0.997761	1.034918	1.000199	0.990151	1.0246	0.985753	1.025865	0.993701	1.007806	0.994788	1.006554	0.983632	0.994781	0.984779	1.000626	0.977157	1.015755	1.008701	1.005608
NC_A	NC_A	ASO_NC_A	Negative Control	r11b1ADp6	0.994944	1.011612	1.051293	0.996995	0.977037	0.995671	1.000659	1.002541	1.010738	0.98798	1.011629	0.976009	1.003319	0.998705	1.00284	1.008791	1.025856	0.993304	1.029167	0.996581	1.036534	0.99662	1.031673	1.001394	1.010284	1.004397	1.004693	0.995981
NC_A	NC_A	ASO_NC_A	Negative Control	r11b1ADp5	1.008673	1.051142	0.924069	1.046238	0.974599	0.997758	0.990857	1.003806	1.006792	1.003397	0.988216	1.007956	0.945731	1.024831	0.948507	1.019323	0.96921	1.018659	0.971805	1.019633	0.974119	1.014987	0.981077	1.011728	0.96393	1.018526	0.992213	1.008287
NC_A	NC_A	ASO_NC_A	Negative Control	r11b1ADp5	0.960507	0.984222	0.987889	1.060938	1.030539	0.995109	1.009875	1.000138	1.009647	0.998046	1.013349	1.003078	1.018167	1.02207	1.011271	1.020363	0.991703	1.022706	0.998687	1.014575	0.983902	1.026056	0.977899	1.026746	0.994494	1.030053	1.005306	1.004233
NC_A	NC_A	ASO_NC_A	Negative Control	r11b1ADp5	0.985116	1.01034	1.024954	0.955912	1.018609	0.983386	1.001836	0.993488	0.995138	0.98698	0.996388	0.991013	1.021453	0.967749	1.0263	0.974236	1.017824	0.979898	1.013215	0.982085	1.000486	1.00045	0.998552	1.003999	1.008491	0.984506	0.999579	0.990381
NC_A	NC_A	ASO_NC_A	Negative Control	r11b1ADp4	1.035706	0.987959	1.01379	0.968117	1.035653	0.985264	1.004243	0.992944	0.94574	1.011406	0.940904	1.033386	1.029689	0.974117	1.030828	0.97373	0.999247	0.985335	0.985186	0.9961	1.027408	0.991118	1.020108	0.995261	1.035759	0.972269	0.975598	1.007191
NC_A	NC_A	ASO_NC_A	Negative Control	r11b1ADp4	0.973463	0.952085	1.012855	1.042478	0.939584	1.013125	0.993339	0.999115	1.043038	0.992316	1.039256	0.986865	0.967942	1.023978	0.975282	1.024941	1.025899	1.013213	1.01904	1.00846	1.021086	1.024048	1.025957	1.024841	0.999303	1.02552	1.011791	0.99145
NC_A	NC_A	ASO_NC_A	Negative Control	r11b1ADp4	1.045955	1.004832	1.019521	0.943239	1.007231	1.019142	1.002264	1.008095	1.011611	0.995889	1.00924	0.990349	1.012295	0.991979	1.007458	0.987761	1.002652	0.973655	1.008722	0.982492	0.98366	0.952681	0.985393	0.94844	1.001889	0.96526	1.00985	1.00412
NC_A	NC_A	ASO_NC_A	Negative Control	r11b1ADp3	0.981897	1.02886	0.957757	0.95324	1.010198	0.9663	1.008266	0.98416	0.979686	1.020715	0.968334	1.054452	0.99329	0.950969	0.993694	0.955287	0.973566	0.997582	0.979294	1.005616	0.968995	0.972879	0.970259	0.984234	0.991246	0.949366	0.991842	1.018449
NC_A	NC_A	ASO_NC_A	Negative Control	r11b1ADp3	1.022892	0.944102	1.071368	1.085893	1.007485	1.004063	0.99886	0.998422	0.99852	1.006984	1.01943	0.987244	1.042745	1.039273	1.041658	1.038418	1.038973	1.036328	1.028121	1.029231	1.047007	1.038605	1.038366	1.038378	1.044594	1.039947	1.000469	1.001475
NC_A	NC_A	ASO_NC_A	Negative Control	r11b1ADp3	0.980927	1.041321	1.01353	0.918212	0.986341	1.025613	1.003951	1.006342	1.002928	0.991166	0.998015	0.972524	0.995772	0.97795	0.999027	0.971916	1.004577	0.948975	0.994624	0.963114	1.01022	0.962294	1.006422	0.962341	1.012656	0.962192	1.004723	0.983043
NC_A	NC_A	ASO_NC_A	Negative Control	r11b1ADp2	0.996428	1.003782	1.001128	0.97226	0.977832	0.96268	0.996616	0.993809	1.001164	1.012531	1.003324	1.016728	0.987059	0.966911	0.986739	0.966948	1.012208	1.007939	1.013208	1.011144	1.020015	1.001488	1.019128	1.002023	0.997989	0.968387	0.997621	1.003877
NC_A	NC_A	ASO_NC_A	Negative Control	r11b1ADp2	1.00196	0.976116	0.996491	0.937062	0.998312	1.026437	0.999375	1.004063	0.998828	0.999294	0.991941	1.021377	0.995948	0.982378	1.000361	0.975914	1.001775	0.969225	1.001434	0.971479	0.995058	0.952866	1.000444	0.94933	0.994816	0.961241	0.998661	0.999697
NC_A	NC_A	ASO_NC_A	Negative Control	r11b1ADp2	1.034582	0.987133	1.08523	1.007829	1.020601	1.014137	0.999763	1.006375	0.998701	0.989483	0.989394	0.977237	1.05276	1.014943	1.049012	1.021025	1.026478	0.982376	1.016189	0.986545	1.031107	0.999465	1.02681	1.002266	1.046866	1.0307	1.001181	0.998963
NC_A	NC_A	ASO_NC_A	Negative Control	r11b1ADp1	0.988661	1.056446	1.039759	0.922911	1.057532	0.998339	1.008568	1.000227	0.984516	0.999276	0.942079	1.010223	1.044152	0.96632	1.03881	0.965668	0.989312	0.975347	0.99137	0.970686	1.017491	0.969089	1.013682	0.972546	1.04358	0.959949	0.974853	1.000562
NC_A	NC_A	ASO_NC_A	Negative Control	r11b1ADp1	0.996684	0.962787	1.101109	1.020513	1.010745	0.994108	1.01057	1.004337	0.99029	0.997365	0.982817	1.003764	1.055964	1.003899	1.059267	1.00095	1.044578	1.002619	1.038074	1.002097	1.033718	0.994639	1.026193	0.997389	1.051617	1.008828	1.003065	1.007028
NC_A	NC_A	ASO_NC_A	Negative Control	r11b1ADp1	1.052822	0.9426	0.967232	0.948476	0.985813	0.953463	0.987209	0.989088	1.005096	1.023457	1.023757	1.03736	0.975079	0.954587	0.97667	0.958634	1.006152	0.981992	1.005391	0.992382	0.992942	0.992122	0.997073	0.993117	0.969136	0.96689	1.00394	1.010552
NC_A	NC_A	ASO_NC_A	Negative Control	r10b0ADp6	0.987735	0.958038	0.897209	0.936776	0.970805	0.975871	0.988399	0.993489	1.036994	1.064079	1.000291	1.061624	0.937811	0.960253	0.936356	0.959131	0.966561	0.980583	0.965464	0.986298	0.990697	0.962662	0.990308	0.969002	0.948697	0.954982	0.978499	1.021053
NC_A	NC_A	ASO_NC_A	Negative Control	r10b0ADp6	1.005542	0.988768	1.061884	1.058928	0.96532	1.074666	0.994159	1.014471	1.01695	0.968326	1.04636	0.937592	0.99679	1.070284	1.001628	1.066479	1.058407	0.998114	1.057495	0.990638	1.035571	1.00581	1.03987	0.999472	0.990074	1.065583	1.018968	0.984802
NC_A	NC_A	ASO_NC_A	Negative Control	r10b0ADp6	1.042655	1.017262	1.025045	1.020158	0.986032	1.027306	0.998339	1.011143	0.977061	0.93659	0.976967	0.977166	1.004358	1.030504	1.005541	1.030865	1.010248	0.986087	1.008182	0.991923	1.02209	0.983171	1.024128	0.977221	1.016661	1.024002	0.993911	1.002768
NC_A	NC_A	ASO_NC_A	Negative Control	r10b0ADp5	0.94002	1.031298	0.972251	0.977349	0.976204	1.005992	0.999785	1.003329	1.007527	1.008154	1.006339	0.996776	0.961463	0.998481	0.963576	0.999931	0.998941	0.984038	0.991095	0.988906	1.000687	0.991286	1.001969	0.986903	0.975603	0.993565	0.994127	0.995352
NC_A	NC_A	ASO_NC_A	Negative Control	r10b0ADp5	0.9774	1.009424	0.977706	1.064669	0.981062	0.9762	0.995124	0.991248	1.03778	1.007367	1.034107	1.035206	0.976468	1.01615	0.979001	1.016394	0.99874	1.035475	0.997868	1.033307	0.991808	1.02964	0.997943	1.029515	0.978996	1.023346	1.005831	1.015322
NC_A	NC_A	ASO_NC_A	Negative Control	r10b0ADp5	0.966147	1.075711	0.948451	1.059573	1.067368	0.993174	1.012745	0.997769	0.95373	0.985442	0.958183	0.969389	1.023057	1.024381	1.013548	1.027549	0.956662	1.026143	0.969431	1.019393	0.947935	1.038645	0.949078	1.034592	0.98915	1.03934	0.999761	0.989607
NC_A	NC_A	ASO_NC_A	Negative Control	r10b0ADp4	1.005922	0.981012	1.013369	0.972871	0.99778	1.034363	1.003592	1.008707	0.967126	0.990544	0.969519	0.998333	0.996698	1.0058	0.99805	1.007926	1.00866	0.973134	0.997043	0.979548	1.024496	0.956195	1.008628	0.958343	1.008263	0.985655	0.976667	1.007957
NC_A	NC_A	ASO_NC_A	Negative Control	r10b0ADp4	1.014072	0.996557	1.000961	0.958194	0.9694	0.989454	0.994213	0.997704	1.044865	1.005822	1.028899	1.032117	0.984332	0.974	0.977799	0.974352	1.011978	0.989889	1.015276	0.999565	1.01803	0.985356	1.020913	0.986744	0.987365	0.969253	1.003065	1.014228
NC_A	NC_A	ASO_NC_A	Negative Control	r10b0ADp4	1.006491	0.995945	0.994725	1.059881	1.010417	0.998585	1.001044	0.99474	0.987895	1.003749	1.001722	0.96941	1.011404	1.027766	1.009897	1.031976	0.985109	1.03123	0.988603	1.019966	0.993263	1.02266	1.000365	1.025007	1.009637	1.039827	1.000685	0.997398
NC_A	NC_A	ASO_NC_A	Negative Control	r10b0ADp3	1.05161	1.056375	0.958158	0.982868	0.977022	0.968353	0.991467	0.989099	1.017321	1.015055	0.998748	1.008986	0.955845	0.970507	0.960385	0.969056	0.983449	1.011725	0.980628	1.010608	1.005331	1.024944	1.005343	1.024451	0.972619	0.981009	0.985437	0.99182
NC_A	NC_A	ASO_NC_A	Negative Control	r10b0ADp3	0.981001	0.924283	0.980633	1.059754	0.970079	1.008307	0.995502	1.004257	1.038717	0.970404	1.038031	1.00553	0.983287	1.042473	0.983275	1.043703	1.005196	1.031648	1.00105	1.021699	1.000378	1.033727	1.000729	1.029718	0.991219	1.037609	1.010151	1.000168
NC_A	NC_A	ASO_NC_A	Negative Control	r10b0ADp3	0.960317	1.026414	0.966841	1.051747	1.052624	1.023615	1.01347	1.006205	0.972719	0.985784	0.97647	0.972236	1.00619	1.041698	1.004863	1.038718	0.955818	1.012164	0.972629	1.013387	0.936802	0.998819	0.93743	1.002329	0.98256	1.034985	1.010888	1.001536
NC_A	NC_A	ASO_NC_A	Negative Control	r10b0ADp2	1.019961	0.970187	0.987586	1.040384	1.03641	1.003369	1.006174	1.008622	0.945559	1.009917	0.941709	1.003757	1.018069	1.019315	1.021967	1.020122	0.982617	1.007438	0.975385	1.014903	0.993555	0.993402	0.985671	0.999911	1.023902	1.006621	0.983536	1.014765
NC_A	NC_A	ASO_NC_A	Negative Control	r10b0ADp2	0.963748	1.03754	0.956596	1.009272	0.968616	1.00943	0.994751	1.002532	1.055423	0.988456	1.070156	0.986461	0.965859	1.01308	0.958861	1.014278	1.001038	0.995477	1.007855	0.994476	0.970778	1.014414	0.972998	1.015658	0.94673	1.025845	1.019038	0.989625
NC_A	NC_A	ASO_NC_A	Negative Control	r10b0ADp2	0.995852	1.012712	1.020617	0.985544	1.023556	0.958619	0.997658	0.990263	0.960286	1.040358	0.982406	1.015511	1.021825	0.961852	1.019483	0.965289	1.011076	1.002355	1.011227	0.996155	1.011222	1.016629	1.008844	1.016919	1.008917	0.987984	0.998462	0.994573
NC_A	NC_A	ASO_NC_A	Negative Control	r10b0ADp1	0.982229	0.99939	1.046635	1.038662	1.014189	1.041811	1.010113	1.005968	0.977063	0.983244	0.951012	0.982234	1.031318	1.041047	1.034184	1.047278	1.011915	0.996105	1.003389	1.004759	1.015418	0.998868	1.00932	0.9958	1.030585	1.033127	0.987822	1.000144
NC_A	NC_A	ASO_NC_A	Negative Control	r10b0ADp1	1.001834	1.013157	0.907643	0.993875	0.978579	0.965039	0.990297	0.999954	1.01252	1.034478	1.066778	1.038185	0.943668	0.978866	0.938212	0.974891	0.96878	1.017016	0.980295	1.017096	0.955863	0.998378	0.966931	1.005017	0.929136	0.981988	1.021864	1.014149
NC_A	NC_A	ASO_NC_A	Negative Control	r10b0ADp1	0.968279	1.035112	0.995809	1.017376	0.992343	1.008039	0.989014	1.004654	1.002615	0.99008	1.006072	0.955718	0.992398	1.012702	0.990005	1.015429	0.998621	1.007563	0.995418	0.999043	1.012473	1.019	1.010222	1.01271	1.000873	1.024291	0.990306	0.985715
NNT-AS1	NNT-AS1	ASO_G0248092_01	Targeted lncRNA	r8b7p6	1.061642	1.099273	1.081825	1.054767	0.940266	1.037282	0.998661	1.004534	1.000377	0.964741	0.967967	0.932493	1.005534	1.039035	1.018935	1.044108	1.081353	1.000254	1.053305	0.993141	1.066201	1.006488	1.066903	1.000364	1.040494	1.04733	0.987068	0.985276
NNT-AS1	NNT-AS1	ASO_G0248092_02	Targeted lncRNA	r8b7p6	0.902056	0.806218	0.995638	0.975594	0.984684	1.019529	0.994868	1.006019	1.016432	1.008656	1.030239	1.050851	0.989463	1.00955	0.983666	0.99995	0.983738	0.997514	0.989856	1.015578	1.013605	0.963836	1.015242	0.965902	0.999518	0.958047	0.997785	1.018528
NNT-AS1	NNT-AS1	ASO_G0248092_06	Targeted lncRNA	r8b7p6	0.670919	0.632295	1.03251	0.942449	0.938034	0.91461	0.964195	0.94974	1.058839	1.074368	1.120269	1.128841	0.964334	0.895569	0.955318	0.899029	1.022171	0.993894	1.023835	0.986446	1.021317	1.009129	1.017313	1.01303	0.972611	0.923502	1.011226	1.005027
NNT-AS1	NNT-AS1	ASO_G0248092_07	Targeted lncRNA	r8b7p6	0.611757	0.62994	0.982824	0.938799	0.987093	0.955991	1.00354	0.99207	1.002664	1.05207	1.017339	1.075195	0.978123	0.943566	0.971205	0.935209	0.979229	0.984162	0.982027	0.993141	0.993982	0.989811	0.983295	0.990928	0.973309	0.938689	0.99143	1.010113
NNT-AS1	NNT-AS1	ASO_G0248092_09	Targeted lncRNA	r8b7p6	0.320325	0.284834	0.78488	0.783106	0.974962	0.961322	0.970999	0.968324	1.075283	1.083978	1.127156	1.155295	0.874718	0.869724	0.854939	0.848849	0.879335	0.868977	0.909635	0.900457	0.907256	0.887123	0.910618	0.893637	0.861623	0.856842	1.000215	1.008315
NNT-AS1	NNT-AS1	ASO_G0248092_AD_01	Targeted lncRNA	r13b3ADp5	0.976913	1.064095	0.970232	1.00119	1.02256	1.064842	1.008364	1.014463	0.99533	0.990994	0.971313	0.976899	1.0097	1.048618	1.00076	1.036084	0.97688	0.995223	0.980302	0.996041	0.98886	0.986394	0.978324	0.977017	1.00132	1.01231	0.984868	0.993346
NNT-AS1	NNT-AS1	ASO_G0248092_AD_04	Targeted lncRNA	r13b3ADp5	0.82917	0.875503	1.019952	0.943978	0.996743	0.999293	0.99936	1.001535	1.031442	1.009555	1.031802	1.009638	1.001693	0.979248	0.991697	0.972995	0.995298	0.980648	0.998269	0.981953	1.013713	0.988632	1.017175	0.979028	1.006117	0.970319	1.010276	0.994828
NNT-AS1	NNT-AS1	ASO_G0248092_AD_05	Targeted lncRNA	r13b3ADp5	0.841579	0.916239	0.980687	1.023451	1.020082	0.990986	1.00917	1.004135	1.018694	1.019506	1.03224	1.032556	1.010549	1.002633	0.998593	0.99462	0.990585	1.006107	0.995283	1.00769	0.990634	1.009152	0.975438	0.99187	0.986361	0.997339	0.999049	1.00226
NNT-AS1	NNT-AS1	ASO_G0248092_AD_09	Targeted lncRNA	r13b3ADp5	0.855671	0.846708	1.028682	0.97381	1.02358	1.098238	0.999738	1.018812	1.004104	0.966777	1.016944	0.967025	1.035356	1.031996	1.030266	1.013437	1.013356	0.950421	1.010508	0.952858	1.01423	0.980941	1.005761	0.971366	1.015598	1.008768	1.002647	0.974679
NNT-AS1	NNT-AS1	ASO_G0248092_AD_10	Targeted lncRNA	r13b3ADp5	0.913014	0.95954	1.099803	0.934643	1.033784	1.015816	1.003484	1.001243	0.998429	0.998055	0.987485	0.991232	1.06431	0.97555	1.056068	0.971175	1.045911	0.969201	1.037026	0.96907	1.047305	0.981491	1.03654	0.984825	1.041632	0.973684	0.996974	0.993135
NOP14-AS1	NOP14-AS1	ASO_G0249673_01	Targeted lncRNA	r8b7p2	1.063411	1.001829	1.008552	0.983646	0.991876	1.018054	0.987201	1.005585	0.974124	1.007706	0.949665	0.999106	0.990751	1.005327	1.004165	1.007084	1.019539	0.998058	0.998983	1.001905	1.049402	0.982193	1.050225	0.987182	1.024513	0.987887	0.975689	1.00452
NOP14-AS1	NOP14-AS1	ASO_G0249673_02	Targeted lncRNA	r8b7p2	0.931197	0.891547	1.026589	1.014675	1.047323	1.045407	1.003062	0.99474	0.967495	0.965642	0.992551	0.983628	1.04724	1.029663	1.043948	1.024415	0.985976	1.005621	0.992778	0.993187	0.992716	1.024984	0.995998	1.020755	1.025937	1.022403	0.996664	0.982439
NOP14-AS1	NOP14-AS1	ASO_G0249673_04	Targeted lncRNA	r8b7p2	0.885015	0.81778	0.915608	1.023677	0.977012	0.98893	0.991388	0.99306	1.009338	1.02016	1.028476	1.008827	0.94101	0.994583	0.940249	0.993152	0.961954	1.010459	0.979425	1.001518	0.964882	1.047919	0.97879	1.046717	0.943913	1.01384	1.010157	0.990368
NOP14-AS1	NOP14-AS1	ASO_G0249673_06	Targeted lncRNA	r8b7p2	0.795773	0.750149	1.062638	1.028187	0.966578	0.93823	0.98918	0.984054	1.0156	1.025254	1.006551	1.049688	1.003181	0.967407	1.002596	0.971187	1.020237	1.032834	1.009593	1.030792	1.065862	1.013031	1.068964	1.030127	1.034284	0.974087	0.991177	1.013162
NOP14-AS1	NOP14-AS1	ASO_G0249673_08	Targeted lncRNA	r8b7p2	0.889651	0.890042	0.988943	1.057532	1.047397	1.080916	1.009078	1.00638	0.981828	0.954957	0.986147	0.937825	1.033682	1.070008	1.033354	1.067656	0.987294	0.998661	0.996867	0.986176	0.96245	1.00206	0.967372	1.011079	0.997076	1.056346	0.9998	0.993583
NR2F1-AS1	NR2F1-AS1	ASO_G0237187_01	Targeted lncRNA	r7b6p5	0.948278	0.963846	0.974749	0.910365	1.017023	0.982099	1.007418	0.992378	1.004153	1.028905	1.018011	1.038759	1.004842	0.94134	1.006044	0.935806	0.98928	0.960299	0.992715	0.964939	0.977656	0.978559	0.97168	0.978592	0.982196	0.945031	1.010783	0.996758
NR2F1-AS1	NR2F1-AS1	ASO_G0237187_03	Targeted lncRNA	r7b6p5	0.777418	0.835147	0.853423	0.917843	0.895308	0.93805	0.977587	0.979081	1.077207	1.043046	1.136518	1.097537	0.873113	0.927558	0.865116	0.919621	0.973176	1.00167	0.981401	0.999483	0.956808	1.000843	0.961725	1.006683	0.870481	0.92455	1.016454	1.009068
NR2F1-AS1	NR2F1-AS1	ASO_G0237187_05	Targeted lncRNA	r7b6p5	0.772417	0.84291	0.920767	0.868042	0.921452	0.889764	0.977887	0.97779	1.059452	1.073736	1.121434	1.145467	0.912593	0.872801	0.908854	0.869561	0.996276	0.974688	1.004184	0.99098	0.989274	0.968421	0.993287	0.980819	0.917293	0.876995	1.022348	1.025175
NR2F1-AS1	NR2F1-AS1	ASO_G0237187_06	Targeted lncRNA	r7b6p5	0.718853	0.68719	0.890267	0.856379	0.925071	0.910438	0.976837	0.98541	1.03664	1.086033	1.08516	1.166837	0.906549	0.890465	0.903418	0.884862	0.983131	0.985433	0.981821	1.004878	1.004142	0.938021	1.009734	0.953756	0.908854	0.859222	1.005406	1.040032
NR2F1-AS1	NR2F1-AS1	ASO_G0237187_08	Targeted lncRNA	r7b6p5	0.820362	0.842557	0.918791	0.820094	0.965116	0.93038	0.990104	0.987292	1.027712	1.059314	1.070559	1.141093	0.938133	0.879283	0.926532	0.87168	0.969056	0.943256	0.974993	0.969776	0.98707	0.908767	0.985159	0.915955	0.931848	0.844043	0.9947	1.028049
NR2F1-AS1	NR2F1-AS1	ASO_G0237187_AD_01	Targeted lncRNA	r13b3ADp4	0.959498	0.952817	0.981998	0.9515	1.010653	0.975843	1.005402	1.000923	1.006013	1.01746	1.028498	1.03242	1.003782	0.965427	0.999866	0.965206	0.988176	0.994661	0.990798	1.000548	0.967217	0.973149	0.969892	0.974878	0.990123	0.959822	1.013795	1.012426
NR2F1-AS1	NR2F1-AS1	ASO_G0237187_AD_03	Targeted lncRNA	r13b3ADp4	0.961573	0.872237	0.914448	0.988625	1.059141	0.977489	0.989821	0.986224	0.999596	1.019769	1.001981	1.047876	0.984245	0.975507	0.965987	0.962621	0.928687	1.000009	0.939753	1.002701	0.98171	1.020008	0.985549	1.019549	0.974997	0.984881	0.97526	1.001122
NR2F1-AS1	NR2F1-AS1	ASO_G0237187_AD_05	Targeted lncRNA	r13b3ADp4	0.890802	0.846783	0.936393	0.970982	0.996671	0.972381	0.987959	0.983683	1.015502	1.039521	1.066676	1.072251	0.960074	0.953027	0.955674	0.941837	0.965131	0.968395	0.983006	0.98476	0.977807	1.000198	0.985942	1.009452	0.949493	0.964215	1.015089	1.009087
NR2F1-AS1	NR2F1-AS1	ASO_G0237187_AD_07	Targeted lncRNA	r13b3ADp4	0.896987	0.844116	0.968477	0.966522	1.004431	1.010987	0.984004	0.986897	1.006814	1.003619	1.056901	1.023508	0.984619	0.980507	0.968259	0.969252	0.977165	0.973283	0.986692	0.979373	1.004968	1.002405	1.011044	1.001195	0.976993	0.981334	1.002121	0.996569
NR2F1-AS1	NR2F1-AS1	ASO_G0237187_AD_08	Targeted lncRNA	r13b3ADp4	0.94904	0.880286	1.056594	0.960393	0.995739	0.955175	0.99311	0.987082	1.017336	1.05578	1.021965	1.09002	1.018557	0.944536	1.01534	0.93747	1.006488	0.996659	1.00496	1.00703	1.052486	0.990407	1.050607	0.995328	1.037727	0.942804	1.000109	1.023096
OIP5-AS1	OIP5-AS1	ASO_G0247556_01	Targeted lncRNA	r8b7p1	0.990647	1.001365	0.98944	1.004489	0.941464	0.955512	0.98705	0.993239	1.008222	1.006126	1.017825	1.014344	0.958186	0.978707	0.956345	0.976842	1.006695	1.019328	1.002797	1.014484	1.0323	1.031783	1.034899	1.029898	0.990896	0.993453	0.999585	0.991232
OIP5-AS1	OIP5-AS1	ASO_G0247556_03	Targeted lncRNA	r8b7p1	0.895192	0.832241	0.895777	0.955199	0.890405	0.944119	0.969355	0.98587	1.059737	1.023941	1.09006	1.042843	0.880197	0.949639	0.879006	0.947501	0.994826	1.018163	0.994699	1.010204	1.003605	1.02141	1.011181	1.029837	0.903597	0.961509	1.003312	1.00258
OIP5-AS1	OIP5-AS1	ASO_G0247556_04	Targeted lncRNA	r8b7p1	0.775711	0.767303	0.955551	0.975437	0.837877	0.894933	0.957912	0.958785	1.099066	1.028556	1.122647	1.073678	0.880167	0.917549	0.875078	0.915058	1.039474	1.024381	1.030522	1.006584	1.07108	1.066284	1.077012	1.067475	0.930608	0.960608	1.01047	0.99037
OIP5-AS1	OIP5-AS1	ASO_G0247556_05	Targeted lncRNA	r8b7p1	0.988151	0.943815	1.006781	1.021808	0.985715	0.979757	0.988838	0.997037	0.995439	0.982173	0.996142	0.973269	0.989592	1.00771	0.992603	1.013899	1.016234	1.031677	0.998302	1.007141	1.030632	1.04507	1.035425	1.030397	1.003316	1.026497	0.996272	0.989235
OIP5-AS1	OIP5-AS1	ASO_G0247556_09	Targeted lncRNA	r8b7p1	0.836222	0.852467	0.947597	0.935178	0.967601	0.980764	0.979319	0.981492	1.034026	1.033661	1.097863	1.079576	0.954594	0.956287	0.944583	0.945559	1.000137	0.990718	0.992593	0.988765	1.007008	0.997873	1.00268	0.989844	0.946713	0.937848	1.00827	1.004336
OSER1-DT	OSER1-AS1	ASO_G0223891_01	Targeted lncRNA	r4b4p6	1.008782	0.880772	0.97343	0.963164	1.004757	0.932601	1.005606	0.98307	0.974813	1.010088	0.979395	1.021255	0.996036	0.934647	0.996687	0.937206	0.986572	1.003347	0.988913	1.00697	0.992092	1.014564	0.98991	1.023344	0.9802	0.954682	0.987412	0.997838
OSER1-DT	OSER1-AS1	ASO_G0223891_02	Targeted lncRNA	r4b4p6	0.913458	1.021687	0.951779	1.014494	0.979654	0.995021	0.992999	0.991774	1.014246	1.014366	1.03432	1.027206	0.969502	1.00324	0.968957	1.010639	0.997967	1.02484	1.001832	1.024117	1.000748	1.008407	1.003506	1.018384	0.960495	0.994987	1.00467	1.011245
OSER1-DT	OSER1-AS1	ASO_G0223891_03	Targeted lncRNA	r4b4p6	0.921697	0.955424	0.963696	0.896408	1.008403	0.935665	0.99334	0.994031	1.011287	1.036406	1.053198	1.108884	0.990832	0.930056	0.980788	0.9234	0.987802	0.964918	0.98826	0.992661	0.974724	0.952803	0.976242	0.963647	0.961056	0.906281	1.001063	1.023281
OSER1-DT	OSER1-AS1	ASO_G0223891_08	Targeted lncRNA	r4b4p6	0.927041	0.990269	0.987998	0.912636	1.090059	0.989558	1.01398	1.000861	1.018209	1.048242	1.030834	1.071018	1.05962	0.968444	1.057479	0.967979	0.974344	0.975676	0.989385	0.991936	0.940111	0.928371	0.936081	0.940391	0.996541	0.923128	1.01922	1.031835
OSER1-DT	OSER1-AS1	ASO_G0223891_09	Targeted lncRNA	r4b4p6	0.962995	1.023745	0.924875	1.006514	0.971504	1.009705	0.996047	0.991516	1.000038	1.040107	1.035069	1.060629	0.956667	1.011093	0.947887	1.004641	0.977922	1.005887	0.986443	1.00947	0.980971	0.998989	0.988067	1.004501	0.951616	0.998389	1.005736	1.013679
PCAT6	PCAT6	ASO_G0228288_01	Targeted lncRNA	r4b4p5	0.959664	0.936737	1.016686	0.982066	1.034368	1.102148	1.001427	1.019409	1.004544	0.936351	1.043321	0.940585	1.024737	1.049716	1.019945	1.04943	1.016428	0.951721	1.023968	0.962765	0.974388	0.925911	0.977426	0.922184	0.982352	1.009459	1.025772	0.999633
PCAT6	PCAT6	ASO_G0228288_02	Targeted lncRNA	r4b4p5	0.99177	0.986973	0.939234	0.966148	1.004638	1.064722	1.00468	1.015291	0.994267	0.985178	1.02623	1.001832	0.98297	1.031383	0.976467	1.016891	0.984595	0.987639	0.998003	0.989746	0.96528	0.948766	0.960284	0.942278	0.948821	0.970176	1.008234	1.005863
PCAT6	PCAT6	ASO_G0228288_04	Targeted lncRNA	r4b4p5	0.930194	0.960035	0.8906	0.975616	0.966423	0.988741	0.984572	1.013356	1.043225	1.000888	1.1072	1.045344	0.929476	0.973574	0.91955	0.969903	0.95911	0.9936	0.972404	1.006698	0.954215	0.986807	0.958319	0.986281	0.908938	0.959659	1.017676	1.015211
PCAT6	PCAT6	ASO_G0228288_05	Targeted lncRNA	r4b4p5	0.90737	0.808197	1.003394	0.965788	0.933965	0.898753	0.995118	0.982981	1.054462	1.067461	1.110381	1.12031	0.955143	0.922938	0.951669	0.918566	1.036817	1.022767	1.044242	1.03227	0.997473	1.020435	1.002606	1.025817	0.942534	0.931208	1.033159	1.027114
PCAT6	PCAT6	ASO_G0228288_09	Targeted lncRNA	r4b4p5	0.931958	0.870763	0.875889	0.952277	0.964993	0.924791	0.995734	0.992645	1.044066	1.050566	1.093872	1.074543	0.925733	0.92716	0.919051	0.928172	0.959297	1.014748	0.978691	1.022875	0.927121	0.957296	0.930022	0.972957	0.900265	0.922661	1.024178	1.036044
PCAT6	PCAT6	ASO_G0228288_AD_01	Targeted lncRNA	r11b1ADp2	0.847398	0.818184	0.921816	0.999201	0.968013	0.990315	0.992251	0.993214	1.008112	0.999556	1.026737	1.016185	0.934595	0.979066	0.936687	0.974265	0.979691	0.983073	0.974222	0.987005	0.99432	1.038209	0.993353	1.032359	0.941962	0.995734	0.990645	0.985108
PCAT6	PCAT6	ASO_G0228288_AD_02	Targeted lncRNA	r11b1ADp2	0.821368	0.847996	1.044443	1.016542	1.013005	0.981092	1.002649	0.996143	0.976412	1.017766	0.992922	1.033581	1.019625	0.991923	1.017595	0.98921	1.002743	1.012533	0.998783	1.009435	1.018802	1.013256	1.010923	1.008508	1.020874	0.990809	0.994577	1.004743
PCAT6	PCAT6	ASO_G0228288_AD_04	Targeted lncRNA	r11b1ADp2	0.771704	0.775775	0.998714	0.960647	0.985853	1.009519	0.9942	0.992726	1.036838	1.013025	1.042497	1.012189	0.989509	0.9812	0.98237	0.974921	0.996704	0.978554	0.995032	0.981751	1.000847	1.007176	1.008121	0.99874	0.98434	0.977255	1.005353	0.990918
PCAT6	PCAT6	ASO_G0228288_AD_07	Targeted lncRNA	r11b1ADp2	0.800395	0.744516	0.979958	0.970449	0.97883	1.008911	0.999639	1.001456	1.019825	1.028137	1.047905	1.040606	0.973627	0.985297	0.973156	0.976077	0.996292	0.992185	1.004297	1.004039	0.990103	0.963113	0.994797	0.962103	0.961445	0.948623	1.023582	1.010395
PCAT6	PCAT6	ASO_G0228288_AD_10	Targeted lncRNA	r11b1ADp2	0.855225	0.902473	1.028935	0.963503	1.034452	1.008986	0.999993	1.004377	0.985942	1.011885	0.966308	1.005844	1.028119	0.984941	1.024141	0.98508	1.012663	0.991692	0.988291	0.990576	1.041848	0.984533	1.032347	0.980489	1.032278	0.973326	0.977167	0.999554
PITPNA-AS1	PITPNA-AS1	ASO_G0236618_03	Targeted lncRNA	r6b5p5	0.755345	0.800541	0.949397	0.96063	0.961963	1.04467	0.985044	1.003963	1.037345	0.957888	1.030816	0.983524	0.961578	1.010849	0.955302	1.000129	0.979833	0.97398	0.975099	0.969933	1.035668	0.984949	1.027372	0.973871	0.987518	0.984379	0.974839	0.982493
PITPNA-AS1	PITPNA-AS1	ASO_G0236618_05	Targeted lncRNA	r6b5p5	0.691689	0.724431	0.872888	0.908139	0.983054	0.986551	0.983156	0.985669	1.024126	1.030786	1.058906	1.047935	0.925383	0.950067	0.913231	0.941359	0.944072	0.971205	0.956582	0.975692	0.96549	0.994779	0.966024	0.991166	0.905839	0.933755	0.994799	0.989031
PITPNA-AS1	PITPNA-AS1	ASO_G0236618_06	Targeted lncRNA	r6b5p5	0.601857	0.651429	0.83526	0.865714	0.927571	0.984164	0.979151	0.990324	1.076752	1.054883	1.133672	1.140373	0.870641	0.933941	0.859506	0.910831	0.942049	0.940784	0.956268	0.970495	0.947077	0.924945	0.951795	0.927185	0.871947	0.880945	1.010872	1.024883
PITPNA-AS1	PITPNA-AS1	ASO_G0236618_07	Targeted lncRNA	r6b5p5	0.67284	0.681858	0.860627	0.878029	0.8932	0.923583	0.975551	0.986575	1.076508	1.05843	1.12323	1.127727	0.864666	0.89271	0.866874	0.891024	1.015032	1.006372	1.013527	1.007491	0.940978	0.953544	0.960834	0.9571	0.857169	0.873379	1.023579	1.027444
PITPNA-AS1	PITPNA-AS1	ASO_G0236618_09	Targeted lncRNA	r6b5p5	0.733636	0.83706	0.878458	0.986037	0.935947	0.979176	0.970548	0.99008	1.057871	1.033997	1.110769	1.076747	0.888163	0.983055	0.88157	0.966721	0.956641	1.006488	0.962159	1.008694	1.000485	1.008243	0.998849	1.00955	0.894272	0.97069	1.003447	1.011029
PITPNA-AS1	PITPNA-AS1	ASO_G0236618_AD_01	Targeted lncRNA	r12b2ADp3	0.996325	1.077797	0.935805	0.909041	0.980358	1.001307	1.003222	1.008179	1.001708	1.002712	1.049561	1.043455	0.970766	0.975289	0.969468	0.975966	0.977138	0.979455	0.988714	0.989549	0.942582	0.945479	0.950812	0.952337	0.953431	0.944834	1.027944	1.022747
PITPNA-AS1	PITPNA-AS1	ASO_G0236618_AD_03	Targeted lncRNA	r12b2ADp3	0.956524	0.967278	0.972028	1.019975	1.010518	1.010594	0.997059	1.01084	0.98228	0.99043	0.990228	1.01758	0.996019	1.032867	0.99068	1.029401	0.98385	1.013783	0.980108	1.016723	0.999257	1.021738	0.99202	1.019203	0.983999	1.017376	0.984414	1.003256
PITPNA-AS1	PITPNA-AS1	ASO_G0236618_AD_05	Targeted lncRNA	r12b2ADp3	0.887586	0.883914	1.020715	0.941984	1.032134	1.068414	1.022189	1.014344	0.995524	0.975305	1.060444	1.010475	1.05078	1.017361	1.040649	1.00935	1.010608	0.948062	1.02451	0.958616	0.958339	0.957509	0.949921	0.95045	0.993189	0.987721	1.033916	0.999559
PITPNA-AS1	PITPNA-AS1	ASO_G0236618_AD_07	Targeted lncRNA	r12b2ADp3	1.021892	1.005178	1.010673	1.006529	0.961635	0.980141	0.999907	1.006994	0.999988	1.028757	1.046461	1.077596	1.001451	1.013554	1.003912	1.008726	1.047072	1.033329	1.036307	1.045996	1.013423	0.992685	1.013538	0.996026	0.988396	0.979182	1.01107	1.029024
PITPNA-AS1	PITPNA-AS1	ASO_G0236618_AD_09	Targeted lncRNA	r12b2ADp3	0.955464	0.933404	1.035703	0.983074	0.928158	0.913327	0.995781	0.985631	1.036725	1.028728	1.037547	1.064079	0.976738	0.944483	0.978902	0.948291	1.055118	1.039509	1.043186	1.025895	1.036081	1.030046	1.039791	1.035384	0.995647	0.972209	1.014389	1.012885
PRRT3-AS1	PRRT3-AS1	ASO_G0230082_01	Targeted lncRNA	r3b2p1	0.931138	0.903961	0.90863	0.942455	0.929279	0.916999	0.986553	0.982213	1.025329	0.999066	1.070477	1.062802	0.911822	0.931029	0.914482	0.938797	0.967549	1.011126	0.978782	1.016588	0.963935	1.010784	0.979996	1.019484	0.929121	0.951674	1.009644	1.011293
PRRT3-AS1	PRRT3-AS1	ASO_G0230082_03	Targeted lncRNA	r3b2p1	0.890043	0.92373	0.949798	0.971212	0.962828	1.006584	0.978974	1.004147	1.0583	0.968033	1.090111	1.010716	0.945083	0.991654	0.947803	0.994366	0.990527	0.978924	0.995752	0.98206	0.97679	0.973462	0.987805	0.983063	0.943925	0.993696	1.021258	1.008288
PRRT3-AS1	PRRT3-AS1	ASO_G0230082_04	Targeted lncRNA	r3b2p1	0.806186	0.784398	0.689887	0.727863	0.876982	0.806634	0.959631	0.944964	1.101468	1.15189	1.216687	1.323132	0.76536	0.761953	0.758274	0.759866	0.896809	0.946869	0.913277	0.983174	0.884202	0.901221	0.895082	0.929228	0.778454	0.769488	1.015998	1.065224
PRRT3-AS1	PRRT3-AS1	ASO_G0230082_05	Targeted lncRNA	r3b2p1	0.947573	1.011319	0.944085	1.091212	0.944715	1.003679	0.978789	1.005119	1.021967	1.012962	1.022362	0.987854	0.92937	1.039643	0.928131	1.042005	1.002714	1.044588	0.988198	1.042733	1.028763	1.02258	1.033753	1.028946	0.965523	1.038253	0.982986	1.005541
PRRT3-AS1	PRRT3-AS1	ASO_G0230082_06	Targeted lncRNA	r3b2p1	1.016011	1.02651	1.004062	1.063806	0.949513	0.994374	0.982979	1.001313	0.974309	1.004423	0.985333	0.971639	0.967596	1.026684	0.976436	1.025789	1.020887	1.021159	0.998066	1.02096	1.062963	1.04515	1.061905	1.046784	1.008643	1.046768	0.976488	0.988387
PRRT3-AS1	PRRT3-AS1	ASO_G0230082_AD_01	Targeted lncRNA	r14b9plusp6	0.926545	0.986025	1.040833	1.054434	1.026595	0.978021	1.00356	0.996252	0.993221	1.01772	0.987083	1.009659	1.047372	1.018829	1.050422	1.023275	1.015844	1.042486	1.012971	1.029842	1.012448	1.044576	1.012922	1.032021	1.036773	1.027236	0.998221	0.996442
PRRT3-AS1	PRRT3-AS1	ASO_G0230082_AD_03	Targeted lncRNA	r14b9plusp6	1.050196	1.047551	1.107091	1.087023	1.076849	1.078056	1.024315	1.022721	0.947169	0.938485	0.969023	0.945117	1.108854	1.109873	1.107331	1.114123	1.03055	1.019761	1.03546	1.024135	1.005424	0.998815	0.989054	0.988236	1.069754	1.066094	1.006382	1.007606
PRRT3-AS1	PRRT3-AS1	ASO_G0230082_AD_08	Targeted lncRNA	r14b9plusp6	0.929051	0.878433	1.029541	0.945137	0.95144	1.014268	0.985958	0.996842	1.010095	1.006977	0.986322	1.030949	0.98315	0.973347	0.988226	0.965866	1.020646	0.977956	1.003945	0.990202	1.05839	0.968639	1.057309	0.966927	1.023594	0.950866	0.985568	1.010874
PRRT3-AS1	PRRT3-AS1	ASO_G0230082_AD_09	Targeted lncRNA	r14b9plusp6	0.943742	0.875005	1.012804	1.08787	1.050812	1.100769	1.006141	1.019726	0.97945	0.969399	0.982267	0.975166	1.039109	1.103597	1.035359	1.090622	0.983053	1.000558	0.988611	1.006382	0.978293	0.993216	0.972649	0.976375	1.012299	1.044324	0.995617	0.997203
PRRT3-AS1	PRRT3-AS1	ASO_G0230082_AD_10	Targeted lncRNA	r14b9plusp6	0.966275	0.895127	0.978376	1.044261	1.029701	0.986469	1.002249	0.990011	1.015064	1.017448	0.998778	1.047913	1.004822	1.018168	0.991892	1.010197	0.969926	1.016544	0.979788	1.02658	0.973512	1.019705	0.981926	1.026193	0.988428	1.014785	1.003038	1.018085
PSMG3-AS1	PSMG3-AS1	ASO_G0230487_01	Targeted lncRNA	r6b5p1	1.006688	1.057301	0.935945	0.991916	0.97841	1.019114	0.998036	1.012848	1.025229	1.029294	1.047556	1.029295	0.953765	1.014605	0.944748	1.013774	0.955254	0.99381	0.979628	0.993144	0.974459	0.964881	0.975702	0.971346	0.955742	0.998843	1.00406	1.021958
PSMG3-AS1	PSMG3-AS1	ASO_G0230487_02	Targeted lncRNA	r6b5p1	0.743386	0.694923	0.895	0.950675	0.942466	0.975674	0.995406	0.998498	1.059002	1.026461	1.12627	1.058707	0.919289	0.958472	0.908496	0.947112	0.964184	0.966997	0.981232	0.973515	0.944416	1.002662	0.951572	0.997976	0.898533	0.961716	1.037075	0.9958
PSMG3-AS1	PSMG3-AS1	ASO_G0230487_03	Targeted lncRNA	r6b5p1	0.6816	0.759765	0.92566	0.92278	1.024797	0.973406	0.995668	0.984606	1.023058	1.054349	1.080343	1.107284	0.984837	0.943364	0.961883	0.927832	0.942955	0.956302	0.962172	0.97286	0.970248	0.972404	0.971054	0.976663	0.959126	0.934173	1.004278	1.015368
PSMG3-AS1	PSMG3-AS1	ASO_G0230487_04	Targeted lncRNA	r6b5p1	0.629189	0.742104	0.831073	0.931013	0.940949	0.982638	0.977834	0.994743	1.059521	1.029112	1.123614	1.065479	0.876477	0.964526	0.862337	0.95459	0.925316	0.969138	0.960793	0.979204	0.934773	0.99272	0.937259	1.002207	0.864205	0.954978	1.025576	1.002117
PSMG3-AS1	PSMG3-AS1	ASO_G0230487_05	Targeted lncRNA	r6b5p1	0.697608	0.793561	0.915303	0.939997	0.977528	0.961265	0.993099	0.978861	1.037618	1.045834	1.060393	1.084014	0.942036	0.943469	0.92684	0.926109	0.939847	0.977682	0.955052	0.98884	0.98008	1.002477	0.981916	1.008024	0.938696	0.944636	0.994213	1.007456
PTCHD3P1	PTCHD3P1	ASO_G0224597_01	Targeted lncRNA	r1b0p2	1.222686	1.066437	1.058105	0.970259	1.086282	0.975129	1.021257	1.001917	0.89273	0.986206	0.907205	1.014321	1.088439	0.969355	1.093719	0.969926	0.992558	0.985674	0.98919	0.992087	1.000665	0.978341	0.987939	0.979933	1.083364	0.971291	0.981265	1.008395
PTCHD3P1	PTCHD3P1	ASO_G0224597_02	Targeted lncRNA	r1b0p2	1.23863	1.18599	0.918872	0.944242	0.937763	0.97834	0.992734	0.999542	1.032326	0.94813	1.035801	1.042863	0.931557	0.972007	0.930826	0.964413	0.992447	0.984974	0.994682	1.005003	0.992236	0.987192	0.992182	0.993062	0.929201	0.952748	0.996022	1.015351
PTCHD3P1	PTCHD3P1	ASO_G0224597_03	Targeted lncRNA	r1b0p2	1.2111	0.947735	0.907093	0.983437	0.903253	0.946322	0.979286	0.988232	1.056689	1.040317	1.095414	1.057625	0.906993	0.965043	0.905934	0.966951	0.998212	1.005946	1.001521	1.012017	1.012295	1.008085	1.018143	1.014066	0.92067	0.981022	1.009699	1.011593
PTCHD3P1	PTCHD3P1	ASO_G0224597_05	Targeted lncRNA	r1b0p2	1.118175	1.192616	1.033271	0.967014	0.943836	0.983879	0.986251	1.004711	0.965725	0.937697	0.944311	0.937132	0.968031	0.978007	0.97461	0.980294	1.029488	0.989707	1.009253	0.980887	1.083795	1.021758	1.070146	1.010573	1.035595	1.014014	0.974606	0.978021
PTCHD3P1	PTCHD3P1	ASO_G0224597_06	Targeted lncRNA	r1b0p2	0.9003	0.88849	0.860357	0.984822	0.697067	0.682748	0.894438	0.886418	1.11779	1.149719	1.159285	1.138016	0.736638	0.766441	0.755264	0.786301	1.089499	1.154562	1.03906	1.092894	1.163326	1.240706	1.173933	1.257644	0.878917	0.930562	0.982393	0.985561
PTCHD3P1	PTCHD3P1	ASO_G0224597_AD_01	Targeted lncRNA	r10b0ADp2	0.966984	0.983399	0.980419	0.944454	1.043998	0.991533	1.011879	0.991924	0.964431	1.012547	0.973909	1.045744	1.018911	0.971038	1.015313	0.962957	0.978136	0.981871	0.985081	0.986316	0.994258	0.995978	0.976535	0.99265	1.00367	0.967258	0.985692	0.993587
PTCHD3P1	PTCHD3P1	ASO_G0224597_AD_02	Targeted lncRNA	r10b0ADp2	1.011204	0.951788	0.977976	0.958475	0.977934	0.935526	0.99884	0.983616	1.010601	1.014617	1.004011	1.059819	0.973131	0.942116	0.977066	0.945109	0.986508	1.0195	0.987145	1.017574	1.001596	1.016818	0.998362	1.013119	0.994624	0.949865	0.992271	1.008103
PTCHD3P1	PTCHD3P1	ASO_G0224597_AD_03	Targeted lncRNA	r10b0ADp2	0.948267	0.91217	1.005881	1.007871	0.986651	0.99435	0.99512	1.000235	0.987665	0.991276	0.993044	1.026875	0.995016	1.005822	0.997955	1.006987	1.016585	1.010895	1.012503	1.007813	1.034132	1.00018	1.025038	1.000107	1.005486	1.000186	0.9848	1.011576
PTCHD3P1	PTCHD3P1	ASO_G0224597_AD_04	Targeted lncRNA	r10b0ADp2	0.907562	0.869726	0.912421	0.984961	1.060475	1.022983	1.001553	0.994788	0.962149	1.001651	0.968427	1.004442	0.989272	1.005832	0.976305	0.998948	0.932665	0.966176	0.943406	0.970532	0.979497	0.99686	0.965899	0.992929	0.97188	1.003703	0.965643	0.988418
PTCHD3P1	PTCHD3P1	ASO_G0224597_AD_07	Targeted lncRNA	r10b0ADp2	0.953711	0.90812	1.021446	1.04466	1.03945	0.958605	1.001896	0.986198	0.998223	1.021709	0.98618	1.018913	1.032437	0.992741	1.021313	0.992692	0.989199	1.029525	0.981627	1.018202	1.024918	1.077856	1.010668	1.070366	1.030447	1.023002	0.97511	0.986305
PTPRG-AS1	PTPRG-AS1	ASO_G0241472_02	Targeted lncRNA	r7b6p2	0.934011	0.879128	0.93824	0.976304	0.965449	1.000427	0.997764	1.004735	0.997849	0.977408	1.026742	1.018687	0.943895	0.992494	0.934856	0.987634	0.979473	0.996555	0.981002	0.997779	0.972781	0.989575	0.973069	0.982177	0.94748	0.977565	0.999563	1.000878
PTPRG-AS1	PTPRG-AS1	ASO_G0241472_04	Targeted lncRNA	r7b6p2	0.681744	0.647732	0.884946	0.87821	0.979931	0.961303	0.98361	0.996779	1.00631	1.016368	1.060715	1.069669	0.927932	0.914876	0.91438	0.904116	0.958986	0.946847	0.968849	0.96034	0.969146	0.948291	0.969967	0.951021	0.919446	0.909415	0.998755	1.013123
PTPRG-AS1	PTPRG-AS1	ASO_G0241472_05	Targeted lncRNA	r7b6p2	0.759964	0.720955	0.950614	0.930348	0.991506	0.967324	0.996067	0.986662	1.017471	1.020472	1.05805	1.052413	0.976718	0.950021	0.968057	0.948658	0.995464	0.979084	0.999136	0.98673	0.986856	0.972841	0.986553	0.977292	0.954897	0.941536	1.013187	1.011388
PTPRG-AS1	PTPRG-AS1	ASO_G0241472_07	Targeted lncRNA	r7b6p2	0.751628	0.763176	1.006669	1.014922	0.953066	0.962129	0.98278	0.99098	1.008219	0.999342	1.019958	1.019894	0.966696	0.979288	0.96174	0.9775	1.021035	1.029497	1.006601	1.004528	1.041527	1.0288	1.036587	1.025906	0.982259	0.990558	0.989619	0.989622
PTPRG-AS1	PTPRG-AS1	ASO_G0241472_10	Targeted lncRNA	r7b6p2	0.738904	0.74295	0.988472	1.032304	0.948767	0.913637	0.984407	0.98083	1.013668	1.01979	1.068241	1.073188	0.960189	0.942661	0.958258	0.9419	1.007612	1.047776	1.007963	1.040444	1.032205	1.06517	1.029213	1.06542	0.966752	0.965766	0.998793	1.01209
PXN-AS1	PXN-AS1	ASO_G0255857_01	Targeted lncRNA	r8b7p4	0.923588	0.949473	0.949966	0.89374	0.912318	0.927126	0.983836	0.986194	1.044561	1.034337	1.090852	1.077667	0.925713	0.904677	0.928475	0.904664	1.011003	0.983924	1.014548	0.98484	1.021449	0.959412	1.02381	0.962671	0.941446	0.902244	1.009974	1.011789
PXN-AS1	PXN-AS1	ASO_G0255857_02	Targeted lncRNA	r8b7p4	0.831456	0.863397	0.930781	0.910762	0.890846	0.926533	0.983718	0.983464	1.055976	1.049683	1.125453	1.088031	0.909017	0.909713	0.905602	0.905639	1.006565	0.983255	1.020737	0.989856	0.99944	0.989457	0.996046	0.98423	0.913805	0.913252	1.0116	1.001963
PXN-AS1	PXN-AS1	ASO_G0255857_04	Targeted lncRNA	r8b7p4	0.859723	0.824922	0.942062	1.028814	0.975949	0.925231	0.993573	0.986193	1.018218	1.03747	1.062047	1.052439	0.964243	0.964847	0.954709	0.972245	0.988453	1.04713	0.995981	1.03732	0.98714	1.055805	0.985301	1.044428	0.941151	0.978105	1.005759	0.997276
PXN-AS1	PXN-AS1	ASO_G0255857_06	Targeted lncRNA	r8b7p4	0.820037	0.753526	0.928382	0.937904	0.957973	1.0007	0.987879	0.994032	1.040342	0.999456	1.130656	1.04227	0.941562	0.964771	0.927184	0.954113	0.997314	0.96932	1.009751	0.975165	0.982693	1.005738	0.981973	0.999602	0.910153	0.962392	1.020909	0.988817
PXN-AS1	PXN-AS1	ASO_G0255857_09	Targeted lncRNA	r8b7p4	0.870402	0.843203	0.846642	0.961815	0.89613	0.968068	0.979415	0.992586	1.050334	1.032048	1.13381	1.070492	0.86559	0.966584	0.863133	0.960042	0.9655	1.001287	0.979227	1.003854	0.965192	0.99164	0.972925	0.991848	0.869066	0.956796	1.015136	1.006206
RAB30-DT	RAB30-AS1	ASO_G0246067_01	Targeted lncRNA	r1b0p3	0.317903	0.504685	0.736427	0.827559	0.708514	0.713412	0.926122	0.936884	1.216216	1.186792	1.348187	1.296438	0.701029	0.742094	0.700822	0.744631	1.00364	1.041136	1.023107	1.052051	0.968507	1.028682	0.993855	1.048483	0.739772	0.795012	1.055632	1.049892
RAB30-DT	RAB30-AS1	ASO_G0246067_02	Targeted lncRNA	r1b0p3	0.955654	1.052223	0.906111	0.894899	0.99147	0.916833	1.001889	0.98637	0.989275	1.038809	1.048909	1.078764	0.957979	0.908307	0.949753	0.905772	0.957102	0.983512	0.978896	0.992981	0.951649	0.984776	0.95748	0.992067	0.945193	0.922461	1.016313	1.01151
RAB30-DT	RAB30-AS1	ASO_G0246067_03	Targeted lncRNA	r1b0p3	0.950977	0.850335	0.877931	0.936123	0.899912	0.940992	0.982167	0.986756	1.028777	1.011691	1.094831	1.080457	0.874636	0.945007	0.878003	0.938917	0.983744	0.988999	0.992017	1.006778	0.981232	0.995715	0.982366	1.004847	0.886213	0.943931	1.015363	1.017033
RAB30-DT	RAB30-AS1	ASO_G0246067_04	Targeted lncRNA	r1b0p3	0.889492	1.005612	0.894423	0.884219	0.96238	0.977194	0.988713	0.991256	1.018308	1.002047	1.08678	1.055829	0.931006	0.931175	0.928597	0.928621	0.949129	0.951262	0.967643	0.972852	0.947177	0.946528	0.958384	0.955123	0.926228	0.917891	1.022023	1.019968
RAB30-DT	RAB30-AS1	ASO_G0246067_05	Targeted lncRNA	r1b0p3	0.893406	0.887697	0.899383	1.047049	0.931436	0.952187	0.980605	0.993229	1.0552	0.985235	1.0703	1.022656	0.910569	1.004487	0.914354	1.002271	0.968276	1.026628	0.982937	1.021768	0.979414	1.044815	0.989659	1.042219	0.936643	1.029635	1.010753	1.001724
RAB30-DT	RAB30-AS1	ASO_G0246067_AD_03	Targeted lncRNA	r10b0ADp3	1.03767	0.995822	0.921631	0.915558	0.916126	0.96339	0.981345	0.984613	1.044667	1.078078	1.087528	1.07993	0.912333	0.940083	0.913481	0.939782	1.003278	0.982254	1.004356	0.990462	1.001218	0.962535	1.009493	0.973825	0.921699	0.929338	1.007785	1.016586
RAB30-DT	RAB30-AS1	ASO_G0246067_AD_04	Targeted lncRNA	r10b0ADp3	1.005951	0.976856	1.001645	0.976741	1.000814	0.957796	0.992379	0.98746	1.020147	1.037149	1.0374	1.049712	1.00481	0.959293	0.997319	0.961997	1.008471	1.021697	1.007358	1.016204	1.020756	1.019654	1.008508	1.019139	0.994083	0.969947	0.995134	1.002021
RAB30-DT	RAB30-AS1	ASO_G0246067_AD_06	Targeted lncRNA	r10b0ADp3	-0.144497	-0.133176	0.573382	0.517386	0.801913	0.778365	0.897102	0.906448	1.231106	1.23251	1.414589	1.36397	0.653236	0.612899	0.633368	0.590397	0.805292	0.766016	0.849495	0.821256	0.793863	0.777528	0.815401	0.803906	0.678112	0.653156	1.049327	1.037802
RAB30-DT	RAB30-AS1	ASO_G0246067_AD_09	Targeted lncRNA	r10b0ADp3	0.821042	0.812614	1.057575	1.039847	0.92862	0.937866	0.976214	0.989115	1.042006	1.052185	1.053711	1.083259	0.967382	0.978178	0.969755	0.982673	1.047564	1.04109	1.021488	1.043381	1.087328	1.026955	1.079079	1.030013	1.009802	0.984703	0.992758	1.018647
RAB30-DT	RAB30-AS1	ASO_G0246067_AD_10	Targeted lncRNA	r10b0ADp3	0.956054	0.945129	0.989092	1.00264	0.969568	0.936168	0.98686	0.973527	1.059471	1.018103	1.080218	1.085909	0.984874	0.968447	0.979739	0.972152	1.014817	1.03745	1.019174	1.037327	1.010037	1.0553	1.00473	1.053932	0.971791	0.977758	1.008088	1.004446
RAD51-AS1	RAD51-AS1	ASO_G0245849_01	Targeted lncRNA	r7b6p3	0.954195	0.928128	0.92523	1.072405	0.960646	1.034432	0.992799	1.008115	1.052623	0.970123	1.059854	0.967562	0.952803	1.057672	0.95815	1.062693	0.977701	1.020249	0.993402	1.023987	0.964141	1.019864	0.97263	1.022098	0.94576	1.048829	1.020067	0.998498
RAD51-AS1	RAD51-AS1	ASO_G0245849_02	Targeted lncRNA	r7b6p3	0.840325	0.915323	0.990538	1.041189	0.973216	0.953863	0.992399	0.988623	1.048236	1.056245	1.037525	1.040662	0.977939	0.989859	0.972619	0.996014	1.002692	1.025918	0.995352	1.026187	1.00966	1.032596	1.009646	1.041971	0.983151	1.008392	1.004588	1.006039
RAD51-AS1	RAD51-AS1	ASO_G0245849_05	Targeted lncRNA	r7b6p3	0.758019	0.876004	0.968346	1.138763	0.880688	0.931247	0.976587	0.992568	1.08455	1.074285	1.112914	1.0539	0.904341	1.003391	0.906317	1.004	1.009601	1.06741	1.019198	1.065561	1.025025	1.06702	1.043549	1.075046	0.933519	1.030582	1.026305	1.018881
RAD51-AS1	RAD51-AS1	ASO_G0245849_06	Targeted lncRNA	r7b6p3	0.898717	0.941209	1.02839	0.974105	0.94621	1.027672	0.987878	1.007094	1.026911	0.962972	1.029607	1.004209	0.981647	1.008103	0.987529	1.008628	1.027907	0.9757	1.020406	0.989402	1.047973	0.953675	1.046868	0.961676	1.005471	0.985724	0.997107	1.019631
RAD51-AS1	RAD51-AS1	ASO_G0245849_07	Targeted lncRNA	r7b6p3	0.92078	0.992815	1.021448	1.011886	0.995952	1.035454	0.993164	1.013696	1.037938	1.012521	1.017101	0.980757	1.011776	1.029958	1.007226	1.028232	1.006377	0.978299	1.006222	0.992898	1.02088	0.975969	1.028121	0.977383	1.0107	1.017396	1.000939	1.011418
RAD51-AS1	RAD51-AS1	ASO_G0245849_AD_03	Targeted lncRNA	r11b1ADp4	0.954162	0.981429	1.210221	0.947352	0.992362	1.021679	0.99755	1.001036	0.9685	0.974965	0.948049	0.982735	1.069685	0.984053	1.080467	0.970605	1.070634	0.958403	1.038457	0.948247	1.123496	0.98098	1.111112	0.974777	1.124521	0.980102	0.976229	0.981716
RAD51-AS1	RAD51-AS1	ASO_G0245849_AD_05	Targeted lncRNA	r11b1ADp4	0.918959	0.800299	1.035104	1.018917	0.961763	1.007837	0.986447	0.990208	1.001917	0.970179	1.034728	0.959534	0.987818	1.001873	0.98195	1.003664	1.01162	0.990532	1.007184	0.985744	1.047707	1.026615	1.038546	1.01934	0.998773	1.023262	0.999364	0.980576
RAD51-AS1	RAD51-AS1	ASO_G0245849_AD_06	Targeted lncRNA	r11b1ADp4	0.815057	0.751269	1.037266	1.060164	1.029498	1.00815	0.99961	0.987509	0.988021	0.995455	0.980345	0.986481	1.02734	1.028199	1.021604	1.031118	0.990146	0.999375	0.983984	0.991134	1.02157	1.046573	1.017254	1.042678	1.036153	1.04951	0.987806	0.977264
RAD51-AS1	RAD51-AS1	ASO_G0245849_AD_07	Targeted lncRNA	r11b1ADp4	0.635494	0.523584	1.110398	1.27655	1.099563	1.21158	1.009923	1.025151	0.966168	0.947631	0.971729	0.915824	1.111151	1.251326	1.107299	1.238493	0.998996	1.019754	1.002311	1.013492	0.992272	1.017934	0.976546	0.987285	1.068055	1.178405	0.99348	0.985843
RAD51-AS1	RAD51-AS1	ASO_G0245849_AD_09	Targeted lncRNA	r11b1ADp4	0.894364	0.83276	1.000422	0.996801	1.048429	1.077671	0.998998	1.011709	0.965432	0.957855	0.96977	0.942245	1.023934	1.042409	1.01127	1.028052	0.966488	0.945587	0.966378	0.953322	0.993047	0.991799	0.987424	0.976454	1.018817	1.028273	0.980152	0.976915
RASSF8-AS1	RASSF8-AS1	ASO_G0246695_01	Targeted lncRNA	r7b6p4	0.964908	1.032542	1.020763	1.061422	0.934349	1.054285	0.984016	1.004959	1.000799	1.001999	1.026836	0.951869	0.968807	1.057157	0.97191	1.054482	1.025573	0.994374	1.013855	0.985787	1.054141	1.036016	1.051619	1.02911	0.988951	1.077791	0.991507	0.977475
RASSF8-AS1	RASSF8-AS1	ASO_G0246695_02	Targeted lncRNA	r7b6p4	0.842914	0.833017	1.033746	0.995063	0.968731	0.933138	0.982679	0.981629	1.036734	1.035971	1.024632	1.039879	0.986019	0.949594	0.988438	0.948271	1.024747	1.031576	1.012315	1.027427	1.053815	1.041888	1.059553	1.039833	1.017685	0.964589	0.997115	0.996267
RASSF8-AS1	RASSF8-AS1	ASO_G0246695_04	Targeted lncRNA	r7b6p4	0.76392	0.797592	0.920869	1.02769	0.936415	0.986454	0.980899	0.989718	1.021282	1.042853	1.052959	1.030969	0.921822	0.993	0.917732	0.981013	0.973128	0.999715	0.991727	1.00676	0.997171	1.035118	1.000345	1.033093	0.933846	1.002781	1.000266	0.994455
RASSF8-AS1	RASSF8-AS1	ASO_G0246695_06	Targeted lncRNA	r7b6p4	0.735321	0.809997	0.967284	0.992512	0.942595	1.001081	0.982525	0.980892	1.045504	1.032407	1.071612	1.037747	0.944272	0.9955	0.935091	0.983961	0.998571	0.994094	0.999419	0.987211	1.005201	1.03119	1.011462	1.034517	0.956713	1.005584	1.006205	0.987752
RASSF8-AS1	RASSF8-AS1	ASO_G0246695_07	Targeted lncRNA	r7b6p4	0.810863	0.844632	0.950705	0.957468	0.95916	0.924062	0.980698	0.973923	1.024912	1.043419	1.060218	1.058792	0.94161	0.919685	0.93359	0.913513	0.972865	0.995806	0.974993	0.996641	1.01535	1.030585	1.02362	1.037787	0.964549	0.9543	0.992875	0.999768
RP1-152L7.5	RP1-152L7.5	ASO_G0216775_01	Targeted lncRNA	r4b4p6	1.010168	1.065028	0.867716	0.917101	0.951271	0.936822	0.98421	0.973072	1.017658	1.033556	1.004357	1.034851	0.898528	0.913132	0.894949	0.919385	0.939447	0.986131	0.952643	0.985867	0.968957	1.002592	0.976964	1.019595	0.91422	0.941656	0.98108	1.003202
RP1-152L7.5	RP1-152L7.5	ASO_G0216775_02	Targeted lncRNA	r4b4p6	0.889307	0.997137	0.971506	1.061228	1.048404	1.150701	1.001027	1.027793	0.981089	0.939445	1.001006	0.917028	1.006274	1.125182	1.001125	1.117765	0.937635	0.960248	0.95915	0.970286	0.972431	0.961963	0.9692	0.947156	0.984893	1.073031	0.992147	0.980941
RP1-152L7.5	RP1-152L7.5	ASO_G0216775_03	Targeted lncRNA	r4b4p6	1.010674	0.983251	0.991084	0.960684	0.976315	1.009404	0.986081	0.992698	1.018395	1.026759	1.008293	1.042934	0.964639	0.987313	0.957964	0.977137	0.973448	0.982443	0.970115	0.994204	1.017611	0.979244	1.014197	0.986143	0.980004	0.964393	0.981432	1.005211
RP1-152L7.5	RP1-152L7.5	ASO_G0216775_05	Targeted lncRNA	r4b4p6	0.893866	0.927181	0.861974	0.869506	0.956846	0.912061	0.980307	0.97762	0.997929	1.058499	1.00263	1.092398	0.88615	0.88059	0.88315	0.877966	0.931213	0.963538	0.931018	0.980405	0.988798	0.969046	0.986777	0.9862	0.916013	0.888805	0.97723	1.015491
RP1-152L7.5	RP1-152L7.5	ASO_G0216775_07	Targeted lncRNA	r4b4p6	0.924194	1.056055	0.978106	1.014689	0.999497	0.976765	0.995836	0.999721	0.990273	1.029488	0.988901	0.994909	0.97437	0.983233	0.968453	0.982819	0.965756	1.00559	0.973492	1.001704	0.982124	1.010413	0.980013	1.010215	0.978467	0.994202	0.989396	0.992098
ERICH6-AS1	RP11-103G8.2	ASO_G0240137_01	Targeted lncRNA	r3b2p2	1.002777	0.937283	0.970054	1.058043	1.046881	0.985216	1.00385	0.99449	1.002659	0.984536	0.964834	0.963211	1.005708	1.005545	0.999211	1.009605	0.957145	1.017176	0.962301	1.003658	0.974101	1.047059	0.971368	1.047253	1.00055	1.040235	0.985968	0.98261
ERICH6-AS1	RP11-103G8.2	ASO_G0240137_04	Targeted lncRNA	r3b2p2	0.68685	0.533062	0.72185	0.813486	0.791271	0.785434	0.944134	0.944983	1.157394	1.148488	1.286775	1.227597	0.736586	0.774721	0.73496	0.777851	0.959879	1.012961	0.97755	1.01895	0.929878	0.980098	0.947439	1.000846	0.751038	0.814788	1.041198	1.032261
ERICH6-AS1	RP11-103G8.2	ASO_G0240137_05	Targeted lncRNA	r3b2p2	0.934775	1.086295	0.897324	1.110739	1.015727	1.015173	1.008545	1.007391	0.997003	1.028029	1.056064	0.960118	0.974336	1.056718	0.966766	1.059012	0.935512	1.0298	0.968746	1.007897	0.919497	1.02798	0.928006	1.029978	0.932427	1.07455	1.024754	0.990247
ERICH6-AS1	RP11-103G8.2	ASO_G0240137_06	Targeted lncRNA	r3b2p2	1.034466	1.09232	0.877096	0.996847	0.936026	0.968353	0.985084	0.991379	1.032642	1.013437	1.067118	1.011647	0.895695	0.984455	0.889319	0.983902	0.951388	1.00713	0.970402	1.004401	0.971644	1.015233	0.977896	1.013685	0.911214	1.002386	1.010461	1.001447
ERICH6-AS1	RP11-103G8.2	ASO_G0240137_09	Targeted lncRNA	r3b2p2	0.909882	1.034863	0.951683	0.957233	1.009082	0.926441	1.000063	0.98233	1.018	1.080126	1.020514	1.07374	0.992207	0.929167	0.985605	0.927468	0.976221	0.991524	0.975958	0.996402	0.977901	1.026443	0.974972	1.031939	0.979466	0.964158	0.999252	1.002848
RP11-10K16.1	RP11-10K16.1	ASO_G0245213_01	Targeted lncRNA	r3b2p3	1.007238	0.968867	1.095941	0.926021	0.940489	0.964701	0.986398	0.99313	1.052412	0.984428	1.00648	1.021099	1.000784	0.951116	1.009163	0.953212	1.066777	0.980934	1.047243	0.982135	1.070599	0.988954	1.07075	0.98986	1.035261	0.955828	1.004302	0.998748
RP11-10K16.1	RP11-10K16.1	ASO_G0245213_03	Targeted lncRNA	r3b2p3	0.972721	0.951494	1.037349	0.911467	1.034212	0.95212	1.003385	0.988279	1.009631	1.037588	1.002099	1.090251	1.049146	0.939852	1.04404	0.942714	1.01219	0.988834	1.008651	0.999332	1.019877	0.970686	1.011735	0.978186	1.029366	0.924457	0.997042	1.02034
RP11-10K16.1	RP11-10K16.1	ASO_G0245213_04	Targeted lncRNA	r3b2p3	0.931132	0.986962	0.884783	0.832204	0.829558	0.849649	0.958706	0.969621	1.090459	1.093571	1.184936	1.190286	0.842553	0.834127	0.851453	0.835063	1.026824	1.007712	1.026616	1.010694	1.013243	0.963563	1.032348	0.980973	0.87567	0.849397	1.041556	1.043067
RP11-10K16.1	RP11-10K16.1	ASO_G0245213_06	Targeted lncRNA	r3b2p3	0.950276	0.964671	0.882673	0.884692	0.928212	0.893055	0.975479	0.972405	1.068328	1.060091	1.166082	1.11091	0.89817	0.8783	0.891299	0.883907	0.996352	1.003762	1.018794	1.008159	0.957086	1.00276	0.967606	1.011159	0.875245	0.901984	1.040208	1.016812
RP11-10K16.1	RP11-10K16.1	ASO_G0245213_AD_02	Targeted lncRNA	r13b3ADp4	0.926226	0.946468	0.973642	0.988952	0.946011	0.996204	0.984348	1.003636	1.028088	0.974779	1.024687	1.026686	0.949874	0.990302	0.951257	0.988349	0.988311	0.992489	0.991967	1.000057	1.017677	0.9814	1.0243	0.976409	0.983103	0.978254	0.99978	1.014026
RP11-10K16.1	RP11-10K16.1	ASO_G0245213_AD_03	Targeted lncRNA	r13b3ADp4	0.885927	0.887681	1.096353	1.028527	1.005592	1.111608	1.002206	1.01638	0.990415	0.985668	1.012924	0.977482	1.048307	1.074324	1.043846	1.064783	1.037929	0.967775	1.035824	0.978905	1.04602	0.971668	1.040423	0.960762	1.035103	1.0303	1.000581	0.998931
RP11-10K16.1	RP11-10K16.1	ASO_G0245213_AD_04	Targeted lncRNA	r13b3ADp4	0.875888	0.849996	0.949442	0.927344	0.957555	0.942048	0.992075	0.981908	1.03609	1.055535	1.081591	1.110436	0.959476	0.932126	0.95462	0.932123	1.018333	1.017106	1.023467	1.030833	0.98739	0.962839	0.989052	0.973458	0.943177	0.916712	1.018218	1.027883
RP11-10K16.1	RP11-10K16.1	ASO_G0245213_AD_05	Targeted lncRNA	r13b3ADp4	0.867092	0.896865	0.986777	0.964299	1.044238	1.001934	1.002053	0.99235	0.966522	0.991707	1.017613	1.001053	1.014539	0.978221	1.008721	0.974337	0.995535	0.96921	1.005281	0.971008	0.993355	1.006347	0.98961	1.006493	0.987037	0.99665	1.00413	0.990882
RP11-10K16.1	RP11-10K16.1	ASO_G0245213_AD_10	Targeted lncRNA	r13b3ADp4	0.948146	0.884952	0.993256	0.97299	1.00462	1.078484	0.999339	1.012514	1.002416	0.979389	1.018195	1.001404	0.997721	1.043178	0.999519	1.023732	0.985393	0.975551	0.996891	0.986847	0.988706	0.962177	0.98762	0.960381	0.991276	0.997995	1.004876	1.006955
RP11-110G21.1	RP11-110G21.1	ASO_G0228801_01	Targeted lncRNA	r6b5p1	0.920789	0.879368	0.936449	0.910012	0.959359	1.034244	0.990944	0.996986	0.99678	0.996592	1.025908	1.002337	0.928658	0.971576	0.928646	0.952719	0.96971	0.926799	0.971675	0.938256	0.998352	0.950196	1.0016	0.946628	0.945989	0.953897	0.997492	0.982477
RP11-110G21.1	RP11-110G21.1	ASO_G0228801_02	Targeted lncRNA	r6b5p1	0.773689	0.747457	0.894821	0.895573	0.967918	0.930259	0.99366	0.997021	1.025209	1.056079	1.042741	1.091248	0.921968	0.914213	0.921333	0.907322	0.949077	0.981108	0.958435	0.995048	0.958178	0.957483	0.957866	0.959179	0.92277	0.905038	0.998995	1.018551
RP11-110G21.1	RP11-110G21.1	ASO_G0228801_03	Targeted lncRNA	r6b5p1	0.954905	0.802665	0.997688	0.940433	1.073916	0.986944	0.991567	0.994299	0.967655	0.976771	0.959782	1.022464	1.036702	0.964815	1.021797	0.955612	0.963895	0.961161	0.9573	0.972386	1.045762	0.982014	1.030191	0.981141	1.032627	0.963522	0.955134	0.993771
RP11-110G21.1	RP11-110G21.1	ASO_G0228801_07	Targeted lncRNA	r6b5p1	0.276659	0.176932	0.786065	0.785924	0.857303	0.812759	0.95125	0.926711	1.142355	1.175885	1.183091	1.243669	0.801697	0.774283	0.784913	0.756976	0.894293	0.89685	0.924134	0.918816	0.932129	0.93768	0.941916	0.952976	0.848201	0.843379	1.017263	1.029437
RP11-110G21.1	RP11-110G21.1	ASO_G0228801_08	Targeted lncRNA	r6b5p1	0.628748	0.634076	0.867297	0.908307	0.928527	0.894292	0.976475	0.968188	1.069471	1.058103	1.120506	1.119478	0.894459	0.891258	0.882019	0.879588	0.961418	0.978013	0.973627	0.989925	0.940181	1.013048	0.945115	1.023642	0.886233	0.917163	1.02503	1.008971
CCDC84-DT	RP11-110I1.12	ASO_G0255121_01	Targeted lncRNA	r14b9plusp5	0.980479	0.954473	1.012846	1.010713	1.030592	1.025818	1.006149	0.995046	0.986632	0.988376	1.003395	1.015653	1.024858	1.025308	1.02043	1.012982	0.988473	0.989292	0.992918	0.992978	0.992174	1.020846	0.992789	1.019382	1.009236	1.024076	0.998129	0.995259
CCDC84-DT	RP11-110I1.12	ASO_G0255121_02	Targeted lncRNA	r14b9plusp5	0.916071	0.936472	0.95269	0.986324	1.012577	1.045247	1.007665	1.01596	1.00768	0.982989	1.053405	1.010883	0.994939	1.034788	0.987891	1.021452	0.97377	0.987933	0.994554	0.996794	0.948194	0.987807	0.952911	0.983483	0.953259	1.004509	1.019061	0.99585
CCDC84-DT	RP11-110I1.12	ASO_G0255121_03	Targeted lncRNA	r14b9plusp5	0.927112	0.899141	0.940483	0.970284	1.01355	1.00363	1.005837	0.997663	0.996972	1.003288	0.999572	1.018902	0.985586	1.003087	0.981122	0.997068	0.976846	0.986759	0.99016	0.994289	0.973172	0.966287	0.96999	0.963401	0.964	0.975521	0.995581	1.006976
CCDC84-DT	RP11-110I1.12	ASO_G0255121_04	Targeted lncRNA	r14b9plusp5	0.600609	0.587157	0.899211	0.976189	0.9734	1.01819	0.969784	0.983876	1.04925	1.028825	1.110782	1.047761	0.930799	0.983291	0.915425	0.97645	0.953277	0.967798	0.963773	0.979018	0.963903	0.988179	0.960852	0.985746	0.92356	0.975257	0.99829	0.993142
CCDC84-DT	RP11-110I1.12	ASO_G0255121_08	Targeted lncRNA	r14b9plusp5	0.92822	0.927731	1.034394	0.917827	1.053392	0.99486	1.011363	0.9989	0.977724	1.030879	0.9683	1.067859	1.05902	0.95904	1.048779	0.950579	0.990184	0.952958	0.990995	0.975091	1.014764	0.944308	1.013984	0.957126	1.045618	0.939357	0.985812	1.017726
RP11-111M22.3	RP11-111M22.3	ASO_G0255135_03	Targeted lncRNA	r8b7p3	0.930101	0.977712	1.032941	1.013552	0.95682	1.024244	0.989495	1.003387	1.062051	0.994629	1.049505	0.999584	0.988653	1.022049	0.979954	1.019617	1.031953	0.985136	1.029654	0.983005	1.047212	0.979507	1.044717	0.988862	0.996364	1.025887	1.000605	1.003467
RP11-111M22.3	RP11-111M22.3	ASO_G0255135_04	Targeted lncRNA	r8b7p3	0.914529	0.923449	0.917507	0.977147	0.877476	0.862582	0.969713	0.967292	1.085655	1.08946	1.126226	1.122531	0.885396	0.896176	0.885134	0.898133	1.026062	1.033953	1.027974	1.030734	1.026926	1.041121	1.037972	1.054075	0.902373	0.934169	1.018062	1.022411
RP11-111M22.3	RP11-111M22.3	ASO_G0255135_08	Targeted lncRNA	r8b7p3	0.939786	0.944154	0.939096	1.043985	0.902241	0.917951	0.976745	0.982778	1.068344	1.066949	1.098931	1.043945	0.909263	0.96853	0.902245	0.973734	1.019996	1.051635	1.01111	1.038997	1.02451	1.048274	1.034994	1.052158	0.927477	1.003779	1.01086	1.003288
RP11-115C21.2	RP11-115C21.2	ASO_G0246089_01	Targeted lncRNA	r2b1p6	1.01663	0.953291	0.989141	1.012763	0.969483	0.923732	0.984663	0.992862	1.011831	1.060661	1.006905	1.083713	0.972931	0.952726	0.97865	0.960827	1.000379	1.032378	0.991328	1.035693	1.040696	1.013893	1.037696	1.021939	0.992949	0.958029	0.978086	1.028226
RP11-115C21.2	RP11-115C21.2	ASO_G0246089_02	Targeted lncRNA	r2b1p6	0.933941	1.062501	0.986979	0.949642	0.968421	1.033116	0.989343	1.004957	0.985385	0.970378	0.966932	0.966363	0.959915	0.989408	0.975677	0.99499	1.015917	0.963883	0.991975	0.965401	1.040274	0.981047	1.031158	0.986073	0.991409	0.993007	0.980518	0.993889
RP11-115C21.2	RP11-115C21.2	ASO_G0246089_03	Targeted lncRNA	r2b1p6	0.924799	0.974206	0.854104	0.95329	0.917074	0.922249	0.979524	0.986099	1.044607	1.107513	1.072687	1.111751	0.870765	0.936689	0.875645	0.943598	0.964393	1.002679	0.974314	1.01973	0.952854	0.985283	0.965476	1.001841	0.878725	0.938001	1.009385	1.028382
RP11-115C21.2	RP11-115C21.2	ASO_G0246089_04	Targeted lncRNA	r2b1p6	1.031177	1.015054	0.928334	0.901293	0.924837	0.920615	0.98029	0.987228	1.018394	1.047586	1.044625	1.088186	0.91213	0.908571	0.914277	0.915941	0.994106	0.980391	0.988132	0.989748	1.026849	0.973033	1.032547	0.982917	0.944896	0.918027	0.995768	1.021425
RP11-115C21.2	RP11-115C21.2	ASO_G0246089_06	Targeted lncRNA	r2b1p6	0.971989	0.954392	0.869778	0.940854	0.874491	0.925335	0.968462	0.981057	1.07167	1.088646	1.162204	1.107128	0.865095	0.926967	0.868467	0.934214	0.985311	1.003858	0.999098	1.001085	0.966492	0.988749	0.98037	0.999306	0.872898	0.936786	1.036901	1.021645
RP11-115C21.2	RP11-115C21.2	ASO_G0246089_AD_02	Targeted lncRNA	r13b3ADp5	0.985938	0.979462	1.000941	1.015619	1.021617	1.075582	1.009767	1.011452	0.995795	0.976889	0.979444	0.968034	1.021923	1.053641	1.016114	1.047217	0.991411	0.989482	0.986002	0.9828	1.002795	0.99289	0.994776	0.980396	1.019625	1.033432	0.985355	0.987792
RP11-115C21.2	RP11-115C21.2	ASO_G0246089_AD_03	Targeted lncRNA	r13b3ADp5	0.923722	0.858	1.105488	0.99883	1.073136	1.038808	1.015233	1.008092	0.97658	0.98628	0.987721	1.00079	1.097979	1.020612	1.07644	1.012284	1.027347	0.994109	1.021003	0.993935	1.044985	0.983051	1.020705	0.977839	1.070172	0.994727	0.985544	1.00355
RP11-115C21.2	RP11-115C21.2	ASO_G0246089_AD_04	Targeted lncRNA	r13b3ADp5	0.927041	0.815396	1.050986	0.976137	0.989761	1.020723	0.99252	1.004763	1.025411	1.008694	1.023957	1.029504	1.014436	1.002741	1.015252	0.990446	1.032485	0.99385	1.025571	0.995272	1.025701	0.983661	1.029992	0.982285	1.005917	0.973125	1.00828	1.005119
RP11-115C21.2	RP11-115C21.2	ASO_G0246089_AD_08	Targeted lncRNA	r13b3ADp5	0.866024	0.813737	0.99777	0.998388	1.043456	1.012529	1.002353	1.008964	0.993471	1.019574	1.026907	1.023866	1.020877	1.00769	1.004149	0.993258	0.992309	1.005374	0.991726	1.004079	0.998622	0.988375	0.985162	0.98087	0.98209	0.974376	0.99686	1.000786
RP11-115C21.2	RP11-115C21.2	ASO_G0246089_AD_10	Targeted lncRNA	r13b3ADp5	0.684419	0.617177	1.080596	0.97074	1.042357	1.061194	1.009634	1.007607	0.992789	0.998911	1.034	1.025601	1.063788	1.031928	1.055364	1.017624	1.023035	0.967619	1.032824	0.978782	1.00132	0.948357	0.996196	0.935623	1.009927	0.971218	1.022314	1.006745
PPP3CB-AS1	RP11-137L10.6	ASO_G0221817_01	Targeted lncRNA	r4b4p6	0.968693	1.034692	1.026953	0.988103	0.983855	1.010555	0.989843	0.997493	0.994746	1.004338	1.000945	1.026001	0.997895	0.996681	1.000071	0.995172	1.004519	0.999018	0.994573	0.996637	1.032488	0.993472	1.031631	0.99469	1.021025	0.994439	0.99061	1.004168
PPP3CB-AS1	RP11-137L10.6	ASO_G0221817_03	Targeted lncRNA	r4b4p6	0.826046	0.779659	0.990018	0.922982	0.868744	0.895523	0.970936	0.976995	1.084824	1.084126	1.122151	1.126063	0.913144	0.896558	0.919348	0.897172	1.069303	1.033547	1.06392	1.035936	1.045789	0.983018	1.061578	0.999029	0.934675	0.897463	1.025378	1.026497
PPP3CB-AS1	RP11-137L10.6	ASO_G0221817_04	Targeted lncRNA	r4b4p6	0.930184	0.882957	1.003025	0.964524	0.968591	0.936499	0.987158	0.986837	1.020188	1.028965	1.017719	1.025303	0.979569	0.926206	0.969952	0.927768	1.013458	1.019923	1.013891	1.006219	1.047767	1.02592	1.049137	1.03537	0.994168	0.946515	0.993253	0.999128
PPP3CB-AS1	RP11-137L10.6	ASO_G0221817_06	Targeted lncRNA	r4b4p6	0.976605	0.988746	0.918312	0.862865	0.962614	0.969519	0.993436	0.992357	1.032877	1.036617	1.06273	1.11985	0.938534	0.920476	0.935585	0.906131	0.976888	0.951546	0.978158	0.979146	0.977855	0.926035	0.988251	0.933047	0.934815	0.885819	1.007512	1.034198
PPP3CB-AS1	RP11-137L10.6	ASO_G0221817_07	Targeted lncRNA	r4b4p6	0.89398	0.914728	0.885842	0.859708	1.009674	0.978208	0.998161	0.994074	1.017593	1.0746	1.044294	1.151606	0.954368	0.931452	0.93554	0.922321	0.929278	0.95199	0.954414	0.981586	0.944407	0.897281	0.945668	0.913583	0.938305	0.882185	0.999651	1.049257
PPP3CB-AS1	RP11-137L10.6	ASO_G0221817_AD_02	Targeted lncRNA	r11b1ADp1	0.897585	0.926697	0.960201	1.002174	1.025032	1.048471	0.998135	1.008617	1.005322	0.97182	0.98565	0.971322	0.988188	1.028879	0.9785	1.020087	0.970242	0.985781	0.967084	0.986413	0.993122	1.006103	0.984977	0.995351	0.986399	1.013525	0.982522	0.98702
PPP3CB-AS1	RP11-137L10.6	ASO_G0221817_AD_03	Targeted lncRNA	r11b1ADp1	0.890877	0.919617	0.920033	1.063424	1.052835	1.007634	1.000595	0.995022	0.993686	1.015605	0.983463	1.014496	0.994406	1.028379	0.980918	1.029261	0.947962	1.0105	0.955961	1.019053	0.971149	1.032719	0.968178	1.034516	0.981709	1.042621	0.987697	1.005292
PPP3CB-AS1	RP11-137L10.6	ASO_G0221817_AD_04	Targeted lncRNA	r11b1ADp1	0.778056	0.835603	0.950663	1.075936	1.04735	0.99738	1.00425	0.993383	0.999986	1.012607	1.006247	1.02983	1.003214	1.032696	0.990553	1.031832	0.961142	1.039499	0.963936	1.039928	0.970394	1.021352	0.960487	1.021405	0.981376	1.023823	0.993307	1.014077
PPP3CB-AS1	RP11-137L10.6	ASO_G0221817_AD_08	Targeted lncRNA	r11b1ADp1	0.861129	0.9206	1.088069	1.045961	1.070483	1.039697	1.000563	1.005084	0.972498	0.967594	0.95925	1.010458	1.084262	1.046062	1.074188	1.044577	1.014725	1.014761	1.01207	1.011985	1.02418	0.993738	1.017111	0.992876	1.059408	1.017834	0.991235	1.0171
PPP3CB-AS1	RP11-137L10.6	ASO_G0221817_AD_10	Targeted lncRNA	r11b1ADp1	0.88114	0.880738	0.95543	0.950406	1.006218	0.972733	0.993813	0.997126	0.991174	0.990966	0.992411	1.027398	0.983591	0.966629	0.986047	0.967175	0.976778	0.979775	0.981049	0.99232	1.000149	0.993149	0.994887	0.985598	0.985307	0.967436	0.988768	1.005049
RP11-1398P2.1	RP11-1398P2.1	ASO_G0244459_01	Targeted lncRNA	r15bALLp1	1.008836	1.099023	0.986818	1.003745	1.007982	1.001083	1.002659	1.000536	0.987681	0.964559	0.977636	0.958082	0.993387	0.995241	0.998516	0.993393	0.982854	0.988826	0.981291	0.993847	0.977108	1.039088	0.975199	1.02501	0.997722	1.00542	0.995394	0.979385
RP11-1398P2.1	RP11-1398P2.1	ASO_G0244459_02	Targeted lncRNA	r15bALLp1	0.942276	1.123549	0.998422	0.953009	1.017404	1.009294	0.999045	0.998114	0.977546	0.9967	0.956863	1.011678	1.002292	0.977368	0.998412	0.972755	0.969638	0.979315	0.979365	0.977932	1.006154	0.983996	1.003389	0.980253	1.019612	0.977729	0.982683	0.994189
RP11-1398P2.1	RP11-1398P2.1	ASO_G0244459_04	Targeted lncRNA	r15bALLp1	0.912905	0.870087	0.916084	0.861331	0.917971	0.876799	0.975398	0.970868	1.027255	1.078307	1.042088	1.116271	0.904725	0.858541	0.90351	0.854671	0.999786	1.002275	0.99384	1.006315	1.018659	0.970964	1.019975	0.985042	0.92795	0.867803	0.993184	1.021455
RP11-1398P2.1	RP11-1398P2.1	ASO_G0244459_05	Targeted lncRNA	r15bALLp1	0.542744	0.741755	0.976423	0.89666	0.951097	0.910782	0.986571	0.972191	1.043604	1.035349	1.016413	1.066273	0.957579	0.888481	0.960597	0.891589	1.011537	0.99619	1.01155	0.989086	1.024062	0.99164	1.022171	0.996726	0.986099	0.911884	0.994341	1.007582
RP11-1398P2.1	RP11-1398P2.1	ASO_G0244459_06	Targeted lncRNA	r15bALLp1	0.392791	0.370878	0.802804	0.848681	0.91014	0.922302	0.962639	0.979652	1.054812	1.067739	1.056757	1.108113	0.833565	0.872855	0.825849	0.872492	0.943775	0.975012	0.955213	0.990547	0.951802	0.928982	0.960708	0.933497	0.855731	0.860557	0.990353	1.023016
PIGBOS1	RP11-139H15.1	ASO_G0225973_01	Targeted lncRNA	r4b4p3	1.112618	1.090036	1.015206	1.035478	0.997111	1.066457	0.9936	1.01509	0.972629	1.003978	0.980893	0.944762	0.992633	1.054413	0.998092	1.052576	1.023498	1.00966	1.013067	1.007462	1.038125	0.99911	1.040332	0.99241	1.011811	1.028603	0.988334	0.994163
PIGBOS1	RP11-139H15.1	ASO_G0225973_06	Targeted lncRNA	r4b4p3	0.979477	1.029621	1.1005	1.080146	1.014612	1.032508	1.004985	1.002358	1.001417	1.028367	1.005027	1.001229	1.067811	1.066155	1.065101	1.069903	1.052502	1.06307	1.052227	1.052641	1.035841	1.025871	1.039434	1.017731	1.050458	1.02809	1.006756	1.007984
PIGBOS1	RP11-139H15.1	ASO_G0225973_08	Targeted lncRNA	r4b4p3	0.78497	0.692954	0.931963	0.966617	0.925768	0.907379	0.973234	0.967676	1.041507	1.075035	1.11976	1.134377	0.921877	0.921662	0.928252	0.926064	1.025455	1.059449	1.034456	1.05635	0.988168	1.012429	1.001099	1.023291	0.908622	0.917491	1.031771	1.027867
PIGBOS1	RP11-139H15.1	ASO_G0225973_09	Targeted lncRNA	r4b4p3	0.969641	0.98659	1.00609	0.99192	0.985114	1.051013	0.993403	0.999755	1.033491	0.984762	1.083561	1.003448	0.996877	1.029558	0.995827	1.020316	1.042156	0.979421	1.047519	0.992609	1.001358	0.988807	1.007113	0.9844	0.964156	0.99415	1.023211	1.001175
PIGBOS1	RP11-139H15.1	ASO_G0225973_10	Targeted lncRNA	r4b4p3	0.827144	0.821489	0.906115	0.917673	0.934906	0.911417	0.978721	0.97098	1.052102	1.04926	1.060083	1.047823	0.911978	0.891884	0.911677	0.88942	0.990387	0.976414	0.990235	0.975662	0.969796	1.010966	0.978585	1.01693	0.923598	0.940105	1.007875	0.993603
PIGBOS1	RP11-139H15.1	ASO_G0225973_AD_01	Targeted lncRNA	r11b1ADp2	0.664931	0.672605	0.873504	0.925983	0.925051	0.899402	0.959875	0.961068	1.034182	1.068254	1.045213	1.119998	0.887543	0.897316	0.886643	0.902798	0.963635	1.026354	0.956974	1.009985	1.025089	1.026767	1.019286	1.026451	0.929857	0.918543	0.970786	1.004714
PIGBOS1	RP11-139H15.1	ASO_G0225973_AD_02	Targeted lncRNA	r11b1ADp2	0.925721	0.91022	1.149242	1.032822	1.038683	1.082519	1.00099	1.001852	0.97489	0.95399	0.925904	0.941567	1.077148	1.054687	1.065481	1.041266	1.033171	0.97196	1.018628	0.964428	1.089682	1.045931	1.064708	1.02628	1.102221	1.054998	0.960977	0.960255
PIGBOS1	RP11-139H15.1	ASO_G0225973_AD_03	Targeted lncRNA	r11b1ADp2	0.933453	0.867978	0.990919	1.007324	1.021614	1.011581	0.998876	0.997243	0.980569	0.990906	0.955756	0.996064	1.00579	1.000167	1.00222	1.00505	0.987956	1.000037	0.965669	0.994534	1.056415	1.02578	1.041583	1.022999	1.028216	1.014096	0.960096	0.989639
PIGBOS1	RP11-139H15.1	ASO_G0225973_AD_05	Targeted lncRNA	r11b1ADp2	0.952085	0.964643	1.002796	0.994123	1.109605	1.037448	1.011361	1.005544	0.947591	0.982823	0.930759	0.969967	1.071397	1.015557	1.05888	1.022669	0.96974	0.987003	0.962634	0.977596	1.011554	1.004988	0.99109	0.99894	1.039773	1.008082	0.953907	0.981088
PIGBOS1	RP11-139H15.1	ASO_G0225973_AD_06	Targeted lncRNA	r11b1ADp2	0.588788	0.600522	0.958489	0.931901	1.014552	0.949009	0.955084	0.946556	1.022384	1.08699	1.049649	1.128277	0.953041	0.926453	0.950293	0.930314	0.953857	0.984161	0.931977	0.968335	1.030318	0.992784	1.012709	0.993816	1.00127	0.95376	0.960521	0.992844
RP11-149I23.3	RP11-149I23.3	ASO_G0232110_04	Targeted lncRNA	r6b5p6	0.870404	0.910611	0.956233	0.977842	1.041363	0.991698	0.998773	0.995423	0.994111	1.005347	1.000369	0.980334	1.003348	0.977398	0.998341	0.976692	0.981705	0.988182	0.982393	0.998976	0.989612	0.990225	0.981621	0.996671	0.984398	0.968702	0.992725	0.994181
RP11-149I23.3	RP11-149I23.3	ASO_G0232110_05	Targeted lncRNA	r6b5p6	0.593455	0.594548	0.82083	0.878069	0.877828	0.883489	0.966592	0.96988	1.112257	1.076392	1.19192	1.142935	0.838004	0.866804	0.824128	0.863639	0.952271	0.993159	0.966457	0.998703	0.983795	0.986901	0.991127	1.000038	0.85493	0.875213	1.022969	1.021834
RP11-149I23.3	RP11-149I23.3	ASO_G0232110_06	Targeted lncRNA	r6b5p6	0.831621	0.78786	0.819458	0.853222	0.890093	0.93274	0.979935	0.96747	1.082801	1.050683	1.148094	1.097098	0.847705	0.875468	0.842499	0.861671	0.95636	0.941669	0.977539	0.942579	0.943139	0.985804	0.950435	0.98735	0.845066	0.88706	1.026502	0.99437
RP11-149I23.3	RP11-149I23.3	ASO_G0232110_07	Targeted lncRNA	r6b5p6	0.812073	0.783165	0.947128	0.949804	0.971634	0.928504	0.988657	0.976761	1.036837	1.050464	1.081135	1.086901	0.956266	0.932761	0.947781	0.93063	0.995434	0.980559	1.009789	0.992815	1.008325	1.012587	1.021316	1.020326	0.944636	0.939636	1.005952	1.009397
RP11-149I23.3	RP11-149I23.3	ASO_G0232110_10	Targeted lncRNA	r6b5p6	0.851814	0.823772	0.983895	0.929066	1.063128	0.935768	0.993701	0.977485	0.992674	1.046198	1.032281	1.102372	1.027054	0.928217	1.008737	0.92197	0.976466	0.981376	0.979115	0.993467	1.016453	1.016851	1.011099	1.029069	0.999495	0.939169	0.985567	1.011653
RP11-149I23.3	RP11-149I23.3	ASO_G0232110_AD_01	Targeted lncRNA	r14b9plusp5	0.946762	0.978404	1.101193	0.985759	1.025803	0.986998	1.008809	0.997693	0.983124	1.002908	0.973297	1.000052	1.077971	0.992338	1.074002	0.989811	1.042425	1.005933	1.034517	0.996984	1.03867	1.013403	1.038238	1.00942	1.066241	0.990669	0.994764	0.99023
RP11-149I23.3	RP11-149I23.3	ASO_G0232110_AD_02	Targeted lncRNA	r14b9plusp5	0.956532	0.968607	1.136188	0.999195	1.05132	1.086037	0.998283	1.012886	1.006962	0.934824	1.002051	0.948292	1.073834	1.051205	1.058545	1.041551	1.015112	0.959597	1.019243	0.977906	1.03879	0.9907	1.037132	0.988451	1.062479	1.031707	0.996124	0.995303
RP11-149I23.3	RP11-149I23.3	ASO_G0232110_AD_03	Targeted lncRNA	r14b9plusp5	0.992555	1.025323	0.93029	0.943795	0.954127	1.02511	0.988761	0.998426	1.032869	0.976677	1.056336	1.01647	0.944327	0.998429	0.940577	0.99602	0.970957	0.970824	0.982688	0.983574	0.982849	0.964271	0.989282	0.971436	0.949847	0.979873	1.008692	1.00791
RP11-149I23.3	RP11-149I23.3	ASO_G0232110_AD_04	Targeted lncRNA	r14b9plusp5	0.995008	1.004708	1.047575	1.039023	1.004586	1.014047	0.99858	1.007565	1.010815	1.00367	1.038395	1.001281	1.024286	1.030162	1.012701	1.027959	1.015732	1.01305	1.019608	1.016326	1.034426	0.998127	1.036896	1.001982	1.016254	1.014199	0.997836	1.001816
RP11-149I23.3	RP11-149I23.3	ASO_G0232110_AD_06	Targeted lncRNA	r14b9plusp5	0.963719	0.965493	1.010928	1.098017	1.018234	0.985084	0.996565	0.999312	0.981524	0.973664	0.991408	0.972406	1.007982	1.039148	1.01121	1.039308	1.005491	1.035026	1.008673	1.024972	1.018125	1.064234	1.01735	1.061331	1.011009	1.063782	0.989714	0.991445
LINC01605	RP11-150O12.1	ASO_C013368_01	Targeted lncRNA	r2b1p4	0.937293	1.098017	0.917065	0.991515	0.999365	1.100407	1.001644	1.023461	0.987303	0.983733	1.027086	0.986278	0.964288	1.067552	0.964931	1.060937	0.975365	0.976988	0.979784	0.988092	0.950185	0.932561	0.953431	0.930816	0.950333	1.015839	1.009793	1.006813
LINC01605	RP11-150O12.1	ASO_C013368_02	Targeted lncRNA	r2b1p4	1.135888	1.164548	1.071772	1.062777	0.884188	0.990301	0.972236	1.007514	1.040462	1.013445	1.017005	0.952304	0.945755	1.017241	0.964287	1.031142	1.081803	1.03861	1.056187	1.024092	1.085357	1.019638	1.083988	1.016983	1.009288	1.038923	0.992362	0.996941
LINC01605	RP11-150O12.1	ASO_C013368_03	Targeted lncRNA	r2b1p4	0.992366	1.105619	0.916864	1.03114	0.934586	0.997037	0.988507	0.987419	1.055617	1.0166	1.10237	0.997104	0.921572	1.013662	0.916167	1.016953	0.990815	1.022026	1.002599	1.012491	0.97614	1.042672	0.985312	1.03882	0.915264	1.023373	1.024402	0.990123
LINC01605	RP11-150O12.1	ASO_C013368_04	Targeted lncRNA	r2b1p4	1.005433	1.035536	0.948155	0.994579	1.0054	1.034724	1.015423	1.012916	1.024957	0.983842	1.066057	0.991802	0.990056	1.031701	0.985886	1.030917	0.965964	0.995544	0.992334	1.002114	0.941225	0.98142	0.95052	0.982596	0.961078	1.014943	1.025238	1.003714
LINC01605	RP11-150O12.1	ASO_C013368_06	Targeted lncRNA	r2b1p4	0.928664	1.028961	0.86562	0.905618	0.917268	0.901146	0.981523	0.985002	1.058219	1.057269	1.09892	1.111022	0.892672	0.908173	0.887564	0.901596	0.957985	0.983462	0.971958	1.007093	0.968793	0.984838	0.971993	0.994002	0.90027	0.906974	1.011762	1.01897
LINC01605	RP11-150O12.1	ASO_G0253161_01	Targeted lncRNA	r1b0p4	1.157637	1.141026	0.835832	0.880278	0.883792	0.87665	0.973931	0.968686	1.085418	1.087244	1.102227	1.122379	0.850327	0.866682	0.851174	0.870139	0.970983	0.996297	0.973548	1.005751	0.978384	0.983062	0.983451	0.9954	0.878669	0.885442	1.003615	1.018566
LINC01605	RP11-150O12.1	ASO_G0253161_02	Targeted lncRNA	r1b0p4	0.934684	0.983623	0.888565	0.994334	0.952589	0.921098	0.988584	0.988641	1.05391	1.067671	1.075795	1.07865	0.916775	0.949039	0.917754	0.958304	0.975505	1.038347	0.987696	1.040692	0.960391	1.03289	0.970668	1.04122	0.911797	0.961743	1.017478	1.022847
LINC01605	RP11-150O12.1	ASO_G0253161_03	Targeted lncRNA	r1b0p4	0.866987	0.88508	1.039579	0.952202	0.949845	1.047186	0.998996	1.010256	1.032588	0.982963	1.044415	1.004203	0.988501	1.01054	0.992055	1.002495	1.042045	0.953775	1.043313	0.971461	1.033051	0.961108	1.038998	0.959639	0.989371	0.992045	1.017199	1.003864
LINC01605	RP11-150O12.1	ASO_G0253161_04	Targeted lncRNA	r1b0p4	0.960731	0.94407	0.953926	0.961824	0.980797	1.07478	0.991357	1.006845	1.046782	0.984948	1.069192	1.004644	0.968414	1.033856	0.971627	1.024799	0.989461	0.969551	0.998558	0.987655	0.960495	0.945498	0.97406	0.949278	0.957359	0.990498	1.026304	1.015877
LINC01605	RP11-150O12.1	ASO_G0253161_05	Targeted lncRNA	r1b0p4	0.951066	0.921948	0.965017	0.908673	0.966178	0.953686	0.998564	0.995594	1.060903	1.029346	1.03506	1.077642	0.972582	0.935075	0.969621	0.931428	0.998129	0.988044	0.993853	0.998506	0.996724	0.956557	0.999198	0.963693	0.976315	0.915214	1.003836	1.021895
LINC01605	RP11-150O12.1	ASO_G0253161_AD_03	Targeted lncRNA	r15bALLp4	1.05465	1.084315	0.945726	0.962524	1.065548	1.030966	1.005732	0.997054	0.961869	1.014917	0.940715	0.991627	1.008228	0.990056	1.002784	0.984926	0.957217	0.978631	0.948087	0.973238	0.981248	0.987643	0.972357	0.984177	0.997109	0.98694	0.964856	0.989651
LINC01605	RP11-150O12.1	ASO_G0253161_AD_04	Targeted lncRNA	r15bALLp4	0.922906	0.958615	0.972949	1.054624	0.993028	1.052597	1.000679	1.005967	1.013114	1.015273	1.023701	1.004218	0.980021	1.066319	0.981701	1.066042	0.996997	1.00741	0.994345	1.013586	0.982354	0.985354	0.984604	0.98179	0.973425	1.034605	1.010191	1.01491
LINC01605	RP11-150O12.1	ASO_G0253161_AD_05	Targeted lncRNA	r15bALLp4	0.929348	0.973252	0.989284	0.993239	0.963169	0.98094	0.98672	0.994366	1.007914	1.028722	1.030742	1.03083	0.971351	0.988434	0.971674	0.988998	1.002245	1.002247	0.998197	1.003568	1.023987	0.993225	1.029543	0.998726	0.986053	0.981656	0.998185	1.011509
LINC01605	RP11-150O12.1	ASO_G0253161_AD_07	Targeted lncRNA	r15bALLp4	0.929504	1.014406	1.030127	0.988064	1.05529	1.055632	1.007245	0.996847	0.989049	0.998214	0.982138	1.000739	1.051375	1.029519	1.044878	1.023673	0.998019	1.000266	0.996786	0.997958	0.993036	0.983346	0.988491	0.97878	1.024497	0.998293	1.000991	0.996752
LINC01605	RP11-150O12.1	ASO_G0253161_AD_08	Targeted lncRNA	r15bALLp4	0.92025	1.124197	0.988445	0.970647	0.983796	1.023976	1.004556	1.002216	1.01006	0.98206	1.027066	0.971443	0.992874	0.998739	0.993732	0.995686	1.004055	0.994026	1.007709	0.988772	0.97804	1.005668	0.980922	0.998921	0.978377	0.995278	1.020044	0.980439
RP11-160O5.1	RP11-160O5.1	ASO_G0263470_02	Targeted lncRNA	r9b8p2	1.031399	1.03714	1.020467	1.057197	1.044002	1.053001	1.007793	1.014187	0.960903	0.979827	0.964446	0.929952	1.048591	1.062242	1.044816	1.063397	0.998472	0.993737	0.991381	0.987399	1.003487	1.018293	0.999266	1.011558	1.027378	1.073994	0.986263	0.978226
RP11-160O5.1	RP11-160O5.1	ASO_G0263470_03	Targeted lncRNA	r9b8p2	0.903693	0.938954	0.940932	0.991918	1.007002	1.031424	1.007913	1.007254	1.004696	0.978259	1.03533	0.947259	0.972191	1.017453	0.962878	1.012993	0.973618	0.966069	0.984103	0.969418	0.961214	0.986322	0.957674	0.986254	0.941824	1.017558	1.00047	0.981185
RP11-160O5.1	RP11-160O5.1	ASO_G0263470_04	Targeted lncRNA	r9b8p2	0.926569	1.039748	1.032657	1.023008	1.054589	1.07595	1.008139	1.014198	0.984219	0.971857	0.991143	0.964782	1.0538	1.069087	1.041872	1.060494	0.992015	0.993546	0.999221	0.998541	0.998765	0.985203	0.989699	0.98139	1.024711	1.035533	0.994284	0.992142
RP11-160O5.1	RP11-160O5.1	ASO_G0263470_05	Targeted lncRNA	r9b8p2	0.798113	0.860004	0.978506	0.995938	0.929877	0.92777	0.976348	0.96994	1.029131	1.021438	1.021545	1.011558	0.942356	0.946168	0.954453	0.953474	1.042167	1.028022	1.017938	1.015493	1.033287	1.033625	1.031951	1.037658	0.975977	0.990126	0.988471	1.001314
RP11-160O5.1	RP11-160O5.1	ASO_G0263470_06	Targeted lncRNA	r9b8p2	0.614955	0.704101	0.990679	1.090941	0.933897	0.953842	0.989712	0.977785	1.036734	1.036594	1.069956	1.026988	0.94741	1.001633	0.936367	0.999387	1.006048	1.036428	1.012117	1.027359	1.010287	1.074374	1.007961	1.064819	0.954458	1.035549	1.002226	0.999196
LMO7-AS1	RP11-173B14.5	ASO_G0261105_02	Targeted lncRNA	r9b8p6	1.006784	1.001162	0.89191	0.948421	0.991362	0.961687	0.991952	0.988585	0.988288	1.011368	0.994322	1.018914	0.935632	0.958366	0.93853	0.962557	0.959465	0.981746	0.958814	0.985748	0.963347	1.004211	0.957055	1.009712	0.944165	0.988502	0.984207	0.997523
LMO7-AS1	RP11-173B14.5	ASO_G0261105_03	Targeted lncRNA	r9b8p6	1.036305	0.96641	0.959518	1.029624	1.057912	1.00838	1.002579	0.993151	0.959372	0.994411	0.966206	0.998616	1.013838	1.018441	1.008639	1.014146	0.976795	1.014537	0.97351	1.008259	0.998108	1.035483	0.987448	1.042708	1.000471	1.025973	0.97265	0.989198
LMO7-AS1	RP11-173B14.5	ASO_G0261105_04	Targeted lncRNA	r9b8p6	0.973773	0.831158	0.907166	1.002281	1.072601	1.000637	0.993389	0.986676	0.930209	1.020832	0.931058	1.058667	0.98027	1.00302	0.973801	0.996147	0.919479	0.99234	0.913914	1.000999	0.99584	1.016066	0.971387	1.021691	0.988387	0.995685	0.946359	1.011298
LMO7-AS1	RP11-173B14.5	ASO_G0261105_08	Targeted lncRNA	r9b8p6	0.959227	0.948769	0.865994	0.995523	1.007151	0.98845	0.993586	0.997744	0.965848	1.018075	0.996362	1.033403	0.92966	0.99418	0.929874	0.988234	0.933185	1.006325	0.94594	1.002853	0.954688	1.022011	0.950485	1.026652	0.921792	0.99592	0.984435	1.000171
LMO7-AS1	RP11-173B14.5	ASO_G0261105_10	Targeted lncRNA	r9b8p6	0.972482	0.951664	0.97522	0.969882	1.028655	1.04831	0.996401	1.002417	0.967725	0.985615	0.962383	0.99649	0.995553	1.008758	0.995456	1.000051	0.991577	0.984794	0.985724	0.991026	1.025621	1.002485	1.018126	0.994384	1.003886	0.988783	0.967693	0.98633
LMO7-AS1	RP11-173B14.5	ASO_G0261105_AD_02	Targeted lncRNA	r11b1ADp6	0.895633	0.937546	0.849934	0.887854	1.010656	1.000851	0.997407	0.995842	1.024996	1.000776	1.035208	1.014397	0.930427	0.946966	0.914953	0.9482	0.909393	0.948094	0.93765	0.958997	0.921353	0.948269	0.925221	0.951679	0.919268	0.945326	1.002642	0.994036
LMO7-AS1	RP11-173B14.5	ASO_G0261105_AD_05	Targeted lncRNA	r11b1ADp6	0.795294	0.8461	0.927921	0.948217	1.011705	1.048607	0.998799	1.004282	1.004347	1.007801	1.026982	0.9926	0.970593	0.9945	0.961036	0.983221	0.953647	0.944664	0.974399	0.954625	0.961604	0.952031	0.958296	0.941254	0.951246	0.979001	1.002396	0.984229
LMO7-AS1	RP11-173B14.5	ASO_G0261105_AD_06	Targeted lncRNA	r11b1ADp6	0.782933	0.79285	0.972404	0.932891	1.005051	1.002721	0.992537	1.007019	1.028647	1.021058	1.057341	1.076711	0.985748	0.974721	0.974412	0.966095	0.98282	0.968146	1.000407	0.994693	0.992645	0.946448	0.994291	0.94697	0.980159	0.933905	1.016285	1.024394
LMO7-AS1	RP11-173B14.5	ASO_G0261105_AD_08	Targeted lncRNA	r11b1ADp6	0.797264	0.838535	1.039926	0.948157	1.032932	1.010216	1.007021	1.005874	1.008731	0.987564	1.03503	1.032281	1.037602	0.978462	1.021938	0.976546	0.99986	0.97646	1.012901	0.979899	1.013257	0.961264	1.012397	0.965882	1.016604	0.962491	1.008475	1.011092
LMO7-AS1	RP11-173B14.5	ASO_G0261105_AD_10	Targeted lncRNA	r11b1ADp6	0.676822	0.737901	0.923861	0.911411	0.987071	1.007517	0.996067	1.001701	1.043316	0.982011	1.069734	1.002614	0.957199	0.955687	0.939961	0.950321	0.952772	0.940821	0.978416	0.950011	0.958208	0.957182	0.967761	0.962508	0.941962	0.949766	1.021642	0.995999
RP11-195F19.9	RP11-195F19.9	ASO_G0230074_02	Targeted lncRNA	r2b1p6	0.853639	0.953681	0.954959	0.975612	0.957819	0.944792	0.99094	0.982765	1.015548	1.052243	1.052751	1.076524	0.95322	0.94161	0.961494	0.940797	1.007705	1.011564	0.997799	1.015811	0.991862	1.016452	1.000851	1.021581	0.958459	0.944753	1.016833	1.01246
RP11-195F19.9	RP11-195F19.9	ASO_G0230074_03	Targeted lncRNA	r2b1p6	0.928526	0.9843	1.006489	0.958272	0.958952	0.964831	0.998077	0.989843	1.019218	1.014933	1.071887	1.076837	0.974796	0.957832	0.981626	0.958254	1.019396	0.988655	1.030403	1.000486	0.989337	0.981813	1.002195	0.990326	0.959243	0.950822	1.032362	1.024366
RP11-195F19.9	RP11-195F19.9	ASO_G0230074_04	Targeted lncRNA	r2b1p6	0.789317	0.790445	1.094089	1.169813	0.909128	0.915896	0.967211	0.976361	1.039177	1.051516	1.021664	1.014576	0.971685	1.002088	0.974317	1.011726	1.073269	1.109317	1.045808	1.068119	1.121667	1.144357	1.113925	1.133355	1.025867	1.069797	0.986255	0.988171
RP11-195F19.9	RP11-195F19.9	ASO_G0230074_05	Targeted lncRNA	r2b1p6	0.159052	0.305196	0.815044	0.855621	0.815159	0.830013	0.938278	0.93624	1.124581	1.126301	1.179912	1.212573	0.788453	0.812352	0.788182	0.804966	0.965741	0.978224	0.972114	0.982815	1.011752	1.014551	1.022959	1.03091	0.844826	0.854329	1.005413	1.016284
RP11-195F19.9	RP11-195F19.9	ASO_G0230074_07	Targeted lncRNA	r2b1p6	0.476232	0.545373	1.012184	0.935008	0.872548	0.932504	0.968816	0.986591	1.049419	1.043302	1.056493	1.074324	0.910134	0.922857	0.915792	0.923601	1.053562	1.00629	1.025595	1.001462	1.105363	1.009688	1.104671	1.015184	0.977035	0.933497	0.987871	1.009989
RP11-206L10.2	RP11-206L10.2	ASO_G0228327_01	Targeted lncRNA	r4b4p5	0.603397	0.659152	0.853519	0.922165	0.975411	1.047054	0.97956	1.001387	1.083266	1.002437	1.155917	1.055552	0.91274	0.986829	0.902271	0.972256	0.939007	0.950099	0.97191	0.958356	0.910785	0.91921	0.912088	0.917287	0.874282	0.950123	1.034777	1.015808
RP11-206L10.2	RP11-206L10.2	ASO_G0228327_02	Targeted lncRNA	r4b4p5	1.040573	1.005445	1.014805	0.887529	1.082416	0.979098	1.01597	0.989023	0.956276	1.041767	0.95249	1.079822	1.049539	0.924422	1.045985	0.927069	0.985878	0.972482	0.976056	0.987536	1.004674	0.922098	0.995223	0.938065	1.039938	0.903617	0.982957	1.025138
RP11-206L10.2	RP11-206L10.2	ASO_G0228327_03	Targeted lncRNA	r4b4p5	0.946432	0.968274	0.999501	0.915016	1.040235	1.012192	1.005452	1.003425	1.011131	1.007372	1.047224	1.067403	1.02575	0.967189	1.02229	0.96004	0.999973	0.968381	1.011391	0.979766	0.976062	0.910539	0.971357	0.914594	0.989919	0.92226	1.013582	1.028416
RP11-206L10.2	RP11-206L10.2	ASO_G0228327_08	Targeted lncRNA	r4b4p5	0.190508	0.312232	0.765288	0.780021	0.910179	0.891359	0.978009	0.972333	1.102683	1.143544	1.230332	1.271793	0.841735	0.836524	0.822666	0.816731	0.926788	0.933347	0.966299	0.983229	0.855622	0.858045	0.868231	0.872323	0.793667	0.788088	1.060286	1.076716
RP11-206L10.2	RP11-206L10.2	ASO_G0228327_10	Targeted lncRNA	r4b4p5	0.984499	0.947774	0.939897	0.91532	0.954464	0.968411	0.988666	0.990588	1.06265	1.038217	1.071889	1.07453	0.930742	0.932611	0.92365	0.927393	0.975382	0.976794	0.983555	0.988262	0.966145	0.956924	0.972589	0.96632	0.935137	0.922436	1.014588	1.021412
NINJ2-AS1	RP11-218M22.1	ASO_G0177406_01	Targeted lncRNA	r5b3p3	1.047259	1.089964	0.942717	0.928682	1.045577	0.996011	1.012714	1.003229	0.989379	0.958647	0.982789	0.999893	1.001017	0.966158	0.9953	0.961179	0.96742	0.966575	0.967949	0.975783	0.951889	0.95742	0.955501	0.958207	0.978623	0.95514	0.995566	0.99743
NINJ2-AS1	RP11-218M22.1	ASO_G0177406_02	Targeted lncRNA	r5b3p3	1.090884	0.923011	0.952	0.940947	1.033999	1.042904	0.997811	1.014101	0.973206	0.951999	0.965809	0.996477	0.992342	1.000953	0.986462	0.995315	0.971304	0.966979	0.972824	0.978866	0.984674	0.934456	0.986649	0.935102	0.992615	0.960438	0.983403	1.008505
NINJ2-AS1	RP11-218M22.1	ASO_G0177406_05	Targeted lncRNA	r5b3p3	1.030934	0.996378	0.941194	0.926381	0.983891	0.959836	0.99757	0.98923	1.036021	1.005929	1.053063	1.07613	0.970632	0.945119	0.968316	0.939268	1.002615	0.978133	1.005702	0.990159	0.971381	0.962946	0.981541	0.978276	0.945026	0.940888	1.017436	1.022349
NINJ2-AS1	RP11-218M22.1	ASO_G0177406_08	Targeted lncRNA	r5b3p3	0.915327	0.885206	0.91878	0.98455	0.925991	1.028642	0.976093	1.011983	1.04711	0.992819	1.113575	1.027406	0.920937	1.023859	0.921386	1.0111	0.996638	0.986408	1.005812	1.0046	0.996814	0.963197	1.014918	0.977748	0.934152	0.986409	1.022677	1.021709
NINJ2-AS1	RP11-218M22.1	ASO_G0177406_10	Targeted lncRNA	r5b3p3	0.957317	0.947215	0.949982	0.980724	0.939817	1.016789	0.989302	1.005628	1.015423	0.987809	1.058481	1.005439	0.942605	1.002662	0.941748	0.995706	1.013824	0.977252	1.008956	0.983939	1.023337	0.987446	1.022906	0.993748	0.955099	0.998367	1.006337	1.000784
RP11-220I1.1	RP11-220I1.1	ASO_G0233137_01	Targeted lncRNA	r6b5p2	0.941048	0.979181	1.040423	0.989769	1.017509	0.984402	1.007706	1.008447	1.013015	1.006964	1.013368	1.010044	1.022006	0.988092	1.013229	0.984898	1.016765	0.999962	1.015091	1.009507	1.008488	0.988197	1.003926	0.979398	1.000832	0.978549	1.008999	1.007353
RP11-220I1.1	RP11-220I1.1	ASO_G0233137_02	Targeted lncRNA	r6b5p2	0.767989	0.810176	1.102585	1.107136	1.067367	1.053184	1.014508	1.006533	0.986393	0.971481	0.952435	0.943084	1.088666	1.081613	1.083331	1.083813	1.023078	1.012249	1.024755	0.999856	1.006481	1.045495	0.994026	1.036685	1.057013	1.092059	1.011061	0.986053
RP11-220I1.1	RP11-220I1.1	ASO_G0233137_04	Targeted lncRNA	r6b5p2	0.59789	0.68334	0.912558	0.985226	0.964388	0.98962	0.99285	0.998001	1.064673	1.059803	1.088983	1.07435	0.93717	0.991346	0.923509	0.980632	0.970701	1.020399	0.988042	1.013113	0.97342	1.020015	0.969957	1.014341	0.921743	0.986206	1.014684	1.011301
RP11-220I1.1	RP11-220I1.1	ASO_G0233137_05	Targeted lncRNA	r6b5p2	0.726215	0.698685	0.972739	0.967833	1.018566	0.981393	1.001693	0.995095	1.019097	1.036768	1.023339	1.097842	1.002697	0.971458	0.986866	0.956443	0.947847	0.968184	0.982176	0.990383	0.976228	0.954438	0.970131	0.955312	0.980746	0.948287	1.007909	1.031132
RP11-220I1.1	RP11-220I1.1	ASO_G0233137_07	Targeted lncRNA	r6b5p2	0.339186	0.300458	0.845638	0.795944	0.9186	0.917676	0.970016	0.977271	1.116594	1.143071	1.188352	1.235183	0.878207	0.859565	0.860052	0.833916	0.945943	0.928822	0.965919	0.966738	0.919368	0.881187	0.921134	0.89195	0.855113	0.817486	1.04171	1.057109
LINC02454	RP11-221N13.3	ASO_G0256268_01	Targeted lncRNA	r1b0p4	0.988034	1.027872	0.971963	0.949111	0.978323	1.041633	1.002493	1.02157	1.002939	1.036387	1.003315	1.013974	0.974997	1.017633	0.972204	1.013445	1.004924	0.949669	1.00478	0.97111	1.00962	0.91918	1.00585	0.924671	0.96902	0.982063	0.99748	1.017688
LINC02454	RP11-221N13.3	ASO_G0256268_02	Targeted lncRNA	r1b0p4	0.979331	0.988932	0.93315	0.989446	0.972934	1.038489	1.00514	1.017338	1.061832	0.974972	1.028324	1.01151	0.955126	1.025358	0.956262	1.024986	0.973266	0.99263	0.981013	0.99319	0.956701	0.956257	0.962966	0.958665	0.945043	0.9897	1.011944	1.020753
LINC02454	RP11-221N13.3	ASO_G0256268_03	Targeted lncRNA	r1b0p4	0.910667	0.938943	0.99197	0.948818	0.952023	0.977637	0.982721	1.001924	1.088133	1.098657	1.079376	1.085837	0.956437	0.97309	0.95845	0.970213	1.008483	0.981916	1.010323	0.992707	1.01555	0.950564	1.028416	0.962167	0.96499	0.961088	1.017898	1.02486
LINC02454	RP11-221N13.3	ASO_G0256268_05	Targeted lncRNA	r1b0p4	0.832127	0.795746	0.976517	0.998236	0.905835	0.937642	0.987378	0.990792	1.063172	1.031849	1.069225	1.084617	0.938651	0.965876	0.940529	0.964007	1.030476	1.023308	1.028897	1.025689	1.027566	1.015255	1.032663	1.021215	0.948984	0.965976	1.013385	1.020785
LINC02454	RP11-221N13.3	ASO_G0256268_AD_01	Targeted lncRNA	r10b0ADp4	0.621822	0.6372	1.018484	0.955374	0.943227	0.92697	0.982394	0.980131	1.030283	1.036785	1.061991	1.054247	0.971755	0.926788	0.973844	0.926768	1.045506	0.999875	1.019699	0.992515	1.020226	1.00261	1.016369	0.997616	0.973196	0.941974	1.003664	0.993714
LINC02454	RP11-221N13.3	ASO_G0256268_AD_03	Targeted lncRNA	r10b0ADp4	0.810359	0.748661	0.985265	0.974494	0.970748	1.005291	0.986851	0.998403	1.014418	1.031501	1.02862	1.048136	0.970104	0.99267	0.963435	0.978382	1.013836	1.004235	1.004684	0.99771	1.034653	0.999776	1.037324	0.992575	0.975469	0.971221	0.993061	1.000554
LINC02454	RP11-221N13.3	ASO_G0256268_AD_05	Targeted lncRNA	r10b0ADp4	0.975893	0.929135	1.055152	1.014028	1.098732	1.016253	1.018852	1.007571	0.920876	1.015793	0.946786	1.038638	1.084236	1.020659	1.080009	1.018837	0.995648	1.010052	0.993028	1.016507	0.980173	0.982956	0.974243	0.98796	1.05223	0.993402	1.002974	1.017816
LINC02454	RP11-221N13.3	ASO_G0256268_AD_06	Targeted lncRNA	r10b0ADp4	0.830571	0.792511	0.954463	0.94046	0.982591	0.957482	0.994035	0.986643	1.023246	1.036028	1.04129	1.041311	0.957822	0.936879	0.949645	0.929176	0.974136	0.989811	0.984403	0.988508	0.97828	0.990253	0.978162	0.994095	0.947838	0.947928	0.994136	0.998882
LINC02454	RP11-221N13.3	ASO_G0256268_AD_07	Targeted lncRNA	r10b0ADp4	0.947007	0.94892	1.019513	1.016401	1.163848	1.14338	1.038116	1.026399	0.922408	0.977621	0.936317	0.968916	1.10657	1.098199	1.097936	1.09787	0.948888	0.985668	0.96796	0.985174	0.927983	0.941794	0.919491	0.935768	1.035297	1.02934	1.009276	1.009089
ATP2A1-AS1	RP11-22P6.3	ASO_G0260442_01	Targeted lncRNA	r9b8p5	0.959649	0.89394	0.894561	0.952297	0.964117	0.984626	0.995377	0.994577	1.028453	1.007046	1.080142	1.020599	0.932022	0.969244	0.929029	0.970653	0.970347	0.96721	0.986845	0.973562	0.937332	0.986488	0.946568	0.990998	0.910917	0.988172	1.02406	0.997792
ATP2A1-AS1	RP11-22P6.3	ASO_G0260442_02	Targeted lncRNA	r9b8p5	0.886646	0.85808	0.977634	0.909432	0.993384	1.007938	1.000076	0.997801	0.982839	0.972368	1.038529	1.010708	0.990808	0.9716	0.987371	0.968604	0.984054	0.958921	0.98869	0.960327	1.010444	0.969464	1.005346	0.959192	0.987174	0.957409	1.001896	0.991421
ATP2A1-AS1	RP11-22P6.3	ASO_G0260442_04	Targeted lncRNA	r9b8p5	0.8502	0.741604	0.982745	0.90345	1.02264	1.013985	0.988627	0.997786	0.972899	1.004661	0.97483	1.014803	0.990289	0.958398	0.9909	0.958187	0.973751	0.945512	0.966369	0.954969	1.032994	0.946235	1.029266	0.948953	1.008474	0.945522	0.971317	1.000176
ATP2A1-AS1	RP11-22P6.3	ASO_G0260442_06	Targeted lncRNA	r9b8p5	0.740066	0.822015	0.912285	0.943794	0.928357	0.987534	0.986015	0.990705	1.037171	1.015416	1.059035	1.064478	0.918293	0.960297	0.91638	0.953546	0.975023	0.974679	0.990438	0.986677	0.974791	0.986518	0.983948	0.991542	0.922881	0.953658	1.010323	1.006329
ATP2A1-AS1	RP11-22P6.3	ASO_G0260442_08	Targeted lncRNA	r9b8p5	0.828441	0.870244	0.930067	0.903116	0.97201	0.974819	0.992748	0.993844	0.999522	1.020184	1.017202	1.079757	0.952813	0.944801	0.95071	0.936549	0.967318	0.96753	0.964936	0.980189	0.981109	0.941895	0.979454	0.946392	0.963529	0.915085	0.994981	1.017379
ATP2A1-AS1	RP11-22P6.3	ASO_G0260442_AD_01	Targeted lncRNA	r12b2ADp4	0.988165	0.953926	1.039937	0.957396	0.944496	0.993915	0.97778	0.997678	1.018925	1.009359	1.01397	1.023362	0.982119	0.984727	0.985831	0.983426	1.061734	0.992374	1.039397	0.993415	1.089726	0.965258	1.079887	0.973713	1.013247	0.969546	0.984778	1.015399
ATP2A1-AS1	RP11-22P6.3	ASO_G0260442_AD_02	Targeted lncRNA	r12b2ADp4	0.965248	0.936747	1.021743	1.005026	1.002383	0.92708	0.988766	0.981002	0.967584	1.025423	0.974638	1.045832	1.016748	0.95289	1.018802	0.961206	1.020633	1.029856	1.004953	1.018929	1.04543	1.037157	1.035655	1.039446	1.032307	0.984299	0.978233	1.004464
ATP2A1-AS1	RP11-22P6.3	ASO_G0260442_AD_07	Targeted lncRNA	r12b2ADp4	0.972836	0.891819	0.940938	0.960897	0.928342	0.932026	0.97286	0.972609	1.017233	1.071845	1.052244	1.080547	0.922115	0.94126	0.927203	0.940633	1.014728	1.00639	1.002689	0.993143	1.037029	1.023158	1.041717	1.035831	0.955181	0.980349	0.992616	1.004551
ATP2A1-AS1	RP11-22P6.3	ASO_G0260442_AD_08	Targeted lncRNA	r12b2ADp4	1.005014	0.955004	1.013164	0.981125	1.015316	0.968541	0.998929	0.999609	0.973675	1.00799	0.99504	1.049792	1.008758	0.976279	1.006063	0.972336	1.011038	1.009796	1.012348	1.015644	1.001855	0.98517	1.002404	0.985789	1.006229	0.965331	1.000632	1.011874
ATP2A1-AS1	RP11-22P6.3	ASO_G0260442_AD_10	Targeted lncRNA	r12b2ADp4	0.961802	0.952029	0.97629	1.049443	0.956575	0.947756	0.985861	0.996746	1.021823	1.034362	1.032811	1.03871	0.958315	0.993521	0.962692	0.992218	1.010237	1.030604	1.006666	1.030572	1.017209	1.030748	1.022325	1.042125	0.974567	1.01419	1.001473	1.018648
RP11-242D8.1	RP11-242D8.1	ASO_G0267002_02	Targeted lncRNA	r15bALLp4	1.094745	1.060519	0.993855	1.038314	1.031678	1.026762	0.993086	0.999486	0.994945	0.988837	0.977665	0.970044	1.010487	1.039712	1.009437	1.040634	1.000235	1.014279	0.982734	1.000818	1.028278	1.02428	1.022137	1.019836	1.01178	1.043789	0.975969	0.984023
RP11-242D8.1	RP11-242D8.1	ASO_G0267002_03	Targeted lncRNA	r15bALLp4	0.858796	0.959229	1.037671	0.992367	1.021526	1.004642	0.997549	0.98774	1.03746	1.050337	1.023941	1.037494	1.039058	1.004399	1.036154	1.0044	1.008232	1.004231	1.017633	1.006494	0.99199	0.982548	0.996313	0.986694	1.017407	0.987966	1.012151	1.01402
RP11-242D8.1	RP11-242D8.1	ASO_G0267002_05	Targeted lncRNA	r15bALLp4	0.833461	0.997828	1.061735	1.049859	1.028034	1.043589	0.996199	0.998256	0.98458	0.969714	0.980273	0.955901	1.047577	1.042437	1.049835	1.041866	1.013065	0.998571	1.007084	0.981977	1.022765	1.02287	1.020868	1.015882	1.043002	1.046596	0.995739	0.98425
RP11-242D8.1	RP11-242D8.1	ASO_G0267002_08	Targeted lncRNA	r15bALLp4	0.789396	0.923219	0.948657	0.994759	0.918266	0.972227	0.976356	0.986789	1.049526	1.03121	1.067108	0.997434	0.927646	0.979649	0.93641	0.982255	1.022849	1.019305	1.01865	1.008635	1.004952	1.01114	1.00769	1.014816	0.940498	0.987847	1.009969	0.999087
RP11-242D8.1	RP11-242D8.1	ASO_G0267002_09	Targeted lncRNA	r15bALLp4	1.020701	0.909055	1.000864	1.016755	1.025461	1.040954	0.996419	1.003373	0.993067	1.001193	0.969744	0.968417	1.002303	1.02862	1.000805	1.025663	0.981574	0.993023	0.973503	0.984799	1.007463	0.990308	1.004902	0.997076	1.013269	1.027899	0.979864	0.993758
LINC01204	RP11-245M24.1	ASO_G0229563_02	Targeted lncRNA	r14b9plusp4	0.776633	0.749881	0.903066	0.974784	1.04995	1.083139	1.001024	1.005957	0.983277	0.985337	1.004548	0.982029	0.981487	1.023794	0.9649	1.01307	0.913957	0.939917	0.935317	0.94616	0.93502	0.977583	0.935123	0.973643	0.953822	1.00629	0.999141	0.980902
LINC01204	RP11-245M24.1	ASO_G0229563_03	Targeted lncRNA	r14b9plusp4	0.93474	0.969516	1.022174	1.083229	1.04644	1.034149	1.008384	1.002305	1.007207	0.98525	1.021508	0.983138	1.033192	1.056249	1.024364	1.047662	0.99109	1.031404	0.99916	1.022176	0.988339	1.040519	0.997625	1.039588	1.012403	1.049965	1.010279	0.997834
LINC01204	RP11-245M24.1	ASO_G0229563_04	Targeted lncRNA	r14b9plusp4	0.739308	0.826652	0.995481	0.999572	0.980483	0.956277	0.998396	0.995665	1.021515	1.024433	1.047739	1.051474	0.98705	0.976253	0.973409	0.96677	0.999127	1.007601	1.017392	1.004456	1.008188	1.032885	1.010057	1.033683	0.97227	0.989814	1.015837	1.00597
LINC01204	RP11-245M24.1	ASO_G0229563_05	Targeted lncRNA	r14b9plusp4	0.921543	0.89011	1.042409	1.083776	1.015193	1.042108	0.99348	1.001177	1.01069	0.98624	1.012302	0.971628	1.029305	1.065534	1.023796	1.057118	1.005376	0.999213	0.994338	0.99888	1.017129	1.033862	1.014707	1.030353	1.01892	1.064663	0.991545	0.989361
LINC01204	RP11-245M24.1	ASO_G0229563_08	Targeted lncRNA	r14b9plusp4	0.922199	0.913837	0.971522	0.938076	0.989852	0.970638	0.999533	0.997555	1.010644	1.027514	1.024269	1.052686	0.987136	0.955548	0.977899	0.947012	0.997316	0.972915	1.004103	0.985769	0.996695	0.978719	0.997049	0.975889	0.973783	0.948123	1.001225	1.008052
RP11-253M7.1	RP11-253M7.1	ASO_G0259426_01	Targeted lncRNA	r9b8p5	0.968631	0.991869	0.945809	0.990095	1.075242	1.074581	1.018791	1.011046	0.930805	0.963037	0.985332	0.97101	1.019619	1.044481	1.016133	1.04285	0.954972	0.977752	0.97569	0.976988	0.914378	0.963231	0.921607	0.96563	0.976061	1.02139	1.021445	0.996044
RP11-253M7.1	RP11-253M7.1	ASO_G0259426_02	Targeted lncRNA	r9b8p5	0.775385	0.747191	0.911248	0.908846	0.983879	0.979389	0.993763	0.991738	1.011096	1.03822	1.108758	1.079003	0.953636	0.942918	0.952386	0.943938	0.983289	0.977447	0.988701	0.972938	0.94039	0.957662	0.943914	0.953354	0.923475	0.929995	1.019169	1.007028
RP11-253M7.1	RP11-253M7.1	ASO_G0259426_03	Targeted lncRNA	r9b8p5	0.754867	0.809209	0.903141	0.934119	0.992943	0.972164	0.997208	0.985783	1.004903	1.004264	1.042496	1.048476	0.947523	0.948984	0.939538	0.947965	0.944695	0.970693	0.964093	0.984487	0.941493	0.985613	0.94815	0.992623	0.926001	0.940831	1.005176	0.999984
RP11-253M7.1	RP11-253M7.1	ASO_G0259426_05	Targeted lncRNA	r9b8p5	0.763198	0.705997	0.871295	0.897409	0.990905	0.977593	0.995946	0.98559	1.017173	1.019941	1.051993	1.087623	0.929601	0.933308	0.918267	0.920066	0.93892	0.944025	0.94098	0.956336	0.942147	0.955444	0.932464	0.958903	0.916298	0.924026	0.990956	1.003853
RP11-253M7.1	RP11-253M7.1	ASO_G0259426_09	Targeted lncRNA	r9b8p5	0.828668	0.862689	0.960802	0.916904	1.008048	0.958138	0.995395	0.994277	1.003086	1.037012	1.053123	1.065914	0.984112	0.934504	0.973223	0.927727	0.975046	0.97696	0.982034	0.977992	0.980223	0.982872	0.985851	0.981524	0.963885	0.934289	1.001009	1.005108
RP11-253M7.1	RP11-253M7.1	ASO_G0259426_AD_01	Targeted lncRNA	r11b1ADp6	0.916028	0.955737	0.930212	0.910595	0.995914	1.010295	0.997672	0.998939	0.998388	1.003164	1.01782	1.033429	0.960987	0.954712	0.958598	0.951522	0.966489	0.966809	0.974304	0.977106	0.977305	0.974691	0.976262	0.974699	0.959123	0.947338	0.993588	1.003679
RP11-253M7.1	RP11-253M7.1	ASO_G0259426_AD_03	Targeted lncRNA	r11b1ADp6	0.813375	0.791691	1.070256	1.125732	1.064407	1.080501	1.007854	0.994709	0.955793	0.975791	0.965402	0.971631	1.057376	1.088169	1.049091	1.072773	1.000182	1.013781	0.991041	1.018568	1.027751	1.044566	1.014445	1.030488	1.05278	1.071907	0.988054	0.98054
RP11-253M7.1	RP11-253M7.1	ASO_G0259426_AD_06	Targeted lncRNA	r11b1ADp6	0.763392	0.780268	0.978519	0.991474	1.045071	1.065922	1.010067	1.004385	1.014714	0.970728	1.047348	0.97484	1.013342	1.032106	0.995764	1.021682	0.960246	0.973372	0.98834	0.98245	0.959576	1.00397	0.961264	0.999541	0.983344	1.01313	1.021363	0.987511
RP11-253M7.1	RP11-253M7.1	ASO_G0259426_AD_07	Targeted lncRNA	r11b1ADp6	0.804279	0.745386	1.018508	1.038358	0.997872	0.979373	0.998667	0.997456	1.01171	1.023401	1.030788	1.015107	1.005898	0.995008	0.988477	0.991429	1.003662	1.018437	1.011642	1.009509	1.020491	1.026641	1.020041	1.025559	1.002793	1.012664	1.00151	1.00061
RP11-253M7.1	RP11-253M7.1	ASO_G0259426_AD_10	Targeted lncRNA	r11b1ADp6	0.859724	0.803805	1.055443	0.986131	1.017225	1.057191	1.007759	1.012375	0.974472	0.956027	0.955778	0.959976	1.048121	1.024107	1.037881	1.01963	1.011288	0.955976	1.010226	0.961313	1.046047	0.980138	1.038919	0.976588	1.053607	1.016391	0.979509	0.985502
RP11-25K19.1	RP11-25K19.1	ASO_G0167912_01	Targeted lncRNA	r15bALLp2	0.97477	1.076796	0.959474	0.980632	0.996508	1.018669	0.991361	1.00323	1.005469	0.993638	1.025875	1.013437	0.986171	1.008977	0.98332	1.007034	0.987979	0.992737	1.00044	1.003934	0.969054	0.968172	0.972041	0.969132	0.967142	0.978443	1.007607	1.008651
RP11-25K19.1	RP11-25K19.1	ASO_G0167912_02	Targeted lncRNA	r15bALLp2	0.834024	1.031888	1.008864	0.958851	1.00764	0.96811	1.004681	0.988211	1.014842	1.026784	1.036034	1.056904	1.018417	0.968907	1.018666	0.96674	1.006239	1.006129	1.016452	1.014564	0.970086	0.980643	0.968476	0.990013	0.989235	0.961122	1.01905	1.02135
RP11-25K19.1	RP11-25K19.1	ASO_G0167912_04	Targeted lncRNA	r15bALLp2	0.968793	0.899694	0.991519	0.91191	0.971077	0.955826	0.987216	0.978812	0.997188	1.008447	1.021819	1.065395	0.975669	0.933084	0.981658	0.932314	1.009846	0.986696	1.012632	0.998126	1.001649	0.973953	1.004988	0.979819	0.976147	0.923203	1.013694	1.01761
RP11-25K19.1	RP11-25K19.1	ASO_G0167912_05	Targeted lncRNA	r15bALLp2	0.956949	0.98218	1.006553	1.010079	0.971991	0.985189	0.984692	0.987284	1.03688	1.007395	1.022768	1.04182	0.984527	0.998732	0.988457	0.995457	1.003165	1.01041	1.007585	1.021709	1.02508	1.006248	1.026825	1.015028	1.001092	0.98776	1.002081	1.014448
RP11-25K19.1	RP11-25K19.1	ASO_G0167912_07	Targeted lncRNA	r15bALLp2	0.9779	0.940554	1.005178	0.961663	1.004571	0.974348	1.000005	0.991292	0.996145	1.025662	1.01705	1.04862	1.009362	0.970457	1.010517	0.965302	0.99986	0.991803	1.009421	1.000654	0.999976	0.981418	1.006303	0.98117	1.003737	0.955476	1.012117	1.015109
RP11-295G20.2	RP11-295G20.2	ASO_G0233461_01	Targeted lncRNA	r6b5p6	1.001183	0.944503	0.921294	0.968346	0.970231	0.95173	0.985422	0.984046	1.011576	0.988483	1.019543	0.964309	0.942649	0.947782	0.939595	0.956573	0.973921	0.983773	0.976809	0.976533	0.990737	1.03201	0.987205	1.045303	0.945778	1.011764	0.990034	0.978989
RP11-295G20.2	RP11-295G20.2	ASO_G0233461_03	Targeted lncRNA	r6b5p6	0.460101	0.472508	0.756916	0.776165	0.903632	0.924907	0.95169	0.971045	1.114304	1.093751	1.179703	1.169093	0.818347	0.839256	0.802382	0.824894	0.911348	0.927066	0.934701	0.945378	0.937253	0.91178	0.943232	0.922423	0.822794	0.82868	1.001736	1.017699
RP11-295G20.2	RP11-295G20.2	ASO_G0233461_05	Targeted lncRNA	r6b5p6	0.644014	0.686476	0.840599	0.921984	0.924226	0.96379	0.970998	0.981781	1.070504	1.040678	1.183897	1.075217	0.878706	0.940563	0.867911	0.939458	0.944738	0.980928	0.969496	0.986496	0.97047	0.996523	0.972883	1.002424	0.869547	0.941911	1.018921	0.996697
RP11-295G20.2	RP11-295G20.2	ASO_G0233461_07	Targeted lncRNA	r6b5p6	0.948131	0.853134	0.969348	0.976774	1.021855	1.011131	0.993311	1.003069	1.065379	1.012288	1.033733	1.03543	0.993767	1.003451	0.985366	0.996609	0.990607	0.980103	0.992563	0.997582	0.994192	0.983525	1.00871	0.994658	0.984259	0.993005	1.000699	1.022182
RP11-295G20.2	RP11-295G20.2	ASO_G0233461_09	Targeted lncRNA	r6b5p6	0.983564	0.926874	1.024757	1.113039	0.96881	0.948144	0.984832	1.003177	1.037	1.018298	1.065245	1.001853	0.959104	1.01636	0.954027	1.025052	1.008681	1.064046	1.016577	1.066099	1.02781	1.064446	1.025486	1.068761	0.959156	1.042378	1.005045	1.017288
RP11-295G20.2	RP11-295G20.2	ASO_G0233461_AD_02	Targeted lncRNA	r14b9plusp6	0.959474	0.971923	0.97585	0.890627	0.998934	0.95697	0.99477	0.993672	0.98461	1.014842	0.987648	1.049642	0.977775	0.919864	0.975205	0.924184	0.985074	0.965657	0.979772	0.964934	1.031389	0.959819	1.02472	0.961537	1.003085	0.92246	0.98236	1.009476
RP11-295G20.2	RP11-295G20.2	ASO_G0233461_AD_03	Targeted lncRNA	r14b9plusp6	0.928745	0.886232	1.104032	1.03241	1.015453	0.974803	1.00137	0.994191	0.989993	1.02361	1.00285	1.034455	1.050436	0.996389	1.054779	0.99242	1.036072	1.020826	1.028633	1.030742	1.036306	1.029662	1.031524	1.031972	1.058161	1.00186	1.00034	1.01059
RP11-295G20.2	RP11-295G20.2	ASO_G0233461_AD_04	Targeted lncRNA	r14b9plusp6	1.00062	0.971591	1.012333	1.006123	0.999229	1.03439	1.003361	1.010788	0.985636	0.985758	0.992862	0.987148	1.000337	1.029496	0.994793	1.019812	1.00501	0.98874	1.00266	0.98864	1.009007	0.995564	0.999155	0.990226	0.996574	1.013786	0.997776	0.995859
RP11-295G20.2	RP11-295G20.2	ASO_G0233461_AD_06	Targeted lncRNA	r14b9plusp6	0.954211	0.914684	1.031652	0.954539	1.042094	0.97182	0.996939	0.995419	0.978439	1.016547	0.98283	1.031447	1.043335	0.964616	1.035576	0.957744	0.99974	0.982352	0.996241	0.98399	1.023501	0.999439	1.013998	0.998223	1.032136	0.970396	0.986073	0.997518
RP11-295G20.2	RP11-295G20.2	ASO_G0233461_AD_07	Targeted lncRNA	r14b9plusp6	0.975394	0.987531	0.947223	1.067085	1.012007	1.025842	1.002991	1.004661	0.980267	0.989578	1.007919	0.972345	0.988583	1.046312	0.993372	1.050704	0.986482	1.024598	0.992845	1.011418	0.958258	1.028892	0.95573	1.026226	0.97378	1.045228	1.014396	0.994609
PRDX6-AS1	RP11-296O14.3	ASO_G0203739_01	Targeted lncRNA	r5b3p4	0.895934	1.036592	1.002301	0.952654	0.92866	1.006415	0.976844	1.005379	1.026865	1.001343	1.0284	1.01335	0.941582	0.994082	0.951882	0.99443	1.017875	0.991069	1.002979	0.99434	1.03507	0.970435	1.051026	0.971991	0.990376	0.979496	1.003615	1.008473
PRDX6-AS1	RP11-296O14.3	ASO_G0203739_02	Targeted lncRNA	r5b3p4	1.001333	0.999442	1.03203	1.07697	0.873727	0.902507	0.967496	0.966749	1.046591	1.036597	1.037419	1.004127	0.925335	0.961821	0.941052	0.971435	1.082	1.071521	1.054171	1.032302	1.087803	1.107001	1.1004	1.118032	0.987251	1.043536	0.995948	0.983911
PRDX6-AS1	RP11-296O14.3	ASO_G0203739_07	Targeted lncRNA	r5b3p4	1.069952	1.08891	1.008646	0.970868	1.0827	0.994027	1.018885	1.007253	0.960131	0.999565	0.995723	1.014065	1.066585	0.998589	1.060941	0.999579	0.994373	0.983867	1.003602	0.993368	0.954988	0.962055	0.959744	0.970512	1.023603	0.995748	1.022267	1.021491
PRDX6-AS1	RP11-296O14.3	ASO_G0203739_08	Targeted lncRNA	r5b3p4	0.975211	1.031977	0.990743	1.117913	0.944898	0.978342	0.973519	0.99765	1.041697	1.00379	1.041863	0.978209	0.952487	1.03732	0.952762	1.044783	1.024414	1.067262	1.024799	1.040491	1.047939	1.07	1.057611	1.065565	0.983135	1.073795	1.002971	0.993007
PRDX6-AS1	RP11-296O14.3	ASO_G0203739_10	Targeted lncRNA	r5b3p4	1.024269	0.958156	1.040345	1.004219	0.959777	1.024311	0.989166	1.015111	1.040284	0.967188	1.006975	0.990483	0.992433	1.033579	1.002739	1.031041	1.054284	1.009857	1.029799	1.006149	1.036238	0.95977	1.037417	0.961432	1.016226	1.010125	1.001818	1.014484
PRDX6-AS1	RP11-296O14.3	ASO_G0203739_AD_03	Targeted lncRNA	r11b1ADp1	0.997745	0.934139	1.031256	0.983891	0.98287	0.980665	0.989921	0.99225	0.998894	1.021591	0.997048	1.02025	0.994012	0.979359	0.992712	0.970732	0.999234	0.995525	0.991267	1.002826	1.040702	1.011642	1.034472	1.004566	1.027508	0.983834	0.990859	0.996791
PRDX6-AS1	RP11-296O14.3	ASO_G0203739_AD_04	Targeted lncRNA	r11b1ADp1	0.917495	0.873726	0.970332	0.922595	0.991888	0.943035	0.994521	0.989499	1.00028	1.057495	1.01298	1.100356	0.977383	0.927801	0.972355	0.921987	0.977182	0.976612	0.984017	0.996045	1.005258	0.967378	1.002132	0.978228	0.990694	0.919835	0.996884	1.024787
PRDX6-AS1	RP11-296O14.3	ASO_G0203739_AD_05	Targeted lncRNA	r11b1ADp1	0.86976	0.821345	0.946464	0.992073	1.050686	1.026042	1.002873	1.008787	0.998838	0.992355	1.036209	1.000021	1.015754	1.017264	1.002456	1.008361	0.959526	0.978064	0.981192	0.984771	0.963613	0.981829	0.958178	0.974835	0.974753	1.010132	1.007857	1.002252
PRDX6-AS1	RP11-296O14.3	ASO_G0203739_AD_07	Targeted lncRNA	r11b1ADp1	0.84192	0.809768	1.021975	0.991604	1.063609	0.993315	1.004768	0.998895	1.002735	1.002842	1.020343	1.000622	1.047918	0.996981	1.029848	0.986187	0.978	0.987336	0.991906	0.993298	1.000527	1.016126	0.994881	1.016229	1.014785	1.003604	1.001887	0.997989
TBX2-AS1	RP11-332H18.4	ASO_G0267280_03	Targeted lncRNA	r9b8p4	0.944747	0.881609	0.952189	0.956444	0.910138	0.9437	0.97507	0.981166	1.040686	1.041479	1.054289	1.05061	0.920008	0.931147	0.922736	0.93149	1.019365	0.992432	1.013191	0.987675	1.013302	1.015602	1.021801	1.018457	0.943813	0.963455	1.002868	1.002619
TBX2-AS1	RP11-332H18.4	ASO_G0267280_04	Targeted lncRNA	r9b8p4	0.834022	0.878536	0.941634	1.002816	1.063422	1.042598	0.999506	1.005474	0.958048	0.977852	0.966029	0.9838	1.003545	1.025139	0.99452	1.012699	0.954664	0.992728	0.957181	0.991962	0.993326	0.995237	0.992649	0.988613	0.992064	1.005057	0.9814	0.991199
TBX2-AS1	RP11-332H18.4	ASO_G0267280_07	Targeted lncRNA	r9b8p4	0.777698	0.810617	0.976011	1.111359	1.012709	1.028974	0.99608	1.001416	1.010218	1.011923	1.043736	1.006857	0.994301	1.057379	0.980706	1.058749	0.983143	1.041507	0.988825	1.040012	0.98933	1.055163	0.99303	1.049092	0.968037	1.055673	1.000361	1.000008
TBX2-AS1	RP11-332H18.4	ASO_G0267280_08	Targeted lncRNA	r9b8p4	0.552971	0.621115	1.013202	0.998674	0.9691	0.987622	0.977624	0.994694	1.028103	1.000483	1.044756	1.019088	0.964067	0.983144	0.960708	0.979581	1.028986	1.019739	1.003923	1.011444	1.038394	1.018405	1.043204	1.013432	0.988958	0.97735	0.982926	0.993641
TBX2-AS1	RP11-332H18.4	ASO_G0267280_09	Targeted lncRNA	r9b8p4	0.866436	0.827349	0.997801	0.979775	1.015831	1.024368	1.002696	1.011017	0.990484	1.008053	1.033144	1.031511	1.004972	0.994486	0.99859	0.977409	0.99982	0.974827	1.013033	0.980662	1.012441	0.976307	1.01184	0.977065	0.990354	0.969448	1.006089	1.000071
RP11-333E1.1	RP11-333E1.1	ASO_G0261879_02	Targeted lncRNA	r9b8p2	0.993443	0.974152	1.024921	1.015613	1.029445	0.990207	0.988107	0.99319	0.967256	1.013205	0.983284	1.010009	1.034005	0.99773	1.030977	0.989241	0.998313	1.000116	0.994056	0.991411	1.011985	1.03251	1.017634	1.031249	1.030855	1.022561	0.986375	0.983711
RP11-333E1.1	RP11-333E1.1	ASO_G0261879_03	Targeted lncRNA	r9b8p2	0.319754	0.33118	0.987743	0.906239	0.9677	0.955523	0.980285	0.974961	1.052567	1.064963	1.063466	1.116388	0.966625	0.916975	0.96643	0.913837	1.009111	0.963885	1.000241	0.971148	0.974571	0.946679	0.969232	0.947515	0.974296	0.912536	1.00769	1.020799
RP11-333E1.1	RP11-333E1.1	ASO_G0261879_05	Targeted lncRNA	r9b8p2	0.705631	0.670251	0.980834	0.922428	0.988794	0.939444	1.00163	0.986153	1.018196	1.047767	1.044459	1.088844	0.981996	0.922403	0.972471	0.916062	0.98687	0.97809	0.986648	0.994737	0.996908	0.975794	0.997138	0.984706	0.974298	0.918745	0.997959	1.013595
RP11-333E1.1	RP11-333E1.1	ASO_G0261879_08	Targeted lncRNA	r9b8p2	0.763573	0.777435	1.034606	1.00317	1.043459	0.999722	1.003497	1.001885	0.97815	0.992602	0.993659	1.011671	1.047747	1.003294	1.038657	0.993105	0.995981	0.992377	0.999591	0.998212	1.004803	1.001875	1.00566	1.002856	1.020158	0.997511	0.997689	0.995493
RP11-333E1.1	RP11-333E1.1	ASO_G0261879_09	Targeted lncRNA	r9b8p2	0.828881	0.754236	1.033575	1.005501	1.003468	1.023871	0.999483	0.9993	0.996653	0.994179	1.00374	1.004713	1.012867	1.016531	1.006471	1.002466	1.015795	0.988096	1.010658	0.991337	1.016228	1.003323	1.0145	1.000247	1.002286	1.006086	0.998561	0.990428
RP11-333E1.1	RP11-333E1.1	ASO_G0261879_AD_01	Targeted lncRNA	r12b2ADp4	0.93951	0.969761	1.046114	1.028448	0.976189	0.975667	0.998062	0.992003	1.001702	1.03349	1.00908	1.011105	1.014693	0.997884	1.014968	1.000869	1.031367	1.032692	1.024205	1.031041	1.037892	1.040266	1.035364	1.042457	1.0304	1.011242	1.004715	1.00398
RP11-333E1.1	RP11-333E1.1	ASO_G0261879_AD_03	Targeted lncRNA	r12b2ADp4	0.921493	0.907048	1.010673	1.004243	1.024913	1.071664	1.003587	1.00848	1.002747	0.999537	1.018555	0.989177	1.023571	1.051488	1.014478	1.039582	1.006021	0.989059	1.008542	0.991571	0.983343	0.994945	0.992973	1.001619	0.993879	1.027302	1.009742	1.001056
RP11-333E1.1	RP11-333E1.1	ASO_G0261879_AD_04	Targeted lncRNA	r12b2ADp4	0.860847	0.82065	1.112079	1.055813	1.043007	1.01426	1.001541	1.000092	0.970554	0.995402	0.985715	1.027913	1.066346	1.036002	1.057495	1.03905	1.041502	1.034008	1.029963	1.023935	1.071667	1.023886	1.069719	1.033498	1.061311	1.034005	0.984634	1.009408
RP11-333E1.1	RP11-333E1.1	ASO_G0261879_AD_05	Targeted lncRNA	r12b2ADp4	0.83535	0.87479	1.035378	1.076819	1.011207	0.998845	0.988115	0.992194	1.015221	0.999586	1.036486	1.021813	1.015785	1.033767	0.998785	1.029773	1.002791	1.043164	1.008716	1.034863	1.045462	1.054077	1.044409	1.052952	1.015675	1.037624	0.994231	1.001397
RP11-333E1.1	RP11-333E1.1	ASO_G0261879_AD_07	Targeted lncRNA	r12b2ADp4	0.944511	0.900204	1.09312	0.941022	1.030455	1.016045	1.004739	0.98188	0.986503	1.010814	0.993298	1.02084	1.063264	0.965856	1.057487	0.951725	1.059061	0.972781	1.04007	0.97311	1.039917	1.000579	1.028698	0.990909	1.044767	0.957479	0.991938	0.976271
RP11-33B1.1	RP11-33B1.1	ASO_G0245958_01	Targeted lncRNA	r7b6p4	1.000826	0.936388	0.967238	0.995066	0.933134	0.927682	0.97675	0.981429	1.036579	1.036112	1.050878	1.053612	0.935226	0.94543	0.93306	0.94159	1.018454	1.02185	1.001136	1.011755	1.05167	1.033564	1.052139	1.040212	0.975442	0.977324	0.986694	0.993975
RP11-33B1.1	RP11-33B1.1	ASO_G0245958_02	Targeted lncRNA	r7b6p4	0.832041	0.800643	0.985039	0.939518	0.922532	0.924704	0.986184	0.979853	1.035292	1.065562	1.060707	1.085578	0.944481	0.923096	0.935412	0.914728	1.02769	0.996375	1.017523	0.997393	1.055946	1.012254	1.058062	1.008833	0.967664	0.941934	0.99465	0.999921
RP11-33B1.1	RP11-33B1.1	ASO_G0245958_05	Targeted lncRNA	r7b6p4	0.758451	0.694159	0.916011	0.921194	0.935484	0.918874	0.991032	0.972623	1.063402	1.048333	1.098104	1.107657	0.917367	0.905489	0.905332	0.897913	0.97502	0.997976	0.98173	0.999003	0.983263	0.999462	0.989408	1.004738	0.919955	0.918484	1.014784	1.014271
RP11-33B1.1	RP11-33B1.1	ASO_G0245958_09	Targeted lncRNA	r7b6p4	0.802488	0.766402	0.939451	1.002765	0.930484	0.902281	0.981452	0.972178	1.05053	1.059241	1.080378	1.104012	0.92667	0.931156	0.921415	0.92893	0.997738	1.02972	1.005271	1.026355	1.010264	1.061611	1.016115	1.065452	0.938218	0.956052	1.009688	1.011467
RP11-33B1.1	RP11-33B1.1	ASO_G0245958_10	Targeted lncRNA	r7b6p4	0.905164	0.828268	1.044922	0.951821	0.955449	0.997227	0.979192	1.002768	1.037431	1.032016	1.016853	1.031979	0.985039	0.976338	0.984713	0.967708	1.030627	0.97972	1.01774	0.994363	1.082602	0.968325	1.084118	0.978712	1.023927	0.967698	0.989761	1.011741
RP11-33B1.1	RP11-33B1.1	ASO_G0245958_AD_01	Targeted lncRNA	r13b3ADp5	0.93666	0.986026	0.954958	0.955166	0.998881	1.018603	1.002712	0.999949	0.995295	1.000437	1.020165	1.006209	0.988543	0.991931	0.986946	0.984462	1.004762	0.990352	1.007647	0.994084	0.969731	0.978284	0.968456	0.980519	0.958879	0.970526	1.008459	1.004348
RP11-33B1.1	RP11-33B1.1	ASO_G0245958_AD_02	Targeted lncRNA	r13b3ADp5	0.972043	0.920291	1.009612	1.039068	1.045743	1.04949	1.012518	1.013848	0.976811	0.977587	0.974213	0.971666	1.02941	1.053264	1.022799	1.039948	1.001401	1.00036	1.002848	1.001319	0.980214	0.994546	0.976812	0.988662	0.997187	1.02514	1.001983	1.000272
RP11-33B1.1	RP11-33B1.1	ASO_G0245958_AD_04	Targeted lncRNA	r13b3ADp5	0.913539	0.930861	1.065458	1.050162	0.983387	0.997566	1.000853	0.996539	1.019519	1.026387	0.987912	1.004649	1.018138	1.020739	1.015537	1.015102	1.035912	1.02265	1.017457	1.012497	1.037355	1.044385	1.039301	1.046745	1.032772	1.037593	1.001801	0.989214
RP11-33B1.1	RP11-33B1.1	ASO_G0245958_AD_06	Targeted lncRNA	r13b3ADp5	1.015485	0.920999	0.948527	0.994229	0.983576	1.003585	0.99473	1.00234	1.028399	1.007357	1.015577	1.006814	0.965709	1.009499	0.965071	1.001302	0.987857	0.997836	0.991086	1.000559	0.977589	1.000552	0.981266	0.993504	0.967583	0.995455	1.001932	0.995892
RP11-33B1.1	RP11-33B1.1	ASO_G0245958_AD_07	Targeted lncRNA	r13b3ADp5	0.930979	0.935344	0.929058	0.947395	1.004548	0.991185	0.992513	0.995061	0.99708	1.019839	0.989646	1.014132	0.977797	0.971113	0.978872	0.964706	0.985625	0.985627	0.976484	0.990363	0.976912	0.998772	0.974313	0.997427	0.965726	0.968863	0.989955	0.997616
RP11-345P4.9	RP11-345P4.9	ASO_G0272106_01	Targeted lncRNA	r14b9plusp2	0.956834	0.975449	1.108463	1.064978	1.13715	1.032301	1.017248	1.004869	0.926136	0.971355	0.905931	0.942175	1.125558	1.046823	1.116016	1.048287	0.995336	1.001026	0.990395	0.994569	1.02511	1.024589	1.006859	1.014271	1.107998	1.05005	0.973138	0.98283
RP11-345P4.9	RP11-345P4.9	ASO_G0272106_02	Targeted lncRNA	r14b9plusp2	0.941159	0.919865	0.959566	0.930631	0.971873	0.981152	0.989036	1.002	1.014779	1.01138	1.026351	1.041239	0.966782	0.960015	0.95707	0.953021	0.985088	0.978606	0.986852	0.98558	1.013215	0.978899	1.004989	0.973856	0.976035	0.94313	0.992599	1.008462
RP11-345P4.9	RP11-345P4.9	ASO_G0272106_03	Targeted lncRNA	r14b9plusp2	0.935315	0.907725	1.01381	1.015585	1.028077	0.961224	1.01034	0.984934	0.983717	1.034245	0.995981	1.081511	1.016829	0.983013	1.002505	0.977146	0.98924	1.006951	0.986284	1.018245	1.002753	1.021202	0.997378	1.023473	1.009731	0.98558	0.998984	1.016991
RP11-345P4.9	RP11-345P4.9	ASO_G0272106_07	Targeted lncRNA	r14b9plusp2	0.936123	0.858404	0.99475	1.02957	0.964526	1.015418	0.983653	0.989651	1.054895	1.00571	1.071444	1.020259	0.968885	1.018949	0.958652	1.008454	1.004809	1.016244	1.016552	1.010564	1.009414	1.035979	1.013596	1.029921	0.954084	0.999983	1.015723	0.990446
RP11-345P4.9	RP11-345P4.9	ASO_G0272106_08	Targeted lncRNA	r14b9plusp2	0.928648	0.893592	0.910241	0.988421	0.973938	1.056501	0.999627	1.007673	1.038331	0.998698	1.063432	1.014274	0.941131	1.025485	0.935955	1.017683	0.970337	0.971741	0.983807	0.989266	0.937498	0.966565	0.936734	0.961503	0.914326	0.986748	1.019405	1.004422
LINC02762	RP11-356J5.12	ASO_G0250303_03	Targeted lncRNA	r15bALLp3	0.907547	0.900577	1.038143	0.989593	1.023872	0.958329	1.008232	0.996839	1.023274	1.021644	1.007602	1.050097	1.03861	0.971658	1.03737	0.972153	1.025322	1.020268	1.022971	1.019834	0.99811	1.001982	0.998193	1.008111	1.024374	0.969454	1.004604	1.013311
LINC02762	RP11-356J5.12	ASO_G0250303_07	Targeted lncRNA	r15bALLp3	0.933725	0.981784	1.084714	1.018534	1.046182	1.007252	1.007089	1.00466	0.985249	0.993896	0.958486	0.974769	1.067093	1.015957	1.065469	1.018665	1.021273	1.015748	1.011261	1.008566	1.036245	1.022035	1.030274	1.016667	1.071797	1.02823	0.98499	0.987816
LINC02762	RP11-356J5.12	ASO_G0250303_08	Targeted lncRNA	r15bALLp3	1.013929	0.932876	0.965185	1.049662	0.996531	0.98942	0.990433	1.000498	1.009614	0.999131	0.980718	0.984549	0.964661	1.026966	0.962997	1.032301	0.990363	1.023877	0.984031	1.020245	1.028747	1.042251	1.030357	1.041683	0.984996	1.040353	0.977262	0.995278
LINC02762	RP11-356J5.12	ASO_G0250303_09	Targeted lncRNA	r15bALLp3	-0.30778	-0.377293	0.832396	0.803091	0.945014	0.915238	0.965941	0.949392	1.015755	1.017513	0.993228	0.98678	0.848947	0.829041	0.84121	0.822452	0.914246	0.910458	0.914017	0.910069	0.984217	0.994251	0.981884	0.995474	0.919055	0.921831	0.955045	0.951023
LINC02762	RP11-356J5.12	ASO_G0250303_10	Targeted lncRNA	r15bALLp3	1.004697	1.046965	1.037915	1.045151	1.088431	1.011223	1.018173	1.017304	0.940732	0.994269	0.947612	0.996828	1.072824	1.042695	1.073624	1.044703	0.998149	1.008958	0.99706	1.008087	0.97913	0.991992	0.97663	0.990362	1.04546	1.030206	1.000482	1.015287
LINC01278	RP11-357C3.3	ASO_G0235437_05	Targeted lncRNA	r6b5p4	0.934871	0.896919	0.958294	0.922367	1.037998	1.031154	0.997401	0.999045	0.993012	1.004992	0.977046	1.005116	1.00113	0.979729	0.99283	0.966997	0.960335	0.953303	0.948098	0.956872	0.994314	0.98182	0.981964	0.973226	0.997398	0.965728	0.966604	0.974258
LINC01278	RP11-357C3.3	ASO_G0235437_06	Targeted lncRNA	r6b5p4	0.663125	0.691938	0.957382	0.956333	0.994206	1.016444	1.000754	0.989784	1.036054	1.04088	1.105971	1.072075	0.986207	0.991813	0.974158	0.98177	0.998719	0.998925	1.013892	0.999906	0.984493	1.001022	0.984268	1.004384	0.938646	0.970541	1.015584	1.002215
LINC01278	RP11-357C3.3	ASO_G0235437_07	Targeted lncRNA	r6b5p4	0.553351	0.515475	0.862277	0.851638	0.974629	0.971809	0.995208	0.984944	1.073012	1.058477	1.144985	1.134319	0.924037	0.905192	0.903933	0.887487	0.953566	0.932415	0.979084	0.955054	0.936172	0.948737	0.936187	0.95447	0.882877	0.885927	1.028376	1.013814
LINC01278	RP11-357C3.3	ASO_G0235437_08	Targeted lncRNA	r6b5p4	0.748405	0.650936	0.961571	0.926547	0.999193	0.97047	0.988006	0.986427	1.014766	1.027491	1.054068	1.076486	0.985739	0.941947	0.971032	0.928739	0.99819	0.9789	1.016842	0.992972	1.018738	0.994863	1.021326	0.999242	0.960726	0.933421	1.000264	1.007589
LINC01278	RP11-357C3.3	ASO_G0235437_09	Targeted lncRNA	r6b5p4	0.832475	0.80217	0.90002	0.957434	1.000779	1.035119	0.99309	0.997569	1.018208	1.022385	1.067068	1.021008	0.957065	0.994118	0.947937	0.981704	0.978201	0.957007	0.987037	0.964709	0.971859	0.996424	0.972322	0.988194	0.923246	0.989674	0.998751	0.986755
RP11-379H18.1	RP11-379H18.1	ASO_G0271122_01	Targeted lncRNA	r14b9plusp1	0.96737	0.946165	0.885952	0.945104	0.919805	0.992159	0.975066	0.985312	1.03774	1.010272	1.037552	0.986868	0.900275	0.956638	0.898668	0.949102	0.988198	0.9837	0.990378	0.969513	0.99864	1.003686	1.009295	1.001204	0.928006	0.982429	0.994516	0.97499
RP11-379H18.1	RP11-379H18.1	ASO_G0271122_03	Targeted lncRNA	r14b9plusp1	0.983361	0.95699	0.819769	0.892162	0.901451	0.92243	0.977735	0.980925	1.04821	1.050558	1.125236	1.103672	0.861182	0.898977	0.864514	0.900092	0.973239	0.983309	0.990519	0.997286	0.944166	0.965065	0.962221	0.980848	0.85545	0.903981	1.027265	1.028022
RP11-379H18.1	RP11-379H18.1	ASO_G0271122_04	Targeted lncRNA	r14b9plusp1	0.986619	0.935125	1.045597	1.054298	0.940383	0.906465	0.977587	0.9586	1.019023	1.029232	1.027997	1.04544	0.977333	0.955547	0.983321	0.964113	1.047118	1.064456	1.023109	1.03943	1.068146	1.095177	1.064335	1.092867	1.023633	1.015597	0.988154	0.985642
RP11-379H18.1	RP11-379H18.1	ASO_G0271122_05	Targeted lncRNA	r14b9plusp1	0.942588	0.990175	0.912528	1.045582	0.952778	0.942848	0.984584	0.987829	1.054788	1.017029	1.075539	1.044132	0.933486	0.983249	0.925966	0.993248	0.975169	1.041902	0.982534	1.035317	0.993395	1.047675	0.996589	1.048301	0.944538	0.999186	1.003599	1.005896
RP11-379H18.1	RP11-379H18.1	ASO_G0271122_06	Targeted lncRNA	r14b9plusp1	1.032064	1.068351	0.934867	0.953907	1.004123	0.936422	0.99282	0.991245	0.980617	1.023399	1.008835	1.052786	0.970112	0.935587	0.969562	0.935563	0.969865	1.013777	0.971563	1.015102	0.988153	0.990985	0.985547	0.994808	0.973271	0.933047	0.997502	1.012408
RP11-37B2.1	RP11-37B2.1	ASO_G0251136_02	Targeted lncRNA	r15bALLp4	1.109737	1.106114	1.045204	0.992283	1.039722	0.960776	0.989999	0.996374	0.939288	1.055267	0.92194	1.049916	1.020104	0.981546	1.025736	0.983174	1.019637	1.024372	0.98	1.02052	1.076272	1.006282	1.064346	1.008545	1.06457	0.978954	0.953144	1.011198
RP11-37B2.1	RP11-37B2.1	ASO_G0251136_04	Targeted lncRNA	r15bALLp4	0.95872	0.844231	0.949159	0.978624	0.949647	0.946357	0.985449	0.988477	1.046035	1.051933	1.060103	1.079065	0.948511	0.96289	0.945593	0.964539	1.008514	1.026189	1.008142	1.025818	0.99206	0.987673	1.00011	0.992216	0.947625	0.955119	1.010196	1.026487
RP11-37B2.1	RP11-37B2.1	ASO_G0251136_07	Targeted lncRNA	r15bALLp4	0.885125	0.891462	0.978743	1.018098	1.012541	1.017144	0.998256	1.000299	1.025909	0.999486	1.015789	0.996224	0.993717	1.020659	0.988562	1.019247	0.996707	1.003862	0.998773	1.005213	0.985342	1.012012	0.983102	1.008767	0.982972	1.012434	1.003638	0.994596
RP11-37B2.1	RP11-37B2.1	ASO_G0251136_08	Targeted lncRNA	r15bALLp4	0.923072	0.98883	1.027586	1.011049	0.99421	0.977156	0.996782	0.98807	1.003058	1.02464	0.992585	1.02938	1.008958	0.988909	1.013122	0.982322	1.014894	1.005303	1.006102	1.002405	1.014051	1.018197	1.015314	1.018966	1.01614	0.998281	0.996011	0.999751
RP11-37B2.1	RP11-37B2.1	ASO_G0251136_09	Targeted lncRNA	r15bALLp4	0.996695	0.996028	1.003783	1.028684	1.010068	0.993312	1.002318	0.987163	0.987338	1.024367	0.979321	1.008918	1.007052	1.016228	1.008976	1.014043	0.995088	1.020112	0.989348	1.015275	1.016391	1.035145	1.013815	1.03496	1.012924	1.017468	0.988385	0.997109
RP11-38L15.3	RP11-38L15.3	ASO_G0231187_01	Targeted lncRNA	r3b2p6	0.992256	0.921593	0.996923	1.086552	0.975037	1.002855	0.985782	1.006976	1.010116	1.030812	1.01354	0.970221	0.985289	1.038539	0.985322	1.03875	1.008549	1.009295	1.004728	1.005712	1.040556	1.038516	1.043256	1.034033	1.005908	1.05172	0.994832	0.994591
RP11-38L15.3	RP11-38L15.3	ASO_G0231187_02	Targeted lncRNA	r3b2p6	0.579089	0.717554	0.78538	0.84022	0.784224	0.815015	0.940537	0.945705	1.153635	1.122124	1.245214	1.219405	0.76658	0.809496	0.773659	0.814535	1.0282	1.026777	1.030677	1.029153	0.95361	0.979644	0.981592	0.998591	0.786464	0.830923	1.046926	1.037761
RP11-38L15.3	RP11-38L15.3	ASO_G0231187_04	Targeted lncRNA	r3b2p6	1.034878	1.005951	0.960816	1.015503	1.027384	1.040904	1.004389	1.012316	1.031439	0.982593	1.000504	0.985225	1.00467	1.027401	1.000364	1.026467	0.96217	0.993035	0.972691	0.994785	0.963694	0.981831	0.972649	0.981384	0.986638	1.017635	0.999876	1.001384
RP11-38L15.3	RP11-38L15.3	ASO_G0231187_07	Targeted lncRNA	r3b2p6	1.048945	0.957421	0.939516	0.986269	0.975504	1.003758	1.001289	0.996299	1.024925	0.991997	1.036919	1.004274	0.964496	0.993311	0.966091	0.996745	0.977524	0.991104	0.990481	0.98775	0.966956	0.99151	0.972911	0.996105	0.953453	0.99984	1.008001	1.002689
RP11-38L15.3	RP11-38L15.3	ASO_G0231187_08	Targeted lncRNA	r3b2p6	0.967399	1.015239	0.927062	1.005418	0.946773	0.954655	0.986605	0.996374	1.047186	1.004556	1.045779	1.06078	0.939786	0.978975	0.935787	0.981209	0.993881	1.019755	0.99958	1.029718	0.993623	0.987732	1.000066	0.997043	0.936543	0.971542	1.006772	1.025556
RP11-390P2.4	RP11-390P2.4	ASO_G0225177_01	Targeted lncRNA	r16bALLp1	1.042983	1.028136	0.99574	1.039677	1.043699	1.070184	0.999234	1.00678	0.972441	0.976545	0.942372	0.972628	1.015468	1.069381	1.008894	1.059634	0.970359	0.997983	0.964891	1.004151	1.017281	1.003271	1.010755	0.994481	1.026316	1.035414	0.96559	0.985717
RP11-390P2.4	RP11-390P2.4	ASO_G0225177_02	Targeted lncRNA	r16bALLp1	0.944628	0.886565	0.99692	1.039173	1.009031	0.952702	0.989933	0.984122	0.995812	1.04181	0.99677	1.054811	0.988051	0.988608	0.981754	0.990689	0.9956	1.027278	1.000602	1.041744	1.021242	1.041978	1.024324	1.050084	0.993013	0.99861	0.9861	1.014421
RP11-390P2.4	RP11-390P2.4	ASO_G0225177_06	Targeted lncRNA	r16bALLp1	0.917115	0.925281	1.04772	1.068637	0.983022	1.01332	0.993724	1.002468	1.014166	0.972936	1.027406	0.963096	1.02204	1.05216	1.025717	1.050317	1.033032	1.015044	1.032404	1.0162	1.028115	1.036671	1.028972	1.03116	1.016132	1.0528	1.006449	0.993715
RP11-390P2.4	RP11-390P2.4	ASO_G0225177_07	Targeted lncRNA	r16bALLp1	0.91816	1.040389	1.073762	1.019317	1.051675	0.973552	1.004688	0.994645	0.993104	1.001239	0.971202	0.991338	1.071175	0.99234	1.066322	0.991339	1.012837	1.009072	1.015706	1.003593	1.019686	1.032756	1.0202	1.033042	1.05707	1.007571	0.992409	0.990994
RP11-390P2.4	RP11-390P2.4	ASO_G0225177_10	Targeted lncRNA	r16bALLp1	0.999824	1.001336	0.964602	0.982271	0.982598	1.02043	0.993776	0.993285	1.005922	0.986373	0.997853	0.971906	0.976802	1.000598	0.972419	0.995786	0.983626	0.981289	0.985735	0.98321	1.007243	0.999249	1.005389	0.999461	0.989662	1.003836	0.98872	0.987302
MUC12-AS1	RP11-395B7.4	ASO_G0227053_01	Targeted lncRNA	r4b4p4	1.063046	1.073245	1.017122	1.006008	0.974442	0.978783	0.987201	0.990409	0.991487	0.985261	0.980206	0.999571	0.968984	0.977301	0.969725	0.984889	1.002281	0.995237	0.982445	0.985041	1.050556	1.017701	1.055758	1.016491	1.014271	1.005703	0.974093	0.987365
MUC12-AS1	RP11-395B7.4	ASO_G0227053_03	Targeted lncRNA	r4b4p4	0.932929	0.810474	0.991721	0.996072	0.963408	1.011144	0.991178	1.000264	1.031958	1.015603	1.084605	1.017822	0.970037	0.999476	0.973236	1.001635	1.018316	0.993031	1.016779	0.98787	0.989891	1.004701	0.987731	0.997153	0.956406	1.006155	1.026661	0.992743
MUC12-AS1	RP11-395B7.4	ASO_G0227053_04	Targeted lncRNA	r4b4p4	0.931768	0.924697	0.940342	0.993078	0.868704	0.894512	0.965209	0.966562	1.063513	1.043813	1.077905	1.040709	0.867329	0.89907	0.874261	0.918146	0.990898	1.035659	0.990718	1.012264	1.017331	1.058541	1.028168	1.071275	0.928228	0.968095	1.005843	1.003202
MUC12-AS1	RP11-395B7.4	ASO_G0227053_07	Targeted lncRNA	r4b4p4	0.635631	0.646139	0.918158	0.868923	0.873574	0.900646	0.966555	0.969859	1.146706	1.104482	1.234107	1.185657	0.882271	0.871804	0.876309	0.867283	1.017785	0.993461	1.025306	1.008467	0.962264	0.942401	0.975267	0.958284	0.871642	0.8634	1.05053	1.04341
MUC12-AS1	RP11-395B7.4	ASO_G0227053_08	Targeted lncRNA	r4b4p4	0.975059	0.90555	0.925167	0.952433	0.974932	0.946175	0.989724	0.983005	1.046199	1.03678	1.035063	1.069611	0.933322	0.94067	0.929649	0.943807	0.980596	1.000916	0.990367	0.99393	0.987235	0.993134	1.000799	1.008658	0.937713	0.956347	1.004863	1.012374
RP11-398K22.12	RP11-398K22.12	ASO_G0229852_01	Targeted lncRNA	r2b1p6	1.003918	1.072181	0.989262	0.974779	0.950927	0.981325	0.990511	0.993623	1.039624	1.018761	1.03882	1.04161	0.960607	0.977108	0.971548	0.980378	1.011054	0.998906	1.003104	1.000304	1.012903	1.001181	1.016096	1.007789	0.974536	0.974343	1.008109	1.00939
RP11-398K22.12	RP11-398K22.12	ASO_G0229852_03	Targeted lncRNA	r2b1p6	0.921437	0.834253	1.065727	1.046761	0.892906	0.828634	0.962537	0.942811	0.983525	1.034983	0.859186	0.904758	0.928017	0.877283	0.950252	0.904805	1.057351	1.064001	1.000593	1.001658	1.188517	1.207702	1.167843	1.195524	1.076516	1.062266	0.915843	0.925792
RP11-398K22.12	RP11-398K22.12	ASO_G0229852_04	Targeted lncRNA	r2b1p6	0.997683	0.981795	0.961258	1.000128	0.913567	0.947267	0.981725	0.994349	1.054694	1.014774	1.105713	1.048121	0.931868	0.963775	0.936965	0.971132	1.008386	1.02034	1.01275	1.025849	1.002414	1.007555	1.009875	1.016889	0.936884	0.971586	1.024546	1.016499
RP11-398K22.12	RP11-398K22.12	ASO_G0229852_05	Targeted lncRNA	r2b1p6	0.869817	0.868363	0.951552	1.038099	0.902464	0.914443	0.974979	0.980866	1.063958	1.034775	1.079848	1.022566	0.916586	0.949247	0.914742	0.952621	1.008129	1.039805	1.019025	1.023104	1.042568	1.087306	1.044034	1.087538	0.932258	1.002498	1.004554	0.993094
RP11-398K22.12	RP11-398K22.12	ASO_G0229852_07	Targeted lncRNA	r2b1p6	0.982995	0.949049	1.040565	0.966747	0.955922	0.927098	0.986896	0.977614	1.006951	1.010267	1.027696	1.015969	0.980626	0.936903	0.983513	0.946192	1.031327	1.005496	1.019114	0.99969	1.050745	1.0427	1.053963	1.057174	1.002952	0.981742	1.00373	0.99022
RP11-398K22.12	RP11-398K22.12	ASO_G0229852_AD_01	Targeted lncRNA	r13b3ADp3	1.021879	0.985478	0.935368	1.077614	1.042078	1.011154	1.00619	0.995576	0.964736	1.010836	1.016744	1.003709	0.999083	1.039349	0.989782	1.031191	0.962676	1.019466	0.975735	1.014918	0.955121	1.027547	0.948635	1.01903	0.961098	1.029199	1.006862	0.992171
RP11-398K22.12	RP11-398K22.12	ASO_G0229852_AD_02	Targeted lncRNA	r13b3ADp3	0.960569	0.89879	0.956331	1.053492	0.954842	1.006996	0.981467	0.993023	1.041114	1.025307	1.062504	1.015305	0.952403	1.027343	0.946021	1.026833	0.984095	1.027657	0.991804	1.025849	1.004607	1.023796	1.00693	1.027089	0.958583	1.017702	1.00055	1.002851
RP11-398K22.12	RP11-398K22.12	ASO_G0229852_AD_03	Targeted lncRNA	r13b3ADp3	0.931958	0.907014	0.956166	1.105272	1.015668	0.972386	1.000615	0.990078	1.011815	1.022509	1.017301	1.037473	0.992956	1.019374	0.990253	1.020769	0.978435	1.052802	0.983052	1.043649	0.97609	1.071468	0.974156	1.061682	0.97281	1.034373	1.00071	1.005122
RP11-398K22.12	RP11-398K22.12	ASO_G0229852_AD_08	Targeted lncRNA	r13b3ADp3	0.889152	0.894504	0.987343	0.973856	1.054209	1.019791	1.012072	1.004578	0.981839	0.999115	1.003538	1.027335	1.032126	0.992389	1.030116	0.987814	0.973325	0.987159	0.980869	0.988602	0.96067	0.967687	0.966822	0.970864	1.000791	0.963582	1.014647	1.00736
RP11-398K22.12	RP11-398K22.12	ASO_G0229852_AD_09	Targeted lncRNA	r13b3ADp3	1.029386	0.989725	1.062119	1.105842	1.005209	0.997566	0.994397	0.998357	0.994994	1.025697	1.001577	1.013248	1.015185	1.046969	1.012572	1.045776	1.013105	1.044893	1.00268	1.031635	1.036623	1.032288	1.033188	1.034495	1.030082	1.04572	0.990181	1.003684
LINC01615	RP11-417E7.1	ASO_G0223485_01	Targeted lncRNA	r1b0p6	0.776261	0.695876	1.012747	0.932755	1.049309	0.904947	1.006066	0.976982	0.99458	1.05045	0.949661	1.099229	1.031927	0.909674	1.024015	0.906309	0.969817	1.001244	0.979636	1.017219	1.000229	1.037521	0.997283	1.03553	1.025511	0.920717	0.980375	1.006004
LINC01615	RP11-417E7.1	ASO_G0223485_02	Targeted lncRNA	r1b0p6	0.977206	1.021807	1.067696	1.082526	0.974618	1.004254	0.990548	0.992253	0.977438	0.986228	0.964502	1.004034	1.008971	1.033856	1.016816	1.037341	1.038897	1.03567	1.027452	1.03504	1.062433	1.033547	1.065079	1.037336	1.047289	1.037747	0.990438	1.013964
LINC01615	RP11-417E7.1	ASO_G0223485_03	Targeted lncRNA	r1b0p6	0.836879	0.916395	0.985803	1.032294	0.941917	0.877165	0.983303	0.974881	1.039074	1.059841	0.997945	1.055765	0.951459	0.927916	0.952712	0.935652	1.004043	1.0475	0.995255	1.03141	1.063007	1.090715	1.0734	1.097611	1.002283	0.988056	0.983116	1.004416
LINC01615	RP11-417E7.1	ASO_G0223485_04	Targeted lncRNA	r1b0p6	1.00145	1.058672	1.212419	1.016446	1.132309	1.109611	1.013577	1.016113	1.058567	0.95661	0.917275	0.95912	1.16205	1.074999	1.160373	1.066159	1.036088	0.96867	1.025297	0.973947	1.025735	0.965178	1.02096	0.96064	1.154251	1.049121	0.983481	0.993495
LINC01615	RP11-417E7.1	ASO_G0223485_05	Targeted lncRNA	r1b0p6	1.002177	0.930132	0.818083	0.856387	0.79311	0.82911	0.944767	0.960921	1.144039	1.135948	1.176443	1.130042	0.787427	0.831042	0.791218	0.8337	1.002869	0.999698	1.006078	1.000563	1.027475	1.01955	1.048789	1.043542	0.843496	0.877412	1.016352	1.011223
LINC01615	RP11-417E7.1	ASO_G0223485_AD_01	Targeted lncRNA	r10b0ADp6	0.991108	0.969441	0.931091	0.964049	1.017614	1.061037	0.995064	1.014681	0.981812	0.992127	0.965215	0.985271	0.975305	1.018386	0.973725	1.009941	0.982941	0.965963	0.965357	0.9777	1.032434	0.950096	1.016795	0.947069	0.981264	0.984684	0.956595	1.007063
LINC01615	RP11-417E7.1	ASO_G0223485_AD_04	Targeted lncRNA	r10b0ADp6	0.770819	0.713508	0.873582	0.807665	0.936152	0.934873	0.983014	0.983383	1.040101	1.069399	1.063636	1.141335	0.893516	0.870395	0.879093	0.852868	0.952448	0.947082	0.960489	0.965371	1.01014	0.931871	0.999061	0.93316	0.907441	0.84245	0.985961	1.018057
LINC01615	RP11-417E7.1	ASO_G0223485_AD_06	Targeted lncRNA	r10b0ADp6	1.047345	0.948839	0.909058	0.975675	1.06417	0.950451	0.989625	0.983126	0.96855	1.0561	0.954553	1.095297	0.991662	0.964997	0.984697	0.9591	0.943306	1.026934	0.927879	1.022691	1.014432	1.007339	0.988354	1.013982	0.995658	0.960767	0.951894	1.019927
LINC01615	RP11-417E7.1	ASO_G0223485_AD_07	Targeted lncRNA	r10b0ADp6	0.839058	0.87639	0.922605	0.910901	1.003137	0.958633	0.999085	0.988712	1.010079	1.059081	1.045468	1.130071	0.971245	0.944705	0.960095	0.932142	0.986672	1.011209	0.984656	1.010808	1.014655	0.985108	0.991979	0.984784	0.950616	0.912959	0.987876	1.023067
LINC01615	RP11-417E7.1	ASO_G0223485_AD_08	Targeted lncRNA	r10b0ADp6	1.00511	1.017764	0.880393	0.956295	1.009493	0.995445	0.995234	0.998305	0.962535	1.004021	0.988638	1.033558	0.947742	0.981867	0.945454	0.980845	0.959295	0.999414	0.936947	0.993628	1.005781	0.983184	0.982962	0.983347	0.950811	0.970217	0.962104	1.006971
LINC01137	RP11-422J8.1	ASO_G0233621_01	Targeted lncRNA	r6b5p2	0.210417	0.196739	0.771927	0.850548	0.861302	0.913017	0.95898	0.971413	1.220542	1.112418	1.322114	1.19263	0.823439	0.88116	0.79946	0.867937	0.909608	0.951684	0.972871	0.98381	0.839518	0.928109	0.858813	0.931292	0.790249	0.859661	1.092738	1.043691
LINC01137	RP11-422J8.1	ASO_G0233621_04	Targeted lncRNA	r6b5p2	0.711579	0.825118	1.037957	0.993267	0.979116	0.983585	0.978263	0.991899	1.009034	1.022289	0.996687	1.017246	0.993266	0.979164	0.991175	0.974726	1.005302	0.997351	0.990364	0.998758	1.065262	1.025447	1.061136	1.025511	1.033916	0.993034	0.982901	0.997871
LINC01137	RP11-422J8.1	ASO_G0233621_05	Targeted lncRNA	r6b5p2	0.621218	0.718367	0.948095	1.010613	1.025018	1.061272	1.001702	0.999275	1.036908	1.006135	1.042654	0.998975	0.984283	1.02876	0.96825	1.017441	0.948446	0.96884	0.967136	0.965967	0.958688	1.003865	0.95815	0.994587	0.95452	1.023282	1.010174	0.989889
LINC01137	RP11-422J8.1	ASO_G0233621_06	Targeted lncRNA	r6b5p2	0.883062	0.949462	1.0135	0.996706	1.010978	0.998038	0.995322	0.998001	1.014159	1.018006	1.022085	0.988472	1.014105	0.996418	1.002093	0.994807	1.006008	0.995112	1.00334	0.990176	1.019591	0.991284	1.0191	0.992191	1.005715	1.004081	1.005335	1.001468
LINC01137	RP11-422J8.1	ASO_G0233621_09	Targeted lncRNA	r6b5p2	1.011764	1.03554	0.978209	0.994082	0.94172	0.894054	0.995383	0.986289	1.045867	1.033554	1.031597	1.002118	0.954845	0.927792	0.96176	0.948807	1.02746	1.042741	1.026323	1.019275	0.998344	1.033302	1.001009	1.03662	0.957538	0.975519	1.008069	1.005269
RP11-428J1.5	RP11-428J1.5	ASO_G0272142_01	Targeted lncRNA	r14b9plusp2	0.842464	0.795474	0.95187	0.958955	0.985119	0.973469	0.987379	0.983269	1.002653	1.033052	1.030818	1.040874	0.956124	0.955052	0.953561	0.948948	0.971657	0.982194	0.974348	0.973581	1.008447	1.021268	1.003963	1.01088	0.964696	0.972522	0.993366	0.989831
RP11-428J1.5	RP11-428J1.5	ASO_G0272142_02	Targeted lncRNA	r14b9plusp2	0.760632	0.777294	0.924687	0.956305	0.987666	0.955242	0.993461	0.986309	1.01237	1.048828	1.01105	1.081425	0.954158	0.960084	0.942553	0.949606	0.954704	0.983708	0.972103	1.010997	0.986694	0.983495	0.980191	0.977551	0.948352	0.940966	0.989848	1.01708
RP11-428J1.5	RP11-428J1.5	ASO_G0272142_03	Targeted lncRNA	r14b9plusp2	0.966821	0.993846	0.98158	0.9935	1.092677	1.088564	1.021533	1.019023	0.944709	0.960007	0.969377	0.978813	1.058208	1.048459	1.054679	1.046731	0.973799	0.964353	0.985055	0.974219	0.916461	0.946498	0.918895	0.950967	0.995863	1.011955	1.019912	1.012411
RP11-428J1.5	RP11-428J1.5	ASO_G0272142_05	Targeted lncRNA	r14b9plusp2	0.834464	0.862547	0.880307	0.87638	0.890334	0.903871	0.9878	0.982362	1.087374	1.082969	1.190767	1.183707	0.885498	0.888832	0.881521	0.885252	0.995662	0.992886	1.015991	1.012059	0.951475	0.943636	0.959375	0.955263	0.867659	0.868315	1.053684	1.051646
RP11-428J1.5	RP11-428J1.5	ASO_G0272142_07	Targeted lncRNA	r14b9plusp2	0.924863	0.999953	1.050757	1.038515	1.034207	0.990734	1.00561	1.001954	0.997162	1.017424	0.997157	1.0432	1.041847	1.020789	1.035713	1.019593	1.006408	1.029759	1.017801	1.029207	1.020153	1.004599	1.020114	0.998094	1.027578	0.997031	1.008206	1.016751
RP11-432J22.2	RP11-432J22.2	ASO_G0238058_01	Targeted lncRNA	r7b6p1	1.02206	1.074121	1.062421	1.105827	0.994768	1.004924	1.011629	1.008574	0.941424	0.973754	0.960955	0.913849	1.036237	1.052549	1.040655	1.067756	1.023668	1.045684	1.020952	1.027052	1.030113	1.074831	1.026505	1.06375	1.053264	1.081294	0.999429	0.972559
RP11-432J22.2	RP11-432J22.2	ASO_G0238058_03	Targeted lncRNA	r7b6p1	0.853812	0.948166	0.980527	0.957153	0.98441	0.938736	1.004341	0.995805	0.979997	1.011756	0.994324	1.035107	0.986603	0.950178	0.988405	0.958505	1.009064	1.007842	1.006736	1.010063	1.011023	0.997306	1.008024	0.999372	0.983373	0.956449	0.996338	1.007252
RP11-432J22.2	RP11-432J22.2	ASO_G0238058_07	Targeted lncRNA	r7b6p1	0.840756	0.948055	1.010786	0.964268	0.944946	0.978388	0.992163	1.000158	1.028689	1.009314	1.062327	1.000951	0.971044	0.959874	0.97	0.964166	1.017868	0.983101	1.015216	0.979347	1.03829	0.994458	1.048079	0.998564	0.995144	0.977574	1.006388	0.995762
RP11-432J22.2	RP11-432J22.2	ASO_G0238058_08	Targeted lncRNA	r7b6p1	0.868914	0.986579	0.983146	1.010839	0.928829	1.033631	0.984926	1.015254	1.020153	0.990075	1.080498	0.991518	0.935837	1.03325	0.935172	1.035864	1.002761	0.992448	1.012754	1.006469	1.01478	0.973476	1.022958	0.968296	0.9538	1.005192	1.014736	1.012787
LINC01719	RP11-458D21.1	ASO_G0233396_01	Targeted lncRNA	r2b1p6	0.989706	0.928271	0.900668	1.069745	0.938886	0.983756	0.986982	0.999458	1.055556	1.065866	1.069825	1.037588	0.908773	1.026582	0.910493	1.027398	0.977171	1.030358	0.98661	1.032408	0.976044	1.02429	0.990601	1.028707	0.911822	1.012621	1.00837	1.010415
LINC01719	RP11-458D21.1	ASO_G0233396_02	Targeted lncRNA	r2b1p6	0.949752	0.943499	1.059193	1.024006	1.026245	1.04209	1.001835	1.005358	0.998896	0.975818	1.021841	0.995106	1.043881	1.041876	1.050987	1.049583	1.021634	1.006624	1.022824	1.00271	1.011317	0.992855	1.015275	0.994658	1.031561	1.017277	1.013098	1.0101
LINC01719	RP11-458D21.1	ASO_G0233396_06	Targeted lncRNA	r2b1p6	1.052892	1.021141	0.920967	0.883901	0.915613	0.883554	0.981378	0.979947	1.092957	1.053406	1.130332	1.089357	0.921619	0.875291	0.921072	0.883011	0.991671	0.984333	1.013976	0.995751	0.974049	0.982975	0.986527	1.001676	0.91029	0.896642	1.033597	1.019494
LINC01719	RP11-458D21.1	ASO_G0233396_07	Targeted lncRNA	r2b1p6	0.267204	0.388842	0.850322	0.844694	0.875405	0.874881	0.95929	0.969245	1.033074	1.030332	0.989937	1.022256	0.813519	0.828179	0.819054	0.840751	0.961996	0.97753	0.94448	0.958457	1.040292	1.017465	1.044732	1.019564	0.905295	0.893399	0.954569	0.971379
LINC01719	RP11-458D21.1	ASO_G0233396_10	Targeted lncRNA	r2b1p6	0.953864	0.941749	0.968322	0.946813	0.858446	0.877297	0.974029	0.979355	1.07097	1.085804	1.100423	1.095662	0.904165	0.899175	0.918317	0.913428	1.054088	1.043859	1.047673	1.036353	1.04188	1.014388	1.047116	1.032366	0.933763	0.924889	1.021596	1.027171
FOXC2-AS1	RP11-463O9.5	ASO_G0260944_03	Targeted lncRNA	r9b8p1	0.94629	0.972202	1.027296	1.035304	1.004153	1.046243	0.989441	1.003844	0.999172	0.952602	0.972324	0.925011	1.015102	1.045106	1.012357	1.043641	0.99212	0.980528	0.976	0.972967	1.019309	1.033834	1.026255	1.022994	1.037983	1.062162	0.986725	0.968706
FOXC2-AS1	RP11-463O9.5	ASO_G0260944_04	Targeted lncRNA	r9b8p1	0.816576	0.867297	1.040139	1.044683	1.048223	1.013173	1.004243	0.989794	0.982211	0.973615	0.978421	0.985948	1.042499	1.022205	1.035415	1.018928	0.990896	1.014504	0.990213	1.001948	1.010595	1.029765	1.004355	1.027725	1.026178	1.023737	0.986583	0.989438
FOXC2-AS1	RP11-463O9.5	ASO_G0260944_05	Targeted lncRNA	r9b8p1	0.659688	0.673803	0.960507	0.944124	0.963688	0.982731	0.989705	0.993164	1.035294	1.004134	1.065668	1.035754	0.950773	0.960985	0.945036	0.954586	0.99727	0.989894	1.00501	0.992539	0.988484	0.981594	0.99561	0.984892	0.943881	0.952647	1.013774	1.001238
FOXC2-AS1	RP11-463O9.5	ASO_G0260944_06	Targeted lncRNA	r9b8p1	0.907107	0.905972	1.017087	1.067586	1.060083	1.098032	0.998841	1.011426	0.968784	0.938904	0.960373	0.926703	1.030315	1.098671	1.026786	1.09582	0.980525	1.004129	0.977715	0.996586	1.013152	1.023818	1.009803	1.014336	1.026342	1.077675	0.981597	0.980928
FOXC2-AS1	RP11-463O9.5	ASO_G0260944_08	Targeted lncRNA	r9b8p1	0.809451	0.842721	0.977132	1.015782	1.051115	1.103117	0.999202	1.014822	0.945648	0.929749	0.944601	0.923032	1.014655	1.071415	1.006886	1.059466	0.961989	0.973163	0.961682	0.967077	1.005843	1.016548	1.003669	1.00309	1.01968	1.051928	0.9769	0.969613
ZNF213-AS1	RP11-473M20.14	ASO_G0263072_01	Targeted lncRNA	r2b1p5	-0.118517	-0.113731	0.740187	0.742816	0.76904	0.791456	0.899146	0.914015	1.212462	1.206183	1.387029	1.341839	0.718553	0.73394	0.710923	0.726046	0.933634	0.920693	0.956154	0.939085	0.892301	0.897528	0.911079	0.912411	0.752603	0.769151	1.063823	1.055471
ZNF213-AS1	RP11-473M20.14	ASO_G0263072_02	Targeted lncRNA	r2b1p5	0.616703	0.619363	0.910079	0.892404	0.877991	0.856273	0.973546	0.969101	1.056111	1.067332	1.042242	1.116823	0.8865	0.869993	0.906539	0.888517	1.018205	1.033633	1.006077	1.023858	1.003875	0.986496	0.99816	0.983759	0.927293	0.888288	0.999835	1.025024
ZNF213-AS1	RP11-473M20.14	ASO_G0263072_03	Targeted lncRNA	r2b1p5	0.908533	0.982285	0.990091	1.043785	0.97855	0.913785	0.998214	0.983763	1.027475	1.054732	1.079215	1.085665	0.986906	0.955554	0.975784	0.959035	1.005666	1.044852	1.020336	1.044556	0.982258	1.0301	0.984334	1.030054	0.960998	0.966974	1.028299	1.027788
ZNF213-AS1	RP11-473M20.14	ASO_G0263072_05	Targeted lncRNA	r2b1p5	0.774081	0.796316	0.979687	1.023401	0.926656	0.930576	0.97293	0.976702	1.037629	1.03334	1.049313	1.086366	0.932927	0.962129	0.932454	0.953964	1.013371	1.037368	1.000227	1.03529	1.07115	1.051018	1.069852	1.046139	0.982047	0.971205	0.991533	1.010156
ZNF213-AS1	RP11-473M20.14	ASO_G0263072_06	Targeted lncRNA	r2b1p5	0.577877	0.526436	0.882132	0.847806	0.946658	1.004234	0.997387	1.008575	1.038011	1.015596	1.063471	1.062591	0.919503	0.939088	0.922384	0.930732	0.953363	0.93413	0.976038	0.962525	0.931942	0.886256	0.933983	0.885895	0.909163	0.891324	1.021213	1.022827
RP11-474B16.1	RP11-474B16.1	ASO_G0257642_01	Targeted lncRNA	r8b7p5	0.956965	0.941797	0.92698	0.912038	0.98432	0.993205	0.991744	0.991751	0.966697	1.016333	1.004206	1.05709	0.956743	0.945839	0.965961	0.943412	0.983295	0.973484	0.97089	0.982363	1.00718	0.952985	1.000013	0.956853	0.974704	0.92617	0.979278	1.003207
RP11-474B16.1	RP11-474B16.1	ASO_G0257642_02	Targeted lncRNA	r8b7p5	0.968923	0.887962	0.93427	0.965364	0.980509	0.959472	0.982966	0.988295	1.017528	1.010191	1.02973	1.070582	0.943359	0.963505	0.935355	0.959722	0.966941	0.991546	0.970143	0.99594	0.992755	1.009423	0.985295	1.016789	0.94904	0.965284	0.984842	1.00248
RP11-474B16.1	RP11-474B16.1	ASO_G0257642_03	Targeted lncRNA	r8b7p5	0.530904	0.504792	0.810278	0.822678	0.96716	0.960711	0.972647	0.972592	1.057241	1.063479	1.138841	1.138976	0.869071	0.883342	0.855495	0.868796	0.894494	0.935731	0.917134	0.956785	0.90056	0.93049	0.904095	0.943239	0.861127	0.865952	1.013167	1.010581
RP11-474B16.1	RP11-474B16.1	ASO_G0257642_05	Targeted lncRNA	r8b7p5	1.001601	0.903896	0.97578	0.954174	1.031303	0.977009	1.001413	0.996927	0.95528	1.032133	0.968115	1.033651	1.005249	0.966239	0.998474	0.961942	0.996792	0.992947	0.982057	0.998956	1.035007	0.987636	1.013741	0.992854	1.009905	0.965716	0.967051	1.002263
RP11-474B16.1	RP11-474B16.1	ASO_G0257642_09	Targeted lncRNA	r8b7p5	0.840904	0.815296	0.995148	0.965795	1.03517	1.054607	1.001651	0.992587	0.982652	1.031401	0.947149	1.021755	1.003027	1.021836	1.002249	1.025302	0.990235	0.978907	0.964022	0.977619	1.054085	0.974831	1.032122	0.973718	1.029672	1.006709	0.953835	0.997368
RP11-474B16.1	RP11-474B16.1	ASO_G0257642_AD_04	Targeted lncRNA	r11b1ADp5	0.971719	0.926908	1.007943	0.97848	1.023616	1.018872	1.004548	0.987425	0.988697	1.010733	0.976462	1.010344	1.010665	1.004743	1.008935	0.998604	0.993299	0.987464	0.998746	0.966113	0.993439	0.984187	0.994595	0.987368	1.002265	0.997614	0.99104	0.991455
RP11-474B16.1	RP11-474B16.1	ASO_G0257642_AD_06	Targeted lncRNA	r11b1ADp5	0.794303	0.767591	0.988484	1.020348	1.057714	1.042684	1.006978	1.001776	0.986154	0.98343	0.988077	0.969653	1.021154	1.01572	1.007769	1.005708	0.956659	0.977023	0.954542	0.973421	0.987615	0.999637	0.979538	0.990088	1.002412	1.009289	0.986136	0.984254
RP11-474B16.1	RP11-474B16.1	ASO_G0257642_AD_10	Targeted lncRNA	r11b1ADp5	0.848153	0.809438	1.012837	1.049277	1.020356	1.016748	1.006285	0.99553	0.997147	1.001995	1.00505	1.019725	1.014242	1.020607	1.003383	1.011494	0.98201	1.002761	0.985075	1.010024	0.999772	1.023295	1.002098	1.018552	1.005104	1.01421	0.998272	1.01232
RP11-474P2.4	RP11-474P2.4	ASO_C0019316_01	Targeted lncRNA	r5b3p2	1.197338	1.01702	0.926952	0.966298	0.978229	1.020485	1.00481	0.996169	1.009577	1.024835	1.021871	0.994141	0.958858	0.976708	0.960686	0.977452	0.975509	0.975961	0.985785	0.973747	0.965527	0.982707	0.959859	0.993801	0.955057	0.992523	1.003711	0.998291
RP11-474P2.4	RP11-474P2.4	ASO_C0019316_02	Targeted lncRNA	r5b3p2	0.969295	0.975499	0.929612	0.960778	0.926586	0.971787	0.988352	0.998601	1.036134	1.01993	1.079319	1.054598	0.925199	0.967135	0.92706	0.962406	1.003288	0.99708	1.012781	1.004737	0.986266	0.99351	0.996681	1.000459	0.927464	0.961801	1.02056	1.019156
RP11-474P2.4	RP11-474P2.4	ASO_C0019316_04	Targeted lncRNA	r5b3p2	0.864753	0.939027	0.938779	0.878471	0.930859	0.899878	0.988065	0.975132	1.02829	1.099388	1.059216	1.132135	0.922474	0.883429	0.92394	0.8762	0.982405	0.987412	0.986354	1.001929	0.999379	0.9861	1.014052	0.991271	0.942196	0.881625	1.011724	1.023948
RP11-474P2.4	RP11-474P2.4	ASO_C0019316_07	Targeted lncRNA	r5b3p2	1.051428	1.03813	0.947488	1.000253	0.973849	0.976873	0.986051	0.997146	1.024798	1.040586	1.050247	1.054051	0.955546	0.981528	0.953533	0.980297	1.00141	1.015266	1.003101	1.018142	0.991437	1.013442	0.996877	1.017492	0.947732	0.97997	1.008484	1.01764
RP11-474P2.4	RP11-474P2.4	ASO_C0019316_08	Targeted lncRNA	r5b3p2	0.943223	0.982724	0.99282	0.952993	0.985881	0.947179	0.994891	0.985869	1.028671	1.056776	1.053642	1.064024	0.989493	0.950568	0.98154	0.947295	1.023139	1.010935	1.01758	1.006464	1.035288	1.011579	1.026869	1.021083	0.976404	0.954711	0.996523	1.006694
LINC01133	RP11-48O20.4	ASO_G0224259_01	Targeted lncRNA	r2b1p2	0.792618	0.749352	0.962173	0.922311	0.824033	0.842025	0.955364	0.954645	1.086644	1.074161	1.079019	1.082973	0.869275	0.855103	0.884527	0.865212	1.083951	1.078208	1.054535	1.045288	1.086097	1.06261	1.098736	1.064219	0.936524	0.900582	1.000688	0.988534
LINC01133	RP11-48O20.4	ASO_G0224259_02	Targeted lncRNA	r2b1p2	0.833858	0.822512	1.063628	1.096591	0.997874	0.982248	0.990157	0.980428	0.958238	0.978098	0.933103	0.939732	1.016337	1.017196	1.024667	1.014606	1.019454	1.062051	0.989687	1.034244	1.080523	1.09864	1.064363	1.094639	1.074964	1.055559	0.968881	0.965461
LINC01133	RP11-48O20.4	ASO_G0224259_05	Targeted lncRNA	r2b1p2	0.629558	0.66336	0.989805	1.064392	0.949221	0.944664	0.982668	0.97615	1.045198	1.065548	1.088332	1.076259	0.963158	0.981393	0.944957	0.971205	1.009439	1.041898	1.014133	1.047604	1.03924	1.049853	1.033908	1.057406	0.954431	0.985749	1.006359	1.011177
LINC01133	RP11-48O20.4	ASO_G0224259_06	Targeted lncRNA	r2b1p2	0.732141	0.826579	0.942375	0.942674	0.820719	0.843805	0.952746	0.958403	1.070048	1.062256	1.060261	1.032161	0.846305	0.863137	0.863587	0.870462	1.050714	1.043035	1.008126	1.005728	1.076229	1.091159	1.077869	1.085958	0.93153	0.947244	0.984273	0.973468
LINC01133	RP11-48O20.4	ASO_G0224259_08	Targeted lncRNA	r2b1p2	1.009364	1.048767	0.881787	0.884319	0.918466	0.887278	0.985755	0.969161	1.074148	1.08321	1.106819	1.118497	0.901378	0.878169	0.893269	0.876344	0.989374	0.996007	1.001457	0.996468	0.948208	0.994876	0.964322	1.011373	0.891696	0.900361	1.033513	1.016312
RP11-499E18.1	RP11-499E18.1	ASO_G0248161_02	Targeted lncRNA	r8b7p1	0.988673	0.974883	0.88998	0.946227	0.897439	0.89942	0.983291	0.983851	1.048661	1.044316	1.092195	1.062998	0.885914	0.915123	0.880511	0.913618	0.980984	1.012114	0.991607	1.017127	0.969817	1.007734	0.971922	1.011644	0.891344	0.930357	1.013522	1.015095
RP11-499E18.1	RP11-499E18.1	ASO_G0248161_03	Targeted lncRNA	r8b7p1	0.441503	0.447656	0.748509	0.791972	0.8799	0.839636	0.959032	0.954807	1.130749	1.125098	1.249185	1.232364	0.80352	0.806717	0.79198	0.80322	0.926709	0.970896	0.95384	0.990791	0.880521	0.93444	0.895812	0.955328	0.790636	0.803606	1.044535	1.047266
RP11-499E18.1	RP11-499E18.1	ASO_G0248161_04	Targeted lncRNA	r8b7p1	0.617184	0.531966	0.829819	0.873431	0.868068	0.875269	0.962893	0.97628	1.097452	1.072392	1.178214	1.143475	0.841445	0.871498	0.835633	0.867709	0.98361	0.999855	0.993544	1.004349	0.945686	0.95645	0.958556	0.971067	0.835125	0.869859	1.031161	1.029475
RP11-499E18.1	RP11-499E18.1	ASO_G0248161_06	Targeted lncRNA	r8b7p1	0.954399	0.979279	1.039911	1.035944	0.961728	0.982972	0.994104	1.009109	1.035499	1.005131	1.034905	1.010279	0.995764	1.012193	0.988375	1.011432	1.037724	1.016288	1.031049	1.01849	1.048506	1.007067	1.039564	1.014348	0.998051	1.013168	0.994576	1.014148
RP11-499E18.1	RP11-499E18.1	ASO_G0248161_09	Targeted lncRNA	r8b7p1	0.945213	0.885293	1.035906	0.971458	0.97473	1.024928	0.990526	0.994874	1.078056	1.028576	1.07028	1.040481	1.003983	1.012515	1.002596	1.005817	1.026236	0.976495	1.022916	0.981969	0.995116	0.957752	1.007358	0.96276	0.998464	0.99437	1.021928	1.012826
RP11-500C11.3	RP11-500C11.3	ASO_G0272269_02	Targeted lncRNA	r3b2p5	1.081261	1.106993	0.974056	1.005411	0.954981	0.914358	0.979463	0.986671	1.043586	1.078867	1.063051	1.073119	0.956462	0.948397	0.958793	0.954985	1.001516	1.042697	1.006884	1.044969	1.019538	1.030572	1.024778	1.027884	0.966807	0.960029	1.006462	1.004462
RP11-500C11.3	RP11-500C11.3	ASO_G0272269_04	Targeted lncRNA	r3b2p5	1.010455	1.056409	0.879979	0.93213	1.003637	0.94523	1.000071	0.97904	1.002256	1.060881	1.031551	1.075847	0.943458	0.930705	0.943499	0.934745	0.949641	1.000582	0.96386	1.005115	0.946019	1.004964	0.953739	1.01347	0.930656	0.935587	1.005675	1.000191
RP11-500C11.3	RP11-500C11.3	ASO_G0272269_05	Targeted lncRNA	r3b2p5	1.086262	0.876228	0.908037	0.905813	0.920857	0.990733	0.981192	0.992376	1.03905	1.026611	1.125251	1.063548	0.90249	0.944655	0.903577	0.934343	1.02087	0.963971	1.026209	0.978732	0.996427	0.96163	1.005195	0.961821	0.896316	0.922805	1.018221	0.999994
RP11-500C11.3	RP11-500C11.3	ASO_G0272269_06	Targeted lncRNA	r3b2p5	0.96145	0.932743	0.866145	0.929438	0.926114	0.970666	0.98303	0.990478	1.056561	0.990015	1.091283	1.048067	0.881742	0.94883	0.882227	0.945618	0.964465	0.986978	0.969768	0.993118	0.963663	1.006611	0.96859	0.996913	0.893758	0.944319	1.004053	0.998338
RP11-500C11.3	RP11-500C11.3	ASO_G0272269_08	Targeted lncRNA	r3b2p5	0.909366	0.925397	0.921828	0.907061	0.854391	0.84484	0.971984	0.963671	1.088116	1.066036	1.127693	1.096039	0.875803	0.857387	0.880499	0.867429	1.04836	1.048195	1.040591	1.031657	1.02416	1.050349	1.035267	1.060864	0.903807	0.902618	1.018772	1.002361
RP11-500C11.3	RP11-500C11.3	ASO_G0272269_AD_01	Targeted lncRNA	r13b3ADp6	0.894037	0.881296	1.0287	0.996445	1.034737	0.950547	0.986496	0.983033	0.992694	1.0015	0.982326	1.001431	1.027831	0.963263	1.024902	0.966765	1.020342	1.022014	0.99665	1.002489	1.016152	1.030284	1.008499	1.03167	1.017837	0.988479	0.979187	0.99101
RP11-500C11.3	RP11-500C11.3	ASO_G0272269_AD_02	Targeted lncRNA	r13b3ADp6	0.937118	1.011502	1.07487	1.054642	1.022992	0.990847	1.006754	0.987866	0.993628	1.029791	0.992265	1.005996	1.043936	1.007939	1.037129	1.009238	1.020185	1.023626	1.008397	1.024017	1.019216	1.030607	1.009903	1.037697	1.031527	1.015921	0.998986	1.010524
RP11-500C11.3	RP11-500C11.3	ASO_G0272269_AD_03	Targeted lncRNA	r13b3ADp6	0.899299	0.969711	1.085104	1.021308	1.029005	1.030426	0.998651	0.998864	1.007656	1.023718	0.98792	1.012866	1.046617	1.035705	1.039404	1.035793	1.027297	1.006112	1.027503	1.017378	1.035462	0.976178	1.036009	0.981363	1.026722	1.007657	0.999141	1.014938
RP11-500C11.3	RP11-500C11.3	ASO_G0272269_AD_08	Targeted lncRNA	r13b3ADp6	0.867317	0.960764	1.022126	0.980304	1.008349	0.94202	1.003985	0.985085	0.994267	1.037546	0.985181	1.043754	1.019023	0.955032	1.016637	0.957337	1.00097	1.014841	0.990845	1.01657	1.036897	1.003482	1.028721	1.005492	1.027316	0.958793	0.984469	1.010994
RP11-500C11.3	RP11-500C11.3	ASO_G0272269_AD_10	Targeted lncRNA	r13b3ADp6	0.930881	1.001605	1.085896	1.003469	1.014264	0.967187	0.994702	0.986174	0.969176	1.005789	0.935915	0.983687	1.036487	0.970396	1.039461	0.971017	1.037789	1.024411	1.003564	1.004615	1.07401	1.033907	1.068947	1.033062	1.066599	0.992207	0.966618	0.982056
RP11-517P14.2	RP11-517P14.2	ASO_G0230555_01	Targeted lncRNA	r15bALLp3	0.881897	0.914614	0.858777	0.964185	0.917608	0.941254	0.97408	0.985371	1.04523	1.016139	1.079191	1.021061	0.877104	0.936281	0.878327	0.939625	0.982644	1.008238	0.987351	0.996634	0.967088	1.031875	0.974001	1.028145	0.885134	0.96966	1.010243	0.989414
RP11-517P14.2	RP11-517P14.2	ASO_G0230555_02	Targeted lncRNA	r15bALLp3	0.975734	0.81788	1.03434	1.058931	1.026668	0.956905	1.014061	0.996067	0.96869	1.020433	0.973149	0.984565	1.043381	1.006797	1.037695	1.015402	1.004154	1.033667	1.012668	1.024287	1.015097	1.053966	1.011686	1.05917	1.034568	1.038695	0.999786	0.991197
RP11-517P14.2	RP11-517P14.2	ASO_G0230555_03	Targeted lncRNA	r15bALLp3	0.988662	0.88685	1.005603	1.041714	1.034478	1.000694	1.005113	0.993273	0.947003	0.99126	0.953882	0.95893	1.019017	0.999962	1.018128	1.000376	0.991327	1.001747	0.985272	0.988415	0.998694	1.058385	0.995548	1.06074	1.009062	1.044894	0.985877	0.977163
RP11-517P14.2	RP11-517P14.2	ASO_G0230555_06	Targeted lncRNA	r15bALLp3	1.002562	1.047309	0.97406	0.997921	1.01685	0.986553	0.990969	0.992244	0.99489	0.98184	0.976385	0.952695	0.990005	0.982189	0.983919	0.986607	0.981746	0.996119	0.979224	0.978024	1.029439	1.05234	1.023938	1.045706	1.011939	1.032336	0.970903	0.972606
RP11-517P14.2	RP11-517P14.2	ASO_G0230555_07	Targeted lncRNA	r15bALLp3	0.884956	0.947785	1.070823	1.049738	1.015573	1.01338	0.998393	0.998976	1.003232	1.001276	0.971601	0.980618	1.04293	1.032476	1.048551	1.038339	1.027072	1.015973	1.019925	1.004585	1.044557	1.034438	1.044362	1.027375	1.054061	1.046845	0.992235	0.990424
RP11-527D7.1	RP11-527D7.1	ASO_G0225554_01	Targeted lncRNA	r4b4p3	1.026588	1.055301	1.095733	0.958423	0.986339	1.011627	0.988015	0.99861	1.001763	1.005456	1.012585	1.034599	1.028164	0.997986	1.031641	0.993398	1.050826	0.978538	1.044358	0.993431	1.051215	0.971831	1.056773	0.971193	1.036575	0.973244	0.99775	1.009016
RP11-527D7.1	RP11-527D7.1	ASO_G0225554_02	Targeted lncRNA	r4b4p3	1.119798	1.005987	0.964447	0.947598	1.058212	1.013112	1.008097	1.005051	0.97881	1.011519	0.987765	1.051252	1.011622	0.991287	1.000835	0.984026	0.955266	0.974205	0.96749	1.002108	0.969585	0.950504	0.963482	0.963984	0.987518	0.94679	0.987112	1.02487
RP11-527D7.1	RP11-527D7.1	ASO_G0225554_04	Targeted lncRNA	r4b4p3	0.955928	0.911877	0.94726	1.055097	0.992527	1.014973	0.994422	1.007379	1.026156	0.996604	1.035144	1.016426	0.958766	1.033953	0.948595	1.031274	0.971705	1.037894	0.98206	1.045314	0.971824	1.000223	0.967578	1.006743	0.944053	1.002415	1.005239	1.02287
RP11-527D7.1	RP11-527D7.1	ASO_G0225554_05	Targeted lncRNA	r4b4p3	0.994544	0.963702	1.040122	1.022931	1.027747	1.021947	1.007956	1.001782	0.971388	0.998932	0.988301	1.03278	1.047028	1.025682	1.048047	1.007782	1.018785	1.020506	1.028461	1.029727	1.003531	1.005245	1.006885	0.998017	1.01821	0.995958	1.005844	1.007372
RP11-527D7.1	RP11-527D7.1	ASO_G0225554_07	Targeted lncRNA	r4b4p3	0.981019	0.877771	0.993105	1.080651	1.083561	0.995567	1.009955	0.997584	0.966176	1.019195	1.004842	1.038038	1.048954	1.039069	1.041006	1.037896	0.993333	1.054034	1.007572	1.053474	0.958604	1.029882	0.960051	1.034756	0.992888	1.025786	1.020316	1.020893
RP11-527D7.1	RP11-527D7.1	ASO_G0225554_AD_01	Targeted lncRNA	r11b1ADp1	1.009028	0.937255	0.93828	0.972745	0.992852	1.000392	1.00292	1.006698	1.017193	1.017603	1.023926	1.020821	0.972046	0.996087	0.97001	0.994051	0.978547	0.981648	0.988579	0.996815	0.950951	0.969829	0.953882	0.963797	0.945847	0.983111	1.012346	1.010657
RP11-527D7.1	RP11-527D7.1	ASO_G0225554_AD_03	Targeted lncRNA	r11b1ADp1	0.943941	0.934905	0.98353	0.952747	0.991519	0.980319	0.991387	0.997194	1.012027	1.023126	1.006452	1.046091	0.989374	0.97106	0.986914	0.97055	0.983676	0.98576	0.988071	0.994733	1.017999	0.976308	1.022437	0.980834	1.006104	0.967419	0.992294	1.010091
RP11-527D7.1	RP11-527D7.1	ASO_G0225554_AD_04	Targeted lncRNA	r11b1ADp1	0.874826	0.866303	0.969188	0.91789	0.972466	0.957339	0.987501	0.997349	1.017133	1.011277	1.007859	1.018585	0.955321	0.938466	0.957798	0.937785	0.98676	0.984536	0.984062	0.980282	1.004732	0.974028	1.003784	0.977052	0.974977	0.9396	0.99466	0.99701
RP11-527D7.1	RP11-527D7.1	ASO_G0225554_AD_05	Targeted lncRNA	r11b1ADp1	0.941797	0.893189	0.989773	0.92173	1.036128	0.947011	0.999104	0.986674	1.008811	1.0393	1.037966	1.050442	1.025652	0.929911	1.019019	0.931119	0.991453	0.980265	1.006726	0.987996	0.970393	0.97299	0.974566	0.979182	0.993934	0.938817	1.014235	1.018072
RP11-527D7.1	RP11-527D7.1	ASO_G0225554_AD_06	Targeted lncRNA	r11b1ADp1	0.759289	0.764676	1.027448	1.018181	1.008635	1.001455	1.004818	1.003624	1.001558	1.004425	0.996455	1.018414	1.0185	1.025319	1.011553	1.016248	1.005256	1.018594	1.010498	1.020422	1.01588	0.99817	1.009962	0.989233	1.017478	1.006792	0.991475	1.007123
LINC02482	RP11-539L10.3	ASO_G0251580_01	Targeted lncRNA	r14b9plusp5	0.982024	0.958704	0.970064	0.915457	1.0414	1.095324	1.011423	1.03102	0.979936	0.966825	1.037466	1.01997	1.017251	1.027065	1.008757	1.004806	0.976803	0.931043	0.992977	0.960075	0.953466	0.900344	0.956707	0.89471	0.964346	0.950526	1.020933	1.021158
LINC02482	RP11-539L10.3	ASO_G0251580_05	Targeted lncRNA	r14b9plusp5	0.957986	0.956362	0.951816	0.92532	1.045223	1.054147	1.012903	1.010577	1.002568	0.961021	0.996517	1.000146	1.009818	0.995027	0.99549	0.986327	0.968807	0.951775	0.977612	0.971193	0.956521	0.950611	0.958151	0.942358	0.972904	0.959805	0.99558	0.999889
LINC02482	RP11-539L10.3	ASO_G0251580_07	Targeted lncRNA	r14b9plusp5	0.893175	0.834492	1.025449	0.975737	1.101352	1.034672	1.002557	1.012192	0.986685	0.979056	1.017207	1.023401	1.083839	1.010031	1.06669	1.003519	0.962204	0.968781	0.981194	0.993754	0.97447	0.96332	0.971368	0.960419	1.032065	0.962663	1.007112	1.017965
LINC02482	RP11-539L10.3	ASO_G0251580_08	Targeted lncRNA	r14b9plusp5	0.8809	0.788979	0.965914	0.960412	0.984538	0.982637	1.003124	0.999289	0.992132	1.007242	1.015306	1.004864	0.97179	0.97481	0.964043	0.9627	0.994759	0.968623	0.995801	0.97982	1.005114	1.008327	1.008082	1.004472	0.966592	0.981091	0.993105	0.987477
LINC02482	RP11-539L10.3	ASO_G0251580_10	Targeted lncRNA	r14b9plusp5	1.002732	0.897513	1.044953	0.948849	1.010563	1.056264	1.000121	1.016874	1.009569	0.965724	1.013978	0.979301	1.028703	1.021334	1.023071	1.010913	1.004256	0.949476	1.014526	0.959384	1.022733	0.950184	1.029637	0.952586	1.021915	0.989818	0.996312	0.992498
LINC02482	RP11-539L10.3	ASO_G0251580_AD_01	Targeted lncRNA	r13b3ADp6	0.953563	0.982788	0.953623	0.9931	0.996174	0.996405	0.988401	0.988048	1.004863	0.992182	0.990355	1.002408	0.973235	0.993589	0.974431	0.991506	0.973651	0.989493	0.964026	0.982395	1.00286	1.010001	0.996462	1.010951	0.993438	1.010411	0.978167	0.99187
LINC02482	RP11-539L10.3	ASO_G0251580_AD_03	Targeted lncRNA	r13b3ADp6	0.960936	0.903918	1.071	1.002861	0.990939	1.032737	0.990714	1.001251	1.001403	0.994795	1.048447	0.999903	1.025058	1.021057	1.027585	1.01507	1.031213	0.992389	1.031159	0.996328	1.002824	0.993022	1.00754	0.99978	1.00662	1.006641	1.022826	1.004977
LINC02482	RP11-539L10.3	ASO_G0251580_AD_05	Targeted lncRNA	r13b3ADp6	0.776228	0.758944	0.832687	0.83588	0.89871	0.91099	0.988879	0.982929	1.091162	1.080726	1.169088	1.170727	0.874116	0.871435	0.880855	0.872734	0.992559	0.992046	1.010835	1.006892	0.89385	0.899854	0.910837	0.913487	0.839143	0.834927	1.064716	1.057393
LINC02482	RP11-539L10.3	ASO_G0251580_AD_09	Targeted lncRNA	r13b3ADp6	0.948092	0.977356	0.966958	1.059237	0.988794	0.958995	0.997167	0.974838	1.047794	1.040829	1.061137	1.032179	0.974593	0.991832	0.970739	0.991575	0.977182	1.03957	0.985017	1.031468	0.957787	1.042327	0.965361	1.04001	0.968319	1.006031	1.020246	1.000891
LINC02482	RP11-539L10.3	ASO_G0251580_AD_10	Targeted lncRNA	r13b3ADp6	1.003401	0.874082	1.083524	0.982975	0.991775	0.964588	0.987626	0.978462	1.032445	1.039049	1.044501	1.037824	1.030228	0.968788	1.028172	0.969807	1.042792	1.001422	1.038802	0.996704	1.032274	1.014982	1.034301	1.020666	1.023365	0.981342	1.011682	1.001306
LINC02709	RP11-540A21.2	ASO_G0245522_04	Targeted lncRNA	r7b6p3	0.932471	0.947723	0.937371	0.991659	0.990422	0.932906	0.992556	0.990913	1.0164	1.028836	1.063556	1.043394	0.963654	0.960012	0.960898	0.965402	0.973288	1.020502	0.982435	1.026019	0.961561	1.017578	0.962863	1.024324	0.950881	0.971637	1.013213	1.011139
LINC02709	RP11-540A21.2	ASO_G0245522_05	Targeted lncRNA	r7b6p3	0.747947	0.775916	0.862299	0.911766	0.909399	0.931678	0.976449	0.97882	1.075287	1.059698	1.111844	1.109641	0.879738	0.915877	0.870433	0.908592	0.966464	0.984928	0.984255	0.993594	0.957197	0.990765	0.968039	0.994399	0.875005	0.915766	1.014321	1.01614
LINC02709	RP11-540A21.2	ASO_G0245522_07	Targeted lncRNA	r7b6p3	0.688121	0.6878	0.965742	0.951798	0.901427	0.938966	0.977301	0.989172	1.07207	1.055722	1.090186	1.10729	0.926298	0.937779	0.92674	0.934106	1.015847	0.996441	1.019013	1.015586	1.035599	0.986339	1.04446	0.994827	0.954081	0.928677	1.010395	1.026356
LINC02709	RP11-540A21.2	ASO_G0245522_10	Targeted lncRNA	r7b6p3	0.74126	0.676054	0.961972	0.966676	0.952648	0.893726	0.991766	0.975111	1.043844	1.088001	1.064012	1.126191	0.948647	0.917481	0.945944	0.913536	1.007323	1.012223	1.011773	1.03004	0.996501	1.022484	1.000335	1.030283	0.949848	0.929337	1.017158	1.02142
RP11-545E17.3	RP11-545E17.3	ASO_G0223478_01	Targeted lncRNA	r4b4p1	0.978408	0.963993	0.98096	0.986395	0.955076	0.932684	0.99581	0.991624	1.013922	1.027718	0.993569	1.011082	0.965638	0.950961	0.970228	0.955791	1.024497	1.018314	1.016874	1.004258	1.019096	1.031946	1.015428	1.038258	0.985149	0.99553	1.004764	1.000082
RP11-545E17.3	RP11-545E17.3	ASO_G0223478_02	Targeted lncRNA	r4b4p1	1.003908	1.061076	1.068552	1.051929	1.019706	0.968998	0.987297	0.986029	0.983873	1.029757	0.98267	0.991186	1.043386	0.995424	1.048374	1.004116	1.03569	1.032601	1.020592	1.012685	1.040796	1.043705	1.043976	1.046765	1.062009	1.044103	0.997829	0.995458
RP11-545E17.3	RP11-545E17.3	ASO_G0223478_03	Targeted lncRNA	r4b4p1	0.932049	1.009869	1.076119	1.020689	0.971746	0.993639	1.00268	0.989857	1.015932	0.990423	1.029007	0.991838	1.007036	0.993558	1.01426	0.998596	1.056288	1.023806	1.041789	1.004758	1.044766	1.043971	1.044082	1.048041	1.021229	1.012364	1.017129	0.994562
RP11-545E17.3	RP11-545E17.3	ASO_G0223478_05	Targeted lncRNA	r4b4p1	0.972272	1.012741	1.039378	1.038455	1.014223	0.973226	1.007059	0.996193	1.009238	1.005414	1.00107	0.987819	1.015105	0.992075	1.01206	0.998268	1.023292	1.010613	1.01417	1.007648	1.018841	1.034982	1.015393	1.041898	1.011277	1.027881	0.995318	1.001471
RP11-545E17.3	RP11-545E17.3	ASO_G0223478_07	Targeted lncRNA	r4b4p1	1.028438	1.019531	1.036494	1.121312	0.954758	1.006299	0.979126	0.99807	1.031692	1.00399	1.039176	0.973442	0.976882	1.063886	0.975991	1.067131	1.034535	1.060946	1.024768	1.055251	1.040553	1.060746	1.035062	1.065368	0.993605	1.076889	1.009131	1.005187
RP11-545E17.3	RP11-545E17.3	ASO_G0223478_AD_01	Targeted lncRNA	r16bALLp1	1.104055	1.061813	1.027392	0.998669	1.109294	1.030389	1.007461	1.00736	0.954419	1.019483	0.917626	0.985787	1.074682	1.022722	1.061775	1.016575	0.974348	0.988638	0.971492	0.996856	1.011005	0.978081	1.000583	0.977241	1.060509	0.997191	0.965482	0.994343
RP11-545E17.3	RP11-545E17.3	ASO_G0223478_AD_06	Targeted lncRNA	r16bALLp1	0.930652	0.953932	1.022445	1.009523	1.039165	1.030658	0.990701	0.99827	0.972484	0.988971	0.940315	0.9693	1.020811	1.013751	1.017695	1.015126	0.983842	0.994285	0.978105	0.995063	1.029971	1.011742	1.027036	1.004143	1.042549	1.019921	0.968517	0.984486
RP11-545E17.3	RP11-545E17.3	ASO_G0223478_AD_07	Targeted lncRNA	r16bALLp1	0.846219	0.828794	1.051757	1.115751	1.054302	1.038188	1.003944	0.995066	0.978815	0.944613	0.939981	0.898027	1.049021	1.058001	1.044148	1.062764	0.987533	1.013905	0.990097	0.991767	1.022735	1.109987	1.017801	1.096178	1.051818	1.11142	0.981174	0.947545
RP11-545E17.3	RP11-545E17.3	ASO_G0223478_AD_08	Targeted lncRNA	r16bALLp1	0.992131	1.039358	1.013005	1.018684	0.952305	0.977015	0.983665	0.997056	1.019357	1.012915	1.00569	1.001892	0.979273	1.001877	0.981289	1.001584	1.023298	1.015367	1.0138	1.022128	1.038123	1.02388	1.039245	1.023912	1.000475	1.004414	0.98938	1.003105
RP11-545E17.3	RP11-545E17.3	ASO_G0223478_AD_09	Targeted lncRNA	r16bALLp1	1.00335	1.006713	0.960976	0.970244	0.98032	0.987732	0.987964	0.983457	1.011407	1.026181	1.008315	1.000456	0.968758	0.976599	0.966917	0.976973	0.990854	0.99208	0.994487	0.991878	1.012645	1.012499	1.014158	1.017496	0.985771	0.992707	0.992474	0.990813
LNCOG	RP11-54A9.1	ASO_G0257219_01	Targeted lncRNA	r8b7p4	0.902009	0.997703	0.973275	0.914364	0.967195	0.944081	0.989045	0.989697	1.016018	1.036708	1.061361	1.115332	0.973757	0.923394	0.966746	0.912678	1.00402	0.99213	1.00772	1.014082	1.015315	0.98166	1.014504	0.975383	0.971713	0.898863	1.006413	1.016827
LNCOG	RP11-54A9.1	ASO_G0257219_03	Targeted lncRNA	r8b7p4	0.872375	0.896252	0.877918	0.883178	0.861851	0.903443	0.972468	0.975177	1.088193	1.060318	1.16541	1.12255	0.86272	0.882761	0.861032	0.881214	1.008881	0.994425	1.0238	0.99441	0.980071	0.980756	0.994614	0.99027	0.870528	0.889024	1.031068	1.010715
LNCOG	RP11-54A9.1	ASO_G0257219_07	Targeted lncRNA	r8b7p4	0.844012	0.872241	0.938714	0.990872	0.93181	0.904968	0.98717	0.977787	1.058333	1.055839	1.116054	1.106562	0.929294	0.938742	0.922091	0.934711	0.995953	1.03934	1.011076	1.032755	0.995195	1.040067	0.992509	1.036485	0.925392	0.958355	1.018645	1.004896
LNCOG	RP11-54A9.1	ASO_G0257219_09	Targeted lncRNA	r8b7p4	0.744823	0.721416	0.957942	0.87075	0.94076	0.915786	0.985524	0.977793	1.025217	1.087898	1.094916	1.131217	0.946888	0.889322	0.937895	0.884909	1.014302	0.977947	1.014012	0.99219	1.003775	0.965868	1.007732	0.970906	0.932903	0.885103	1.011972	1.011516
LNCOG	RP11-54A9.1	ASO_G0257219_10	Targeted lncRNA	r8b7p4	0.912574	0.907052	0.955884	0.925901	0.961267	0.963793	0.981439	0.998078	1.024902	1.020187	1.057764	1.074902	0.958586	0.946809	0.95438	0.941743	0.993195	0.986195	0.997146	0.999377	1.013586	0.965135	1.018235	0.967647	0.969129	0.933842	0.999221	1.020601
LNCOG	RP11-54A9.1	ASO_G0257219_AD_03	Targeted lncRNA	r11b1ADp5	0.94935	0.983637	1.044987	0.947894	1.013834	0.956535	1.012198	0.99209	0.942942	1.020522	0.931947	1.019185	1.031522	0.949107	1.03852	0.954964	1.018823	0.993103	1.008816	0.998524	1.024475	0.986295	1.020887	0.993648	1.042581	0.952174	0.986551	1.003866
LNCOG	RP11-54A9.1	ASO_G0257219_AD_04	Targeted lncRNA	r11b1ADp5	0.890453	0.905478	0.990815	1.008715	1.001416	1.055639	0.992375	1.007915	1.004163	0.976184	1.009015	0.931343	0.987377	1.029359	0.985424	1.018399	0.993972	0.978083	0.987965	0.963953	1.012411	1.004432	1.016898	0.99561	0.993688	1.024904	0.987289	0.967792
LNCOG	RP11-54A9.1	ASO_G0257219_AD_05	Targeted lncRNA	r11b1ADp5	0.944299	0.862546	1.001715	0.906573	1.009559	1.008132	1.002062	1.005219	0.993559	1.021553	0.987252	1.032755	1.003452	0.944643	0.998982	0.92639	0.972241	0.930295	0.974337	0.949595	0.993847	0.943112	0.98877	0.954032	1.012052	0.935536	0.987297	1.001024
LNCOG	RP11-54A9.1	ASO_G0257219_AD_10	Targeted lncRNA	r11b1ADp5	0.871828	0.888403	0.979161	1.005568	0.986036	1.014843	0.999023	1.00524	1.003223	1.001845	0.993027	0.998934	0.973881	1.01374	0.974199	1.001159	0.985383	1.000183	0.990592	0.995248	0.993441	1.007957	0.991028	1.003966	0.976971	1.005867	0.99756	0.994073
RP11-550I24.2	RP11-550I24.2	ASO_G0243176_01	Targeted lncRNA	r15bALLp3	0.893124	0.858926	0.921898	0.966859	1.017972	0.96508	0.991254	0.988285	0.968687	1.028222	0.939472	1.028966	0.952893	0.96689	0.948794	0.968228	0.946077	0.994099	0.944064	0.997802	1.001773	1.004598	0.992228	1.00469	0.982378	0.990041	0.960122	0.996107
RP11-550I24.2	RP11-550I24.2	ASO_G0243176_02	Targeted lncRNA	r15bALLp3	0.937367	1.003107	0.926209	0.951367	0.989538	1.020019	1.00171	0.992068	1.005939	0.987911	1.007662	0.971521	0.957128	0.971318	0.95122	0.962843	0.975051	0.971116	0.982115	0.96407	0.979211	1.009615	0.975839	1.003133	0.954066	0.988439	0.993546	0.975699
RP11-550I24.2	RP11-550I24.2	ASO_G0243176_04	Targeted lncRNA	r15bALLp3	1.053895	0.998072	1.007675	1.018955	1.046528	1.012607	0.993004	1.007933	0.951927	1.004668	0.934075	0.996675	1.00832	1.018954	1.003565	1.015254	0.997151	1.003691	0.979082	0.99985	1.051556	0.994712	1.0416	0.990709	1.029827	1.01077	0.960445	0.999392
RP11-550I24.2	RP11-550I24.2	ASO_G0243176_05	Targeted lncRNA	r15bALLp3	0.975135	1.022241	0.877483	0.92659	1.074204	1.025879	0.996699	0.99761	0.956174	0.963536	0.955141	0.957351	0.970936	0.969285	0.959169	0.969368	0.905259	0.959355	0.916085	0.959758	0.929351	0.986594	0.91953	0.976695	0.951016	0.971226	0.972776	0.973408
RP11-550I24.2	RP11-550I24.2	ASO_G0243176_08	Targeted lncRNA	r15bALLp3	1.050114	0.960212	0.977051	1.0009	0.985458	0.984833	0.991807	0.996292	1.007139	1.00076	0.981278	0.999355	0.975167	0.988597	0.975197	0.981874	0.993973	1.003241	0.985932	1.005406	1.040814	1.020204	1.031385	1.014327	1.00482	0.998732	0.976605	0.991767
RP11-553K8.5	RP11-553K8.5	ASO_G0261573_01	Targeted lncRNA	r9b8p6	1.03593	1.00736	1.049302	0.975533	1.038589	1.017237	0.999016	0.995762	0.970814	0.994337	0.958199	0.995376	1.045799	1.006992	1.050267	1.004166	1.022738	1.001209	1.015461	0.99592	1.035295	0.990059	1.034328	0.993188	1.050937	0.998706	0.987861	0.999267
RP11-553K8.5	RP11-553K8.5	ASO_G0261573_02	Targeted lncRNA	r9b8p6	1.06652	1.022274	1.059764	1.084097	0.961217	0.947315	0.97973	0.967162	0.980005	1.000291	0.961794	0.955844	0.985721	0.987109	0.99324	0.995815	1.036253	1.056642	1.011652	1.011384	1.086887	1.132635	1.086551	1.130909	1.046143	1.090276	0.97504	0.95988
RP11-553K8.5	RP11-553K8.5	ASO_G0261573_03	Targeted lncRNA	r9b8p6	0.847519	0.804013	1.007681	1.004394	0.988998	0.998847	0.992966	0.99659	1.022162	1.011326	1.039654	1.064505	0.995744	1.010396	0.987822	1.00271	1.005994	0.993595	1.012353	1.011714	1.023609	0.995398	1.028153	0.996435	0.991914	0.985795	1.001696	1.014832
RP11-553K8.5	RP11-553K8.5	ASO_G0261573_04	Targeted lncRNA	r9b8p6	0.816649	0.821898	0.988939	0.981104	1.047276	1.078209	1.00352	1.005214	0.995506	0.991163	1.017522	0.977825	1.011339	1.030811	1.000769	1.024523	0.963894	0.949898	0.976079	0.96739	0.994439	0.982478	0.992236	0.98093	0.988075	1.015511	0.993733	0.990461
RP11-553K8.5	RP11-553K8.5	ASO_G0261573_08	Targeted lncRNA	r9b8p6	0.878332	0.878178	1.038079	1.037021	1.05224	1.037317	1.018283	1.001712	0.984496	0.968423	1.018317	0.983044	1.059746	1.0342	1.051985	1.037217	0.989327	1.014687	1.007769	1.010987	0.975097	1.036788	0.975432	1.036654	1.021774	1.027303	1.022782	0.991808
RP11-553K8.5	RP11-553K8.5	ASO_G0261573_AD_01	Targeted lncRNA	r11b1ADp6	0.937865	0.959821	0.942629	0.96893	0.962379	1.042346	0.99762	1.012414	1.028287	0.980391	1.052486	0.989977	0.950204	1.002002	0.952338	0.998658	0.980888	0.964376	1.001848	0.97137	0.947416	0.972038	0.960925	0.966237	0.94142	0.996023	1.023295	0.997388
RP11-553K8.5	RP11-553K8.5	ASO_G0261573_AD_03	Targeted lncRNA	r11b1ADp6	0.916524	0.958255	0.94414	0.905763	1.021192	1.028046	1.005468	0.997129	1.005595	0.9663	1.008208	0.964711	0.988123	0.968183	0.981079	0.959592	0.972389	0.937245	0.983221	0.938053	0.977573	0.974157	0.974611	0.976079	0.966111	0.969494	0.997148	0.972204
RP11-553K8.5	RP11-553K8.5	ASO_G0261573_AD_04	Targeted lncRNA	r11b1ADp6	0.899447	0.939028	0.953373	0.982923	0.97649	0.991695	0.99598	1.006127	1.041665	1.023916	1.056726	1.068476	0.96396	0.995418	0.95759	0.995512	0.985164	1.011826	1.001071	1.023802	0.971075	0.966602	0.974184	0.97504	0.95324	0.969286	1.008426	1.031624
RP11-553K8.5	RP11-553K8.5	ASO_G0261573_AD_05	Targeted lncRNA	r11b1ADp6	0.819999	0.841122	0.977901	0.973762	0.978046	0.954229	1.000561	0.989562	1.012442	1.046177	1.027051	1.060841	0.982972	0.95794	0.979698	0.959112	0.991972	1.008435	1.008522	1.00982	0.988226	0.993665	0.990944	1.003417	0.977298	0.969565	1.004563	1.014438
RP11-553K8.5	RP11-553K8.5	ASO_G0261573_AD_06	Targeted lncRNA	r11b1ADp6	0.921111	0.903985	1.068962	1.046185	1.007372	1.02225	1.00555	1.001735	0.984255	0.981844	1.008643	1.018283	1.029721	1.031456	1.024513	1.031979	1.020564	1.01844	1.025545	1.025567	1.035706	1.001849	1.028351	1.000319	1.025066	1.015716	1.001936	1.014485
PIK3CD-AS2	RP11-558F24.4	ASO_G0231789_01	Targeted lncRNA	r6b5p2	0.564459	0.54592	0.867962	0.887024	0.981385	0.98559	0.981933	0.984049	1.055823	1.082487	1.073091	1.102472	0.929275	0.934158	0.905171	0.90376	0.906922	0.92844	0.930355	0.95173	0.970305	0.962978	0.953622	0.966367	0.925301	0.923367	0.987974	1.008537
PIK3CD-AS2	RP11-558F24.4	ASO_G0231789_02	Targeted lncRNA	r6b5p2	1.041123	0.937031	0.923113	1.050945	0.984949	0.980829	0.992211	0.997795	1.00626	1.005897	0.986758	0.983411	0.942803	1.013601	0.942391	1.01758	0.942373	1.058413	0.946359	1.031676	0.997131	1.04709	0.999317	1.042698	0.972755	1.027549	0.981367	0.992935
PIK3CD-AS2	RP11-558F24.4	ASO_G0231789_07	Targeted lncRNA	r6b5p2	0.936204	0.841627	0.925563	0.931673	1.025728	0.957196	0.997085	0.981019	1.02122	1.029209	1.009503	1.028334	0.971007	0.927029	0.955616	0.924409	0.947713	0.970101	0.962986	0.963299	0.973715	1.015989	0.964812	1.013967	0.952122	0.960451	0.991669	0.98733
PIK3CD-AS2	RP11-558F24.4	ASO_G0231789_08	Targeted lncRNA	r6b5p2	0.894336	0.838556	0.957625	0.968036	0.961873	0.967473	0.979251	0.984565	1.041409	1.047215	1.021196	1.075943	0.923926	0.962067	0.916359	0.948861	0.943672	0.992145	0.951435	1.008498	1.015838	1.012125	1.017691	1.015345	0.958081	0.961422	0.981874	1.011855
PIK3CD-AS2	RP11-558F24.4	ASO_G0231789_09	Targeted lncRNA	r6b5p2	0.396804	0.4535	0.831085	0.853819	0.936407	0.923384	0.967184	0.968726	1.105856	1.116304	1.159858	1.204629	0.876046	0.871636	0.84656	0.859874	0.88108	0.930926	0.91777	0.946105	0.924844	0.926566	0.928152	0.927603	0.888157	0.874916	1.012268	1.036786
ADAMTS7P4	RP11-561C5.5	ASO_G0218052_01	Targeted lncRNA	r4b4p1	0.953916	1.082804	1.048198	1.049077	1.04992	1.035937	1.023428	1.008808	0.964394	0.965466	0.963548	0.956192	1.04595	1.027196	1.043547	1.032424	1.02006	1.015455	1.01356	1.007286	1.005823	1.01942	1.002418	1.014048	1.034245	1.031099	1.00478	0.991011
ADAMTS7P4	RP11-561C5.5	ASO_G0218052_02	Targeted lncRNA	r4b4p1	1.031544	1.003838	1.123052	0.992768	0.975264	0.98363	0.988161	0.993737	0.988451	0.996057	0.992596	1.001153	1.023014	0.973345	1.026497	0.988209	1.058761	1.007995	1.03236	1.00128	1.090603	1.005264	1.096259	1.007963	1.074011	0.988504	1.001085	1.005799
ADAMTS7P4	RP11-561C5.5	ASO_G0218052_03	Targeted lncRNA	r4b4p1	0.946346	0.95803	0.962543	1.0385	1.029201	0.975959	1.000951	0.991199	1.003122	1.016049	1.003463	1.010125	0.98407	1.006537	0.977006	1.000118	0.953405	1.023813	0.96436	1.029457	0.971041	1.025228	0.975668	1.035591	0.978305	1.011989	1.004422	1.003225
ADAMTS7P4	RP11-561C5.5	ASO_G0218052_05	Targeted lncRNA	r4b4p1	0.948894	1.028535	1.017947	1.048873	1.000651	0.984544	0.999141	0.993449	0.989224	1.026248	0.993663	1.0446	0.999473	1.024039	1.001933	1.017466	0.999508	1.060372	0.999786	1.049978	1.010587	1.035502	1.013786	1.034496	1.004389	1.010797	0.997116	1.014747
ADAMTS7P4	RP11-561C5.5	ASO_G0218052_06	Targeted lncRNA	r4b4p1	0.963944	0.93854	1.012624	0.943062	1.004804	0.993538	1.009121	1.000867	0.99777	1.020365	1.037945	1.052113	1.007517	0.968798	1.004136	0.962758	1.01246	0.971461	1.023145	0.989055	0.975543	0.959938	0.973276	0.966673	0.974564	0.95211	1.024601	1.021717
PRANCR	RP11-611E13.2	ASO_G0257815_01	Targeted lncRNA	r2b1p1	0.760339	0.766309	1.002367	1.009129	0.977713	1.031229	0.998982	1.013537	1.011369	0.980007	0.994091	1.002675	0.981187	1.029663	0.986603	1.023832	1.011673	1.004368	1.000352	1.006211	1.02542	0.988158	1.015858	0.983766	0.999587	0.997133	0.992217	1.007553
PRANCR	RP11-611E13.2	ASO_G0257815_02	Targeted lncRNA	r2b1p1	1.021705	0.961956	1.051261	1.087461	0.886605	0.87766	0.976383	0.972343	1.036076	1.027404	0.9851	0.94879	0.947147	0.954987	0.964175	0.976393	1.083777	1.101302	1.051472	1.059471	1.098555	1.141671	1.098252	1.139878	1.013588	1.048175	0.982312	0.975645
PRANCR	RP11-611E13.2	ASO_G0257815_03	Targeted lncRNA	r2b1p1	1.014148	0.988792	0.895824	0.958028	0.890403	0.911333	0.979926	0.992076	1.081826	1.054856	1.116577	1.098558	0.883541	0.934474	0.886714	0.940226	1.019484	1.03101	1.021212	1.042902	0.965317	0.977543	0.980838	0.992479	0.881979	0.924656	1.032326	1.036175
PRANCR	RP11-611E13.2	ASO_G0257815_04	Targeted lncRNA	r2b1p1	0.712085	0.749936	0.975074	0.967507	0.959848	0.918552	0.990986	0.973699	1.024451	1.047936	1.028891	1.049316	0.957359	0.92897	0.953097	0.923446	1.008518	1.014357	1.004066	1.009975	1.019389	1.028855	1.014829	1.02811	0.96532	0.957326	0.994045	0.997641
PRANCR	RP11-611E13.2	ASO_G0257815_05	Targeted lncRNA	r2b1p1	0.863451	0.98826	0.992884	0.976683	0.97415	0.949855	0.996235	0.992422	1.022457	1.011335	1.045294	1.001361	0.97993	0.95931	0.978097	0.962619	1.026721	1.034094	1.033739	1.018886	0.991147	1.014686	0.991234	1.007079	0.964318	0.962368	1.021802	0.992433
PRANCR	RP11-611E13.2	ASO_G0257815_AD_01	Targeted lncRNA	r11b1ADp5	0.90337	0.89862	1.128358	1.114634	1.080571	1.066431	1.013133	1.004787	0.944071	0.964563	0.922405	0.925134	1.104296	1.092818	1.102285	1.081452	1.03596	1.010482	1.01694	0.998414	1.048445	1.067836	1.038762	1.055394	1.102842	1.102536	0.983054	0.961903
PRANCR	RP11-611E13.2	ASO_G0257815_AD_03	Targeted lncRNA	r11b1ADp5	0.855903	0.828816	1.018234	0.995947	1.051556	1.06767	1.013104	1.008142	0.988836	0.994791	0.967484	0.982049	1.035165	1.025059	1.02802	1.018284	0.990052	0.966903	0.988954	0.973494	0.99035	0.985482	0.97944	0.983768	1.008617	1.00974	0.988012	0.989882
PRANCR	RP11-611E13.2	ASO_G0257815_AD_04	Targeted lncRNA	r11b1ADp5	0.764811	0.753525	1.086722	1.021531	1.044027	1.048973	1.000825	0.990993	0.99651	0.982537	0.994967	0.95718	1.066342	1.040077	1.048041	1.030102	1.008673	0.990224	1.001537	0.968085	1.043442	1.035231	1.034779	1.027216	1.053828	1.044	0.990639	0.969375
GIHCG	RP11-620J15.3	ASO_G0257698_01	Targeted lncRNA	r8b7p5	0.95922	0.972642	0.960001	0.95327	0.925701	0.894013	0.989829	0.977909	1.017333	1.038321	1.007638	1.028251	0.932276	0.908887	0.935384	0.914576	1.010617	1.009565	0.987624	0.999365	1.019859	1.027158	1.019412	1.033087	0.972567	0.958919	0.984134	0.992903
GIHCG	RP11-620J15.3	ASO_G0257698_03	Targeted lncRNA	r8b7p5	0.934848	0.909478	0.986973	0.983608	1.005245	0.928682	1.00217	0.985778	1.013744	1.040018	1.048393	1.077518	1.003361	0.957088	0.988513	0.956981	0.998341	1.010147	1.01193	1.018054	0.978276	0.99781	0.97945	1.011855	0.975125	0.966684	1.016943	1.021841
GIHCG	RP11-620J15.3	ASO_G0257698_04	Targeted lncRNA	r8b7p5	0.788567	0.786852	0.917665	0.961432	0.969507	0.967135	0.991009	0.982217	1.04397	1.027038	1.104116	1.069611	0.943956	0.958987	0.933397	0.951506	0.971402	0.993271	0.985441	0.986096	0.960027	1.010413	0.957225	1.015573	0.916877	0.963528	1.016798	0.997268
GIHCG	RP11-620J15.3	ASO_G0257698_05	Targeted lncRNA	r8b7p5	0.88302	0.855139	1.026343	1.026422	1.03632	1.056174	1.000673	0.998501	0.985233	1.03545	1.013761	1.040545	1.025454	1.053434	1.015344	1.03801	0.990147	0.998417	0.997264	1.010899	1.00896	0.992084	1.013598	0.997179	1.01846	1.016146	0.997671	1.005125
GIHCG	RP11-620J15.3	ASO_G0257698_07	Targeted lncRNA	r8b7p5	0.874076	0.880859	1.027307	1.001595	1.018893	0.957974	0.99961	0.982409	0.987826	1.023419	1.005961	1.042127	1.031537	0.981019	1.021538	0.978486	1.014444	1.016045	1.018272	1.009341	0.99658	1.029317	0.998644	1.032176	1.005442	0.998404	1.003805	0.997632
NBDY	RP11-622K12.1	ASO_G0204272_01	Targeted lncRNA	r5b3p4	1.105664	1.10183	1.079054	0.937958	0.981856	1.005752	0.990709	1.003219	1.021269	0.954995	0.998828	0.963223	1.029159	0.969818	1.034569	0.976064	1.051439	0.960283	1.047358	0.9594	1.04842	0.981384	1.049914	0.979387	1.039636	0.998451	1.00257	0.990315
NBDY	RP11-622K12.1	ASO_G0204272_03	Targeted lncRNA	r5b3p4	0.912544	1.078247	0.958526	1.031565	0.997764	0.976098	1.000503	0.99733	1.007217	0.966123	1.006898	1.000212	0.98365	0.987212	0.982163	0.990863	0.971318	1.011377	0.987672	1.006103	0.976119	1.019873	0.984808	1.020488	0.986919	1.015237	1.004202	0.999318
NBDY	RP11-622K12.1	ASO_G0204272_04	Targeted lncRNA	r5b3p4	0.960739	0.983586	0.988233	1.086621	1.045542	1.116035	1.000182	1.023259	1.003388	1.011126	1.01919	0.944544	1.027196	1.116254	1.017337	1.108764	0.983457	0.988388	0.991621	1.000478	0.966632	0.974501	0.970887	0.971554	1.000067	1.079901	1.014426	1.000475
NBDY	RP11-622K12.1	ASO_G0204272_05	Targeted lncRNA	r5b3p4	0.993261	0.827579	1.064437	1.17553	0.983262	1.05863	0.993656	1.019308	1.018607	1.049412	1.016232	0.974067	1.01892	1.113214	1.013496	1.116094	1.021335	1.029652	1.021058	1.031854	1.042879	0.987783	1.045057	0.990181	1.034676	1.086851	1.003615	1.0165
NBDY	RP11-622K12.1	ASO_G0204272_06	Targeted lncRNA	r5b3p4	0.945944	0.955344	1.047658	1.011049	1.099844	1.049355	1.023346	1.010387	0.980206	1.0106	0.967856	0.981263	1.09209	1.038081	1.08145	1.037926	0.984315	0.985606	0.995861	0.995809	0.94524	0.973886	0.952503	0.979327	1.04495	1.031161	1.01647	1.004413
RP11-656D10.3	RP11-656D10.3	ASO_G0238287_02	Targeted lncRNA	r7b6p6	0.901857	0.939743	0.94416	1.024522	1.004846	1.030795	0.996163	1.003822	1.023189	0.97584	0.98967	0.989655	0.97877	1.032453	0.977242	1.025795	0.978114	1.001368	0.965196	0.99993	1.000733	1.008471	0.998231	0.996332	0.99287	1.028613	0.984737	0.991005
RP11-656D10.3	RP11-656D10.3	ASO_G0238287_03	Targeted lncRNA	r7b6p6	0.844959	0.813463	0.959008	0.951545	0.984136	0.927982	0.996903	0.98225	1.036179	1.073515	1.073867	1.106666	0.982083	0.936439	0.966961	0.925871	1.002056	0.994308	1.008616	1.011112	0.99286	0.991835	0.997096	0.99618	0.9549	0.935469	1.007587	1.0222
RP11-656D10.3	RP11-656D10.3	ASO_G0238287_04	Targeted lncRNA	r7b6p6	0.773304	0.783252	1.028248	1.002202	0.947465	0.950743	0.984753	0.984064	1.061473	1.049986	1.077983	1.075654	0.984624	0.969927	0.979634	0.965317	1.031465	1.030101	1.029981	1.032471	1.029415	1.034425	1.035266	1.041759	0.983315	0.975104	1.012308	1.011024
RP11-656D10.3	RP11-656D10.3	ASO_G0238287_05	Targeted lncRNA	r7b6p6	0.719411	0.694365	1.001394	1.013851	0.93796	0.946745	0.986256	0.991281	1.049558	1.033196	1.097276	1.082054	0.961958	0.980859	0.953354	0.972316	1.01337	1.028181	1.010403	1.033841	1.018121	1.029883	1.022176	1.031399	0.969089	0.971951	1.017477	1.018211
RP11-656D10.3	RP11-656D10.3	ASO_G0238287_07	Targeted lncRNA	r7b6p6	0.795632	0.762541	1.029902	1.074732	0.975869	0.970014	0.995497	0.993194	0.995761	1.031341	1.04178	1.033804	1.009216	1.017018	1.003042	1.01132	1.025643	1.029387	1.022576	1.034504	1.034093	1.029045	1.029128	1.034951	1.003906	1.014607	1.007744	1.018899
LINC01503	RP11-65J3.1	ASO_G0233901_02	Targeted lncRNA	r2b1p1	0.951506	0.962663	0.893237	0.954258	0.993311	0.971492	1.006388	0.994672	1.005957	1.009094	1.047266	1.007784	0.955066	0.967471	0.951861	0.971104	0.967356	0.988674	0.980672	0.987804	0.942389	1.002402	0.950893	1.012515	0.931664	0.980369	1.019064	0.992826
LINC01503	RP11-65J3.1	ASO_G0233901_03	Targeted lncRNA	r2b1p1	0.927346	0.936668	0.904618	0.944841	0.881278	0.879265	0.975982	0.971571	1.062278	1.04317	1.075637	1.056441	0.874263	0.89738	0.879758	0.903012	1.007093	1.036581	0.995387	1.022078	1.008014	1.054879	1.017963	1.050421	0.916853	0.94333	1.00581	0.99732
LINC01503	RP11-65J3.1	ASO_G0233901_04	Targeted lncRNA	r2b1p1	0.914746	0.891481	0.985418	1.001209	1.135895	1.150606	1.021047	1.037134	0.95318	0.882554	0.95992	0.863554	1.085556	1.097551	1.078534	1.098584	0.968165	0.951497	0.97943	0.956799	0.934827	0.971679	0.914706	0.954376	1.016699	1.064041	1.000069	0.975929
LINC01503	RP11-65J3.1	ASO_G0233901_05	Targeted lncRNA	r2b1p1	0.321302	0.067924	0.896288	0.811542	1.019217	0.93734	0.993135	0.968248	1.033946	1.049105	1.043839	1.108261	0.963712	0.871323	0.955787	0.856828	0.937175	0.889493	0.95096	0.91897	0.912557	0.895002	0.900999	0.890428	0.937561	0.878865	1.003231	1.000221
LINC01503	RP11-65J3.1	ASO_G0233901_07	Targeted lncRNA	r2b1p1	0.927973	0.955956	0.97709	0.870285	0.943187	0.943792	0.985994	0.988908	1.062817	1.014286	1.044746	1.014747	0.955925	0.909776	0.953793	0.910161	1.004583	0.971121	0.998422	0.968044	1.006118	0.975791	1.015952	0.982675	0.978786	0.927236	0.99883	0.992053
RP11-660L16.2	RP11-660L16.2	ASO_G0254682_02	Targeted lncRNA	r8b7p3	0.622694	0.690072	0.875108	0.91257	0.918894	0.892856	0.970161	0.96042	1.098848	1.101912	1.150285	1.144378	0.892745	0.882986	0.877507	0.876055	0.969803	0.992875	0.982286	1.004206	0.982799	1.028562	0.983658	1.034087	0.886542	0.901472	1.019148	1.011777
RP11-660L16.2	RP11-660L16.2	ASO_G0254682_03	Targeted lncRNA	r8b7p3	0.887939	0.888424	0.934079	1.003368	0.989213	1.00007	0.985288	0.987712	1.043959	1.037134	1.068734	1.053968	0.957705	0.994295	0.944211	0.979186	0.970176	0.998384	0.986641	1.014207	0.967523	1.016956	0.979565	1.01817	0.936707	0.976789	1.007948	1.004935
RP11-660L16.2	RP11-660L16.2	ASO_G0254682_04	Targeted lncRNA	r8b7p3	0.862011	0.82244	0.91627	0.933198	0.949739	0.913981	0.983528	0.977101	1.026393	1.074162	1.071724	1.107164	0.924533	0.910373	0.918902	0.908026	0.98792	0.995441	0.990473	1.015871	0.992768	0.992576	0.989459	1.004826	0.923623	0.913816	0.999315	1.022932
RP11-660L16.2	RP11-660L16.2	ASO_G0254682_06	Targeted lncRNA	r8b7p3	0.855172	0.84923	0.95877	0.93979	0.951083	0.994056	0.982776	0.985967	1.053923	1.024892	1.087781	1.059985	0.946728	0.968875	0.938469	0.953213	1.033561	0.99948	1.023887	1.004539	0.996332	1.006087	1.006779	1.004025	0.929697	0.944737	1.011543	0.999459
RP11-660L16.2	RP11-660L16.2	ASO_G0254682_09	Targeted lncRNA	r8b7p3	0.945644	0.934748	0.980132	0.880996	0.924526	0.888319	0.966336	0.972685	1.06297	1.058833	1.05938	1.114412	0.931726	0.878897	0.933445	0.878896	1.04724	1.016647	1.019083	1.016674	1.050752	0.967338	1.054139	0.980878	0.962819	0.880039	0.989564	1.019138
RP11-660L16.2	RP11-660L16.2	ASO_G0254682_AD_01	Targeted lncRNA	r11b1ADp4	1.004768	0.983376	1.018497	0.954519	0.954291	0.997136	0.991571	1.005187	0.988904	0.959338	0.960347	0.961177	0.976686	0.979099	0.981994	0.980951	1.023483	0.981199	0.997546	0.980078	1.048726	0.990116	1.043215	0.985744	1.024593	0.988498	0.978967	0.988403
RP11-660L16.2	RP11-660L16.2	ASO_G0254682_AD_04	Targeted lncRNA	r11b1ADp4	0.843612	0.942181	1.004275	0.980563	1.018967	0.991301	0.999245	0.993806	0.999105	0.996908	1.007274	0.991514	1.0264	0.981922	1.009382	0.980711	1.000623	0.987749	0.999702	0.9821	1.017562	1.026291	1.004868	1.01962	1.006882	1.004035	0.991054	0.984229
RP11-660L16.2	RP11-660L16.2	ASO_G0254682_AD_07	Targeted lncRNA	r11b1ADp4	0.790869	0.879394	1.004304	1.092462	0.983542	0.953223	0.992405	0.976173	0.997429	1.021769	0.977342	0.979428	0.994846	1.008692	0.995319	1.019731	1.006305	1.059964	0.997303	1.031836	1.029061	1.080831	1.030143	1.078808	1.011577	1.046965	0.984106	0.987955
RP11-660L16.2	RP11-660L16.2	ASO_G0254682_AD_09	Targeted lncRNA	r11b1ADp4	0.900876	0.944356	1.060013	1.133213	1.005132	1.015659	1.000769	1.003319	0.998511	0.965178	0.996384	0.961909	1.029046	1.073441	1.023335	1.078093	1.000942	1.047916	1.013364	1.027925	1.016187	1.040654	1.007387	1.032922	1.025613	1.073722	0.996586	0.990782
RP11-660L16.2	RP11-660L16.2	ASO_G0254682_AD_10	Targeted lncRNA	r11b1ADp4	0.990648	0.998452	1.063045	1.013881	1.027256	1.003409	1.000769	0.99486	0.974516	0.98579	0.974406	1.000625	1.040036	1.010655	1.04245	1.013684	1.01158	0.99202	1.002858	0.994374	1.0398	1.001966	1.027218	0.997525	1.046899	1.011027	0.986559	0.998416
GACAT2	RP11-674N23.1	ASO_G0265962_01	Targeted lncRNA	r2b1p5	1.040971	1.001732	0.963722	1.013216	0.848285	0.924172	0.968265	0.992763	1.092816	1.056831	1.175572	1.089289	0.882849	0.959794	0.890519	0.960529	1.060233	1.041093	1.058818	1.048502	1.013987	1.017767	1.019375	1.025129	0.891583	0.964619	1.052664	1.026026
GACAT2	RP11-674N23.1	ASO_G0265962_02	Targeted lncRNA	r2b1p5	0.939315	0.9107	1.047316	0.953592	0.988739	0.948826	0.998692	1.000613	1.019746	1.037971	1.010287	1.095964	1.006116	0.955196	1.009687	0.950142	1.019725	0.990303	1.027805	1.010786	1.011475	0.967095	1.006418	0.975123	0.99715	0.938889	1.011899	1.033605
GACAT2	RP11-674N23.1	ASO_G0265962_04	Targeted lncRNA	r2b1p5	0.725249	0.761955	1.034335	1.061542	0.927117	0.88508	0.98698	0.969289	1.034795	1.063461	1.065739	1.084979	0.961626	0.953975	0.953913	0.958268	1.054446	1.082787	1.055006	1.066056	1.051425	1.096017	1.0388	1.092859	0.964866	0.988994	1.012916	1.011038
GACAT2	RP11-674N23.1	ASO_G0265962_05	Targeted lncRNA	r2b1p5	0.660065	0.636189	0.850597	0.819661	0.855061	0.847903	0.978964	0.955893	1.143051	1.13033	1.253595	1.257978	0.847484	0.827526	0.832644	0.821634	1.005727	0.989217	1.033705	1.014233	0.938574	0.951751	0.954043	0.97104	0.815347	0.819071	1.068161	1.05482
GACAT2	RP11-674N23.1	ASO_G0265962_06	Targeted lncRNA	r2b1p5	0.082711	0.16657	0.749334	0.756319	0.776139	0.793917	0.941368	0.944617	1.191675	1.167788	1.28029	1.273594	0.743756	0.7661	0.739562	0.763875	0.960984	0.976619	0.973514	0.993949	0.922886	0.926601	0.9456	0.947964	0.777362	0.773685	1.051585	1.050461
CASP4LP	RP11-693N9.2	ASO_G0235505_01	Targeted lncRNA	r6b5p4	0.382784	0.562366	0.878031	1.018928	1.031718	1.037825	0.986497	0.997815	1.029025	1.001165	1.09888	0.99852	0.959203	1.019882	0.933916	1.000556	0.921264	0.973536	0.956703	0.978097	0.933247	1.007546	0.931676	1.0046	0.919969	1.017727	1.01795	0.992005
CASP4LP	RP11-693N9.2	ASO_G0235505_02	Targeted lncRNA	r6b5p4	0.792701	0.915193	0.906634	0.99402	1.006843	0.994206	0.989809	1.003385	1.012705	1.009166	1.058891	1.030587	0.958773	1.000253	0.950126	1.001787	0.951828	0.998763	0.966934	1.003848	0.966595	0.992749	0.972253	0.999449	0.939979	0.998389	0.998247	1.01704
CASP4LP	RP11-693N9.2	ASO_G0235505_03	Targeted lncRNA	r6b5p4	0.90428	0.952303	0.891443	0.997804	0.998857	0.984967	1.003349	0.997983	1.009258	1.021552	1.04255	1.007804	0.948274	0.991886	0.936515	0.998817	0.943492	1.012699	0.966545	1.018273	0.955937	0.993018	0.955174	1.006708	0.92719	0.994256	1.003495	1.008905
CASP4LP	RP11-693N9.2	ASO_G0235505_04	Targeted lncRNA	r6b5p4	0.789687	0.870649	0.943548	0.956125	1.002663	1.056709	1.0049	1.015746	1.029925	1.007481	1.066922	1.010165	0.975697	1.023135	0.957865	1.013531	0.973538	0.96512	0.994283	0.983375	0.980149	0.929058	0.977679	0.938464	0.941814	0.987164	1.005485	1.021335
CASP4LP	RP11-693N9.2	ASO_G0235505_10	Targeted lncRNA	r6b5p4	0.800139	0.821041	0.948518	0.953381	0.991202	0.994019	0.981784	0.994551	1.056084	1.033306	1.098249	1.06669	0.969824	0.97573	0.951317	0.972088	0.970148	0.984447	0.987791	1.001089	0.979304	0.954038	0.98114	0.97186	0.949764	0.961057	1.008394	1.031962
CASP4LP	RP11-693N9.2	ASO_G0235505_AD_01	Targeted lncRNA	r15bALLp4	0.74222	0.949873	1.028797	0.971423	0.969388	0.980702	0.989897	0.991096	0.987277	1.017277	0.948746	1.001135	0.980738	0.980702	0.984298	0.977469	1.002563	1.00544	0.993614	0.999403	1.054554	1.018345	1.054711	1.014818	1.035711	0.99916	0.978489	0.991079
CASP4LP	RP11-693N9.2	ASO_G0235505_AD_02	Targeted lncRNA	r15bALLp5	0.938742	0.934522	1.030685	0.968177	1.036355	0.954096	1.006812	1.00012	0.968953	0.984543	0.941441	1.027879	1.039841	0.96024	1.038819	0.964802	1.006958	0.996841	0.992448	0.998271	1.03462	0.975066	1.024127	0.983111	1.045092	0.957448	0.97816	1.019636
CASP4LP	RP11-693N9.2	ASO_G0235505_AD_06	Targeted lncRNA	r15bALLp5	0.90926	0.977991	0.965435	1.009847	1.028566	1.028674	0.996922	1.003401	0.999266	0.996513	0.989241	1.006247	0.996601	1.026351	0.989441	1.01532	0.973084	0.996242	0.971769	1.001054	0.995647	0.993843	0.991365	0.993136	0.994934	1.002112	0.988716	1.006159
CASP4LP	RP11-693N9.2	ASO_G0235505_AD_08	Targeted lncRNA	r15bALLp5	0.821996	1.008714	1.046072	1.04753	1.002997	1.001009	1.011232	1.002588	0.988445	0.999668	1.002364	0.998851	1.03359	1.020652	1.031834	1.013648	1.008613	1.001921	1.015226	1.00913	1.001415	1.020173	0.997816	1.010656	1.027592	1.014225	1.016578	0.999111
CASP4LP	RP11-693N9.2	ASO_G0235505_AD_10	Targeted lncRNA	r15bALLp5	0.976792	0.964153	0.983139	0.929995	0.998519	1.025184	1.00499	1.004581	0.995037	0.986653	1.025316	0.992628	0.999366	0.978993	0.996437	0.979002	0.994895	0.962471	1.008044	0.966184	0.967668	0.94589	0.969794	0.945156	0.974345	0.951874	1.015401	1.001624
RP11-6N17.4	RP11-6N17.4	ASO_G0264920_01	Targeted lncRNA	r9b8p3	1.027337	0.956577	1.015558	0.984399	1.013018	1.000931	1.005685	1.001708	0.985024	1.017317	1.008899	1.027666	1.02291	1.001608	1.021118	0.992144	1.016284	0.985897	1.019501	0.993179	0.998901	0.99571	0.996266	0.994555	1.002024	0.987382	1.003646	0.998572
RP11-6N17.4	RP11-6N17.4	ASO_G0264920_03	Targeted lncRNA	r9b8p3	0.681746	0.684653	0.912547	0.961555	0.97653	0.916373	0.982965	0.979243	1.027483	1.046843	1.102729	1.104821	0.93463	0.925794	0.921141	0.917998	0.962353	0.995161	0.976707	0.998844	0.978538	1.009364	0.982763	1.01038	0.91709	0.935169	1.005723	1.006099
RP11-6N17.4	RP11-6N17.4	ASO_G0264920_06	Targeted lncRNA	r9b8p3	0.755933	0.739472	1.064568	1.028878	0.941176	1.019601	0.995569	0.99686	1.040056	1.005205	1.062673	1.029969	0.99456	1.027599	0.992668	1.014095	1.047761	1.014046	1.054467	1.010594	1.020817	1.012166	1.027752	1.012127	0.982898	1.002868	1.021078	0.996013
RP11-6N17.4	RP11-6N17.4	ASO_G0264920_07	Targeted lncRNA	r9b8p3	0.758453	0.760296	0.891874	0.922131	0.969752	0.978603	0.993125	0.993535	1.012298	1.016593	1.053615	1.073185	0.933161	0.95538	0.925035	0.943884	0.960881	0.978008	0.977384	0.995959	0.958828	0.968948	0.959297	0.970989	0.912798	0.925002	1.006054	1.008588
RP11-6N17.4	RP11-6N17.4	ASO_G0264920_08	Targeted lncRNA	r9b8p3	0.84682	0.817588	0.891252	0.872436	1.006982	0.963673	1.005542	0.98673	0.992817	1.011811	1.032323	1.042715	0.952849	0.908227	0.938274	0.904146	0.942634	0.947081	0.957139	0.960737	0.94992	0.954045	0.948409	0.966718	0.930781	0.911204	1.002208	0.999603
RP11-6N17.4	RP11-6N17.4	ASO_G0264920_AD_02	Targeted lncRNA	r12b2ADp5	0.889404	0.899129	1.006894	0.954261	1.060588	1.071205	1.008237	1.004974	0.942244	0.944568	0.944654	0.959082	1.025351	1.011607	1.021947	0.996012	0.971243	0.950234	0.979832	0.955765	0.998009	0.980631	0.988772	0.967966	1.014394	0.98434	0.979007	0.969658
RP11-6N17.4	RP11-6N17.4	ASO_G0264920_AD_03	Targeted lncRNA	r12b2ADp5	1.007494	1.087717	1.025078	1.0555	1.023838	1.032129	1.001535	1.010366	0.953241	0.959617	0.942547	0.98394	1.018833	1.056445	1.022554	1.050127	1.000878	1.012973	0.988632	1.015526	1.026494	0.995071	1.020165	0.988448	1.043214	1.036533	0.981746	0.999968
RP11-6N17.4	RP11-6N17.4	ASO_G0264920_AD_04	Targeted lncRNA	r12b2ADp5	0.862742	0.788439	0.890499	0.955823	0.994103	1.057589	0.98074	0.999284	0.992998	0.953056	0.981405	0.968425	0.925671	1.006741	0.919651	0.992436	0.938051	0.965854	0.936976	0.946208	0.987502	0.994253	0.9886	0.981886	0.961268	0.993424	0.969991	0.96547
RP11-6N17.4	RP11-6N17.4	ASO_G0264920_AD_05	Targeted lncRNA	r12b2ADp5	0.942722	0.988963	0.981476	1.058668	1.036529	1.009715	1.006926	0.993685	0.963753	0.972574	0.962392	0.998737	1.025034	1.020526	1.033696	1.01571	0.988016	1.011439	0.976683	1.011414	0.992819	1.028679	0.985681	1.024615	1.016362	1.018324	0.98346	0.993063
RP11-6N17.4	RP11-6N17.4	ASO_G0264920_AD_06	Targeted lncRNA	r12b2ADp5	1.033684	0.988254	1.027834	1.034191	0.956158	1.000326	0.984464	1.002889	0.991374	0.928306	0.970657	0.940634	0.97404	1.015582	0.983329	1.02365	1.035187	1.015872	1.013005	1.002904	1.044048	1.020399	1.044643	1.01561	1.01039	1.034779	0.990697	0.989653
RP11-727A23.5	RP11-727A23.5	ASO_G0247137_01	Targeted lncRNA	r7b6p5	1.018671	1.059332	0.933625	0.925853	0.995202	0.963368	0.993703	0.988934	1.007843	1.037039	1.021106	1.06236	0.967592	0.948593	0.959629	0.948668	0.968111	0.988595	0.974977	0.995101	0.991749	0.974412	0.978401	0.972539	0.961855	0.93651	0.981792	1.011872
RP11-727A23.5	RP11-727A23.5	ASO_G0247137_03	Targeted lncRNA	r7b6p5	1.025335	0.984588	0.946182	0.943684	1.076521	1.02095	0.997911	0.991423	0.957437	0.979231	0.958497	1.009292	1.015223	0.983974	1.006081	0.981054	0.960837	0.98165	0.945161	0.981431	1.001022	1.009653	0.976956	0.999697	0.997191	0.975296	0.956355	0.981234
RP11-727A23.5	RP11-727A23.5	ASO_G0247137_04	Targeted lncRNA	r7b6p5	0.970828	0.908466	0.974562	0.93355	1.044681	0.954054	0.994326	0.997531	0.969504	1.002533	0.957137	1.055119	1.002405	0.944071	0.994189	0.94025	0.970534	0.997287	0.952933	1.009348	1.044	0.973881	1.019241	0.96708	1.019937	0.925287	0.943324	1.009473
RP11-727A23.5	RP11-727A23.5	ASO_G0247137_05	Targeted lncRNA	r7b6p5	1.027046	0.861222	0.977179	0.871026	1.009137	0.966349	0.992794	0.99533	0.969963	1.0181	0.98103	1.072155	0.994901	0.925642	0.99245	0.917222	0.975662	0.950764	0.974947	0.961602	1.031851	0.944208	1.007785	0.947583	0.999855	0.913428	0.964888	1.003136
RP11-727A23.5	RP11-727A23.5	ASO_G0247137_09	Targeted lncRNA	r7b6p5	1.029985	0.919774	0.919581	0.812838	1.040555	0.944598	1.004923	0.991471	0.949174	1.046406	0.974971	1.122583	0.992388	0.887264	0.988271	0.876088	0.953735	0.941243	0.957816	0.964404	0.966462	0.920515	0.951782	0.915142	0.963062	0.853637	0.977164	1.012239
TMC3-AS1	RP11-761I4.3	ASO_G0259343_01	Targeted lncRNA	r9b8p1	0.971839	0.945927	1.01104	1.077991	1.020349	0.966156	1.008139	0.998151	0.970545	1.011783	0.986333	0.956042	1.024491	1.016242	1.024355	1.025593	1.010956	1.026626	1.00159	1.017714	1.013498	1.051098	1.007653	1.056492	1.014507	1.053604	0.996048	0.98777
TMC3-AS1	RP11-761I4.3	ASO_G0259343_04	Targeted lncRNA	r9b8p1	0.894472	0.876682	0.918802	0.983564	1.052829	1.036728	1.007207	0.99341	0.973944	0.971898	0.995101	0.993427	0.988967	1.018197	0.983525	1.011957	0.938754	0.997864	0.952014	0.99485	0.945221	1.004639	0.947167	1.010535	0.964601	1.001273	0.990743	0.98678
TMC3-AS1	RP11-761I4.3	ASO_G0259343_05	Targeted lncRNA	r9b8p1	0.748601	0.716902	0.965145	0.960563	1.033104	0.984312	0.995131	0.982606	0.989224	1.009739	1.010479	1.065644	1.000805	0.964578	0.992775	0.951843	0.966827	0.976295	0.966491	0.982976	0.990105	0.993219	0.98765	0.991812	0.991993	0.958349	0.989664	1.004559
TMC3-AS1	RP11-761I4.3	ASO_G0259343_06	Targeted lncRNA	r9b8p1	0.835681	0.821107	0.945039	1.039637	0.985971	0.985264	0.987395	0.992517	1.012737	1.010162	1.053399	1.027428	0.957991	0.999521	0.951955	0.995435	0.970627	1.022203	0.977529	1.018718	0.987595	1.036106	0.988602	1.036261	0.955166	1.008205	1.000222	1.002704
TMC3-AS1	RP11-761I4.3	ASO_G0259343_09	Targeted lncRNA	r9b8p1	0.909641	0.872908	1.104276	1.010908	0.998756	0.997619	0.996378	0.998075	1.000155	0.970482	0.998274	0.983968	1.038805	1.001522	1.038553	0.998185	1.025211	1.002711	1.022392	0.990743	1.046435	1.045018	1.051781	1.046148	1.04872	1.023713	1.00241	0.985972
FRG1JP	RP11-764K9.4	ASO_G0215548_01	Targeted lncRNA	r4b4p5	1.105375	1.01602	0.998981	0.963523	1.042947	0.986674	1.007179	0.99311	0.992568	0.986435	0.99039	0.945111	1.02386	0.968832	1.022381	0.974428	1.002547	0.980429	1.000162	0.963276	0.98406	1.007381	0.977612	1.012292	1.003659	1.01538	1.002405	0.979161
FRG1JP	RP11-764K9.4	ASO_G0215548_03	Targeted lncRNA	r4b4p5	0.998451	0.968081	1.001368	1.043831	1.015298	0.997958	1.007931	1.007643	1.023698	1.043513	1.024755	1.01717	1.012737	1.026289	1.013812	1.032776	1.033154	1.04008	1.022965	1.036174	0.982859	0.998431	0.983457	1.006948	0.990752	1.017744	1.01487	1.014174
FRG1JP	RP11-764K9.4	ASO_G0215548_04	Targeted lncRNA	r4b4p5	0.911964	0.98665	0.932635	1.037909	0.948444	0.924695	0.992627	0.978877	1.02378	1.033694	1.056264	1.000811	0.93662	0.958578	0.938707	0.967034	1.015509	1.058219	1.024136	1.019963	0.972393	1.083436	0.97711	1.086124	0.923999	1.028108	1.010671	0.992201
FRG1JP	RP11-764K9.4	ASO_G0215548_05	Targeted lncRNA	r4b4p5	0.944921	0.918229	1.047815	1.011759	1.039138	0.996212	1.000604	1.007511	0.97924	1.007945	0.984477	0.994761	1.043911	1.008779	1.04499	1.01463	1.021227	1.01304	1.015084	1.013331	1.01899	0.99911	1.018785	0.999444	1.032062	1.008381	0.988549	1.004323
PPP1R14B-AS1	RP11-783K16.5	ASO_G0256940_01	Targeted lncRNA	r8b7p4	1.065215	1.014749	0.941483	0.996069	0.990213	1.005324	0.991329	1.007085	0.999171	0.992206	1.026523	0.989004	0.962966	1.008484	0.956937	1.007219	0.971349	1.010157	0.969331	1.01222	0.989093	0.993834	0.983381	0.986507	0.962506	0.993629	0.990616	0.997669
PPP1R14B-AS1	RP11-783K16.5	ASO_G0256940_02	Targeted lncRNA	r8b7p4	0.906197	0.864678	0.956427	1.012162	0.971023	0.974119	0.988131	0.998598	1.026658	1.023188	1.092546	1.037342	0.961702	0.991484	0.955593	0.982935	0.99313	1.004739	1.01061	1.015719	0.982506	1.037121	0.981994	1.027275	0.938022	0.989139	1.012567	1.005326
PPP1R14B-AS1	RP11-783K16.5	ASO_G0256940_03	Targeted lncRNA	r8b7p4	0.836634	0.794828	0.963867	0.943283	0.885695	0.921453	0.974184	0.975844	1.037649	1.045679	1.066277	1.065607	0.907561	0.922461	0.909575	0.917229	1.030588	1.00653	1.017516	1.001881	1.040535	1.016886	1.043198	1.018987	0.946395	0.942309	0.994982	0.99177
PPP1R14B-AS1	RP11-783K16.5	ASO_G0256940_04	Targeted lncRNA	r8b7p4	0.943666	0.911157	0.9327	1.004698	0.985	0.926497	0.991578	0.988852	0.995548	1.049307	1.052707	1.128551	0.956584	0.967953	0.953271	0.967772	0.981134	1.037704	0.988	1.051196	0.988901	0.99078	0.985405	0.992684	0.95002	0.942917	0.996958	1.038704
PPP1R14B-AS1	RP11-783K16.5	ASO_G0256940_09	Targeted lncRNA	r8b7p4	0.872868	0.892644	0.97536	0.923333	0.990153	0.958587	0.996484	0.992593	0.981358	1.047671	1.012787	1.078564	0.983317	0.944412	0.976002	0.945365	0.990686	0.990575	0.988634	0.997313	1.003972	0.97067	1.000483	0.97418	0.972186	0.931114	0.992069	1.012727
LINC02381	RP11-834C11.4	ASO_G0250742_01	Targeted lncRNA	r1b0p3	0.922772	0.968627	1.023737	0.847067	1.073016	0.927308	1.013821	0.991355	0.996703	1.034457	0.960652	1.083431	1.059084	0.882202	1.053836	0.880403	0.969318	0.957085	0.970808	0.973654	0.978112	0.941101	0.972752	0.942539	1.056514	0.885777	0.989927	1.022112
LINC02381	RP11-834C11.4	ASO_G0250742_02	Targeted lncRNA	r1b0p3	1.003919	0.936952	0.946132	1.025827	0.969021	0.980509	0.99852	0.999688	0.950343	1.018765	1.035248	1.018027	0.955323	0.99791	0.954604	0.998592	0.965212	1.005382	0.980332	1.013021	0.976612	1.00942	0.981059	1.010412	0.958144	1.004285	1.010102	1.006545
LINC02381	RP11-834C11.4	ASO_G0250742_03	Targeted lncRNA	r1b0p3	0.934339	1.002175	0.900934	1.030135	0.964452	0.990781	0.989158	1.001443	1.054415	0.969739	1.066333	1.043084	0.928324	1.007249	0.923875	1.004172	0.95487	0.996676	0.972244	1.00292	0.960501	0.975928	0.971759	0.980703	0.930367	0.998588	1.012624	1.020435
LINC02381	RP11-834C11.4	ASO_G0250742_04	Targeted lncRNA	r1b0p3	0.856143	0.965806	0.886928	0.951863	0.950069	0.974194	0.982646	0.99652	1.028418	1.02074	1.071353	1.034973	0.914505	0.96612	0.917019	0.967461	0.957201	0.98204	0.969289	0.993132	0.952742	0.978781	0.967944	0.983094	0.920877	0.969014	1.012257	1.014842
LINC02381	RP11-834C11.4	ASO_G0250742_05	Targeted lncRNA	r1b0p3	0.369171	0.380602	0.721248	0.820077	0.713272	0.73069	0.924732	0.928254	1.226724	1.182819	1.377246	1.310759	0.701512	0.752361	0.699959	0.75155	0.982438	1.022649	1.00589	1.036024	0.944473	1.014786	0.970486	1.029431	0.729218	0.79485	1.062647	1.045969
LINC02381	RP11-834C11.4	ASO_G0250742_AD_01	Targeted lncRNA	r10b0ADp3	0.959875	1.020662	0.965623	0.963386	0.951036	0.932041	0.985625	0.982274	1.023613	1.048405	1.048675	1.048569	0.944171	0.936829	0.944114	0.942823	0.992103	1.024445	0.999117	1.017875	1.009658	1.013745	1.007177	1.018596	0.96235	0.948731	1.001171	1.003388
LINC02381	RP11-834C11.4	ASO_G0250742_AD_02	Targeted lncRNA	r10b0ADp3	0.902876	0.896089	0.945841	0.932044	0.937001	0.969392	0.973025	0.991449	1.04848	1.022862	1.084079	1.081405	0.929346	0.952988	0.925949	0.949674	0.997244	0.987377	0.990199	0.995528	1.024471	0.963756	1.029281	0.964635	0.949702	0.937187	0.996848	1.018166
LINC02381	RP11-834C11.4	ASO_G0250742_AD_04	Targeted lncRNA	r10b0ADp3	0.881184	0.902717	0.930307	0.904555	0.94283	0.948153	0.988153	0.986423	1.065601	1.069658	1.126266	1.107816	0.935412	0.934526	0.924527	0.929274	1.003713	0.98361	1.013006	0.99353	0.970381	0.967089	0.977328	0.972577	0.920666	0.916879	1.029768	1.016005
LINC02381	RP11-834C11.4	ASO_G0250742_AD_05	Targeted lncRNA	r10b0ADp3	0.914694	0.907387	0.988778	0.986344	0.932225	0.920031	0.982374	0.975855	1.033969	1.052931	1.089253	1.09674	0.95607	0.948389	0.957403	0.949249	1.030095	1.034329	1.030045	1.025032	1.028224	1.047896	1.029556	1.044397	0.958552	0.95855	1.009083	1.003067
LINC02381	RP11-834C11.4	ASO_G0250742_AD_09	Targeted lncRNA	r10b0ADp3	0.915524	0.968819	0.996385	0.927387	0.901594	0.932804	0.979862	0.975585	1.03791	1.037733	1.08572	1.063026	0.93564	0.922425	0.934992	0.925014	1.033251	0.998105	1.024365	0.986895	1.040386	1.015135	1.041968	1.018277	0.961053	0.940771	1.007469	0.989767
SRP54-AS1	RP11-85K15.2	ASO_G0258704_01	Targeted lncRNA	r8b7p5	1.004742	0.914705	1.007422	0.978899	0.978019	0.962886	1.000802	0.985554	1.01608	1.026875	1.018756	1.034366	0.994487	0.966607	0.989233	0.962243	1.023578	1.009287	1.020024	1.011089	1.004469	1.003857	1.007112	1.007842	0.990528	0.972533	1.001205	1.005247
SRP54-AS1	RP11-85K15.2	ASO_G0258704_03	Targeted lncRNA	r8b7p5	0.30451	0.352488	0.767885	0.823897	0.911801	0.894543	0.963695	0.961905	1.074506	1.057563	1.114964	1.091777	0.818482	0.843692	0.801608	0.837311	0.884358	0.943998	0.902222	0.939927	0.919	0.964572	0.910231	0.957905	0.840333	0.871996	0.98162	0.981105
SRP54-AS1	RP11-85K15.2	ASO_G0258704_04	Targeted lncRNA	r8b7p5	0.832817	0.881895	1.010713	0.953515	0.976125	0.942794	0.998733	0.987896	1.01788	1.0552	1.046901	1.124737	0.994214	0.945382	0.983555	0.937011	1.013365	0.991639	1.014801	1.007516	1.006139	0.975784	1.004464	0.991953	0.982399	0.932817	1.00095	1.028543
SRP54-AS1	RP11-85K15.2	ASO_G0258704_05	Targeted lncRNA	r8b7p5	0.704282	0.744704	0.923529	0.903939	0.965919	0.920121	0.983643	0.988147	1.050526	1.053348	1.118548	1.127831	0.942632	0.891646	0.924391	0.886015	0.969863	0.972484	0.98483	0.987627	0.98062	0.969602	0.984276	0.972501	0.925394	0.892064	1.010362	1.027624
SRP54-AS1	RP11-85K15.2	ASO_G0258704_09	Targeted lncRNA	r8b7p5	0.904618	0.939852	0.997825	0.976744	0.969708	0.952747	0.992509	0.990541	0.993612	1.00728	1.00806	1.050982	0.977226	0.969309	0.973767	0.969712	1.017865	1.028594	0.997583	1.021313	1.051284	1.002729	1.037516	1.003234	1.001276	0.953196	0.972736	1.006871
SRP54-AS1	RP11-85K15.2	ASO_G0258704_AD_01	Targeted lncRNA	r11b1ADp5	0.916701	0.925576	1.04099	1.050197	0.99909	0.999039	0.996466	1.009626	0.981741	0.984212	0.923884	0.961803	1.01251	1.01585	1.011649	1.027365	0.987322	1.017189	0.976273	1.007904	1.029428	1.024318	1.029288	1.01402	1.052018	1.028539	0.973779	0.989116
SRP54-AS1	RP11-85K15.2	ASO_G0258704_AD_02	Targeted lncRNA	r11b1ADp5	0.856034	0.865652	0.991538	0.936099	1.049452	1.071416	1.005563	1.00859	0.995661	0.97129	0.985033	0.979411	1.025673	1.004997	1.012242	0.994655	0.979005	0.924182	0.983209	0.932115	0.990013	0.96672	0.986629	0.95106	0.998567	0.978043	0.993103	0.983013
SRP54-AS1	RP11-85K15.2	ASO_G0258704_AD_04	Targeted lncRNA	r11b1ADp5	0.778744	0.801169	1.025257	1.028506	1.055604	1.036752	1.014706	1.012147	0.993053	1.0067	0.994432	1.000152	1.051742	1.030688	1.042099	1.020335	0.984384	0.995062	0.984389	0.990964	0.973233	1.020918	0.963311	1.013491	1.019165	1.027076	1.003876	0.991507
SRP54-AS1	RP11-85K15.2	ASO_G0258704_AD_06	Targeted lncRNA	r11b1ADp5	0.884961	0.927185	1.080202	1.073635	1.040337	1.099562	1.014568	1.008772	0.958171	0.956456	0.978565	0.935304	1.064026	1.090559	1.066292	1.085293	1.033572	0.995751	1.02931	0.985679	1.035012	1.018801	1.027969	1.010868	1.044776	1.077297	0.99835	0.978897
SRP54-AS1	RP11-85K15.2	ASO_G0258704_AD_07	Targeted lncRNA	r11b1ADp5	0.845972	0.897149	0.980763	1.018008	1.030361	0.977961	1.004978	1.006729	0.991955	1.017611	0.976154	1.032662	0.998754	0.994501	0.990485	0.991705	0.98319	0.995589	0.978644	1.010936	1.005271	1.010248	1.003499	1.010405	0.989578	0.995423	0.987899	1.013246
RP11-863P13.3	RP11-863P13.3	ASO_G0261327_01	Targeted lncRNA	r9b8p1	1.005837	0.954548	1.014089	1.016711	0.987848	1.016158	0.984523	1.001942	0.991941	1.013635	0.996077	0.99017	0.993979	1.014142	0.997814	1.013538	1.006427	0.990116	0.999115	0.988848	1.027213	1.004957	1.035068	1.010381	1.015811	1.017758	0.994218	0.997817
RP11-863P13.3	RP11-863P13.3	ASO_G0261327_02	Targeted lncRNA	r9b8p1	0.89446	0.98362	0.972487	0.9981	1.022045	1.025311	0.999226	0.998449	0.985272	0.957529	0.978093	0.993403	0.99675	1.015599	0.990814	1.014571	0.970622	0.978803	0.975218	0.99199	1.011266	1.00544	1.007868	1.004929	0.996117	1.013851	0.979702	1.001273
RP11-863P13.3	RP11-863P13.3	ASO_G0261327_05	Targeted lncRNA	r9b8p1	0.837652	0.990297	1.018671	1.019878	1.080243	1.015393	1.009863	1.002757	0.992555	0.962515	0.993452	0.975649	1.059964	1.021305	1.048922	1.018536	0.976511	1.001353	0.984666	0.997564	0.987151	1.018694	0.986834	1.010679	1.032688	1.019285	0.998174	0.991081
RP11-863P13.3	RP11-863P13.3	ASO_G0261327_09	Targeted lncRNA	r9b8p1	0.902769	0.966921	1.048049	1.086351	1.028963	1.039072	0.992859	1.005189	0.973406	0.963585	0.965245	0.931808	1.033493	1.063047	1.033113	1.068935	1.012709	1.016882	1.006662	1.001056	1.045487	1.044751	1.041459	1.039243	1.032151	1.077223	0.982866	0.981428
RP11-863P13.3	RP11-863P13.3	ASO_G0261327_10	Targeted lncRNA	r9b8p1	0.968699	1.012598	1.061358	0.961172	1.046668	1.05364	1.012487	1.00537	0.975378	0.990072	0.943231	0.972334	1.053179	1.018821	1.049427	1.019964	1.000251	0.972136	1.0019	0.975696	1.015199	0.96288	1.013417	0.966136	1.051163	0.997806	0.989261	1.003412
RP11-863P13.3	RP11-863P13.3	ASO_G0261327_AD_04	Targeted lncRNA	r12b2ADp4	0.979309	0.943898	0.994543	1.003943	0.973888	1.00784	0.983631	0.996817	1.02902	0.991091	1.041863	1.001966	0.973514	1.014744	0.96904	1.00903	1.007029	0.999678	1.008862	0.994846	1.02646	1.018442	1.032084	1.017612	0.979626	1.019006	0.998572	0.995118
RP11-863P13.3	RP11-863P13.3	ASO_G0261327_AD_05	Targeted lncRNA	r12b2ADp4	0.982086	0.904665	1.049477	0.968789	1.068473	1.055634	0.999278	1.00851	0.980502	0.981834	0.97174	0.998866	1.064171	1.027162	1.054289	1.012682	1.01677	0.969033	1.015527	0.982463	1.025089	0.968489	1.025615	0.963356	1.048658	0.996508	0.986692	1.002736
RP11-863P13.3	RP11-863P13.3	ASO_G0261327_AD_06	Targeted lncRNA	r12b2ADp4	0.932018	0.872145	0.957337	1.080769	1.065018	1.058034	1.001048	0.99925	0.999218	0.995376	1.038152	1.043791	1.018995	1.071273	1.011441	1.05788	0.983958	1.024044	0.993934	1.027889	0.96539	1.031473	0.970424	1.035952	0.979918	1.042322	1.014261	1.004626
RP11-863P13.3	RP11-863P13.3	ASO_G0261327_AD_07	Targeted lncRNA	r12b2ADp4	1.033771	0.983761	1.075243	1.011543	0.929483	0.966397	0.973393	0.986018	1.018474	1.016642	1.010069	1.021764	0.978719	0.986555	0.990657	0.988247	1.082107	1.04549	1.054848	1.031562	1.078761	1.015674	1.073739	1.020507	1.027295	0.994323	0.991908	1.007849
RP11-863P13.3	RP11-863P13.3	ASO_G0261327_AD_10	Targeted lncRNA	r12b2ADp4	0.980921	0.894812	1.045883	1.045982	0.990752	0.996131	0.989651	0.99333	1.02393	1.011926	1.027334	1.035153	1.015954	1.020226	1.021383	1.016257	1.034985	1.022153	1.021683	1.015048	1.045239	1.030696	1.046469	1.037247	1.028575	1.033849	0.994078	1.007316
RP11-879F14.2	RP11-879F14.2	ASO_G0267279_01	Targeted lncRNA	r9b8p4	0.971505	0.928479	0.966197	1.027178	1.013891	1.020377	0.999566	0.999147	0.967046	1.000566	0.971627	0.972953	0.985668	1.016533	0.990061	1.017122	0.975227	1.002596	0.974711	0.995587	0.990099	1.009029	0.988179	1.011158	0.991445	1.02906	0.982793	0.984914
RP11-879F14.2	RP11-879F14.2	ASO_G0267279_04	Targeted lncRNA	r9b8p4	0.772136	0.811961	0.997821	0.974284	0.974148	1.037036	0.999144	1.008037	1.045516	0.998053	1.068216	1.026592	0.975647	1.008228	0.966794	1.002246	1.005793	0.986661	1.020301	0.99751	0.995243	0.955197	1.001612	0.964625	0.962265	0.96836	1.021567	1.011121
RP11-879F14.2	RP11-879F14.2	ASO_G0267279_05	Targeted lncRNA	r9b8p4	0.652142	0.648959	0.933607	1.039345	1.034548	1.01345	0.994107	1.002776	1.022951	1.034213	1.060144	1.047726	0.981172	1.025806	0.965866	1.011141	0.976058	1.019066	0.979981	1.022996	0.954687	1.008456	0.951404	1.00075	0.937953	0.99959	1.006234	1.005001
RP11-879F14.2	RP11-879F14.2	ASO_G0267279_06	Targeted lncRNA	r9b8p4	0.660762	0.68908	0.937494	0.956526	0.951778	1.001931	0.986591	0.997038	1.071463	1.035203	1.121465	1.074436	0.934023	0.977594	0.925682	0.959288	0.995535	0.975828	1.008098	1.002672	0.978638	0.991897	0.984427	0.987442	0.909294	0.949705	1.021814	1.013989
RP11-879F14.2	RP11-879F14.2	ASO_G0267279_07	Targeted lncRNA	r9b8p4	0.8251	0.834787	1.065983	0.966845	1.054292	1.023925	1.009977	0.996237	0.980083	0.996783	1.006587	1.02414	1.055808	0.990841	1.045972	0.980144	1.016081	0.978455	1.007526	0.99123	1.013689	0.991197	1.00705	0.986384	1.041332	0.977727	0.994054	0.992786
LINC01569	RP11-95P2.1	ASO_G0262468_01	Targeted lncRNA	r9b8p6	1.04012	1.044134	0.959039	1.120015	1.061078	1.025533	1.008166	0.995022	0.977263	0.972419	0.968215	0.95874	1.019819	1.065696	1.01468	1.069986	0.967576	1.038198	0.970294	1.029765	0.97209	1.044174	0.974148	1.047964	1.008395	1.082231	0.994416	0.994522
LINC01569	RP11-95P2.1	ASO_G0262468_02	Targeted lncRNA	r9b8p6	0.878451	1.037714	0.967069	0.915636	1.011189	1.006744	0.990351	0.989011	1.008551	0.994298	1.031506	1.006785	0.984134	0.958141	0.978012	0.95867	0.984309	0.964456	0.986625	0.973198	1.016595	0.981542	1.01367	0.98437	0.985212	0.958795	0.985078	0.989394
LINC01569	RP11-95P2.1	ASO_G0262468_04	Targeted lncRNA	r9b8p6	0.932676	1.012702	0.989358	1.028969	0.998782	0.983711	0.995663	0.993967	1.019862	1.028295	1.061686	1.018821	0.993377	1.009297	0.990048	1.011966	1.001599	1.016824	1.01015	1.013894	1.009323	1.022529	1.003292	1.030029	0.979952	1.019818	1.010822	1.011765
LINC01569	RP11-95P2.1	ASO_G0262468_05	Targeted lncRNA	r9b8p6	0.913168	1.019579	0.94611	1.112424	1.018829	1.039642	0.991587	1.001034	1.001938	0.957757	1.025008	0.956881	0.991182	1.064097	0.986227	1.070018	0.976652	1.012612	0.984308	1.014687	0.996381	1.0569	0.994875	1.05161	0.976313	1.086108	0.991515	0.981671
LINC01569	RP11-95P2.1	ASO_G0262468_07	Targeted lncRNA	r9b8p6	0.92946	0.905724	1.08735	1.029738	1.03946	1.059387	1.003254	1.004223	0.979282	0.991712	0.988242	0.955574	1.054392	1.041947	1.049714	1.040281	1.024031	0.976131	1.029457	0.981097	1.029735	1.006564	1.026102	1.007465	1.049987	1.044503	0.99761	0.981591
LINC01569	RP11-95P2.1	ASO_G0262468_AD_02	Targeted lncRNA	r12b2ADp4	0.844167	0.924037	0.976223	1.009066	1.049161	0.984933	1.012216	0.990572	0.938388	1.018975	1.008227	1.024531	1.024132	0.99176	1.016702	0.988239	0.969604	1.010396	0.974437	1.000488	0.937368	1.021291	0.947514	1.026913	0.994762	1.008284	1.01517	0.991892
LINC01569	RP11-95P2.1	ASO_G0262468_AD_03	Targeted lncRNA	r12b2ADp4	0.778621	0.751719	1.107432	1.059549	1.030259	1.013376	0.992345	0.992164	1.000079	1.013025	0.992441	1.029435	1.061364	1.03932	1.066058	1.032931	1.035852	1.014064	1.015795	1.001918	1.073401	1.041426	1.07243	1.0362	1.081414	1.04074	0.9807	0.98474
LINC01569	RP11-95P2.1	ASO_G0262468_AD_04	Targeted lncRNA	r12b2ADp4	0.875245	0.935917	1.029222	1.139326	0.978416	1.035454	0.994849	1.008152	1.014785	0.975103	1.057905	0.984257	1.000812	1.086973	1.001669	1.086271	1.022543	1.054856	1.026458	1.041767	1.005289	1.034104	1.01571	1.029116	0.993891	1.071288	1.022189	1.00457
LINC01569	RP11-95P2.1	ASO_G0262468_AD_05	Targeted lncRNA	r12b2ADp4	0.943261	0.948306	0.98292	1.002506	1.01639	1.011881	0.991203	0.982847	1.006392	1.009103	1.038243	1.0192	0.999862	1.006935	0.984971	1.007869	1.007773	1.013368	1.00575	1.004417	1.010859	1.006789	1.006174	1.011643	0.979771	1.007369	0.99273	1.004635
LINC01569	RP11-95P2.1	ASO_G0262468_AD_07	Targeted lncRNA	r12b2ADp4	0.879959	0.905603	1.08082	1.09482	1.014298	1.057141	0.995521	0.999045	0.994464	0.943102	0.974567	0.946212	1.038411	1.067345	1.038123	1.0684	1.033006	1.010937	1.010848	0.990339	1.058241	1.070462	1.055701	1.054911	1.048435	1.097979	0.980752	0.97066
RP11-977G19.11	RP11-977G19.11	ASO_G0257303_02	Targeted lncRNA	r8b7p4	0.91158	0.933194	0.895372	0.992446	0.933093	1.000062	0.975752	0.987085	1.033551	1.026223	1.089963	1.0171	0.911748	0.989692	0.909411	0.982504	0.979435	0.99095	0.9912	0.98524	0.994205	1.00699	0.991492	1.008649	0.910878	1.006298	0.999577	0.989598
RP11-977G19.11	RP11-977G19.11	ASO_G0257303_03	Targeted lncRNA	r8b7p4	0.912902	0.984805	1.000426	0.907079	1.000681	0.948918	0.999567	0.989872	1.044052	1.006744	1.030055	1.057084	1.00766	0.924037	1.002452	0.923848	1.007392	0.983532	1.011923	0.987514	0.980902	0.976415	0.988753	0.97928	0.987314	0.920857	1.014111	1.003831
RP11-977G19.11	RP11-977G19.11	ASO_G0257303_04	Targeted lncRNA	r8b7p4	0.614915	0.677989	0.843812	0.895161	0.870967	0.89937	0.956324	0.974778	1.089072	1.074028	1.169925	1.099317	0.83716	0.886834	0.837798	0.88678	0.966035	0.971763	0.96979	0.977259	0.952933	0.967928	0.963668	0.967737	0.86181	0.913766	1.006783	0.999432
RP11-977G19.11	RP11-977G19.11	ASO_G0257303_06	Targeted lncRNA	r8b7p4	0.930558	0.993466	0.981253	0.953321	0.944592	0.988066	0.991668	0.988951	1.045935	1.006871	1.080284	1.015619	0.958958	0.961788	0.95032	0.957267	0.999114	0.976015	1.007247	0.980901	0.996569	0.979001	0.998539	0.987104	0.959093	0.96527	1.013471	1.000649
RP11-977G19.11	RP11-977G19.11	ASO_G0257303_08	Targeted lncRNA	r8b7p4	0.949171	0.963072	0.998687	1.015375	0.987261	1.012429	0.98653	1.004233	1.010951	0.965129	1.013361	1.018047	0.995431	1.01835	0.991432	1.0256	1.016477	1.009013	1.012625	1.016943	1.028456	0.983217	1.023606	0.984712	0.999101	1.003187	0.993447	1.017688
RP11-9M16.2	RP11-9M16.2	ASO_G0235119_01	Positive Control	r6b5p4	0.80568	0.825832	0.909241	0.905112	1.082135	1.085141	0.989789	0.996941	0.982198	0.954793	1.025375	0.998807	0.991176	0.988607	0.96856	0.971816	0.911978	0.924555	0.939664	0.9363	0.976281	0.976658	0.977237	0.973724	0.955404	0.96367	0.975643	0.975964
RP11-9M16.2	RP11-9M16.2	ASO_G0235119_02	Positive Control	r6b5p4	0.798255	0.863639	0.906155	0.949511	1.040385	1.091087	0.992522	1.014881	1.026213	1.002173	1.058567	1.041154	0.976948	1.041373	0.958285	1.015139	0.947008	0.942441	0.962932	0.970663	0.974873	0.942057	0.969755	0.943872	0.940174	0.975995	0.995356	1.013349
RP11-9M16.2	RP11-9M16.2	ASO_G0235119_03	Positive Control	r6b5p4	0.474311	0.493356	0.834264	0.790971	1.023822	1.058462	0.992793	0.992025	1.052853	1.019541	1.086084	1.094665	0.911739	0.928258	0.881638	0.893308	0.888036	0.858483	0.913442	0.904997	0.945687	0.886578	0.941216	0.889565	0.896825	0.87988	0.999475	1.009648
RP11-9M16.2	RP11-9M16.2	ASO_G0235119_05	Positive Control	r6b5p4	0.719161	0.708132	0.940482	0.927416	1.059778	1.023106	1.005161	0.997486	1.003462	1.055546	1.034506	1.091559	1.011238	0.976087	1.006967	0.959469	0.963526	0.953992	0.97718	0.984209	0.959033	0.945741	0.964874	0.961392	0.977457	0.934869	1.014061	1.02423
RP11-9M16.2	RP11-9M16.2	ASO_G0235119_09	Positive Control	r6b5p4	0.839977	0.853871	0.948803	0.946043	1.050374	1.016376	1.008841	1.004134	0.994868	1.049697	1.005428	1.094412	1.012766	0.993374	1.002985	0.971664	0.981424	0.96937	0.992941	1.012148	0.954688	0.941097	0.95607	0.942543	0.969861	0.939346	1.010766	1.032592
RP13-20L14.6	RP13-20L14.6	ASO_G0265458_01	Targeted lncRNA	r9b8p3	0.956014	0.98593	1.025776	0.986264	0.986646	0.984927	1.000286	0.998358	1.006547	0.982057	1.013217	0.993652	1.015379	0.979299	1.01474	0.976988	1.020317	0.993364	1.022815	0.991193	0.996892	0.999712	0.998908	1.003846	1.003126	0.987844	1.009702	0.993074
RP13-20L14.6	RP13-20L14.6	ASO_G0265458_02	Targeted lncRNA	r9b8p3	0.834405	0.908282	1.060496	0.894975	1.028065	1.007427	1.009079	0.996276	0.983724	1.011127	1.010855	1.069353	1.044325	0.95569	1.028179	0.940509	1.011793	0.939582	1.00942	0.959733	1.040491	0.962257	1.029879	0.962805	1.033223	0.936509	0.986417	1.002063
RP13-20L14.6	RP13-20L14.6	ASO_G0265458_07	Targeted lncRNA	r9b8p3	0.828477	0.887987	1.063118	1.005938	1.022988	1.01976	1.002501	1.010197	0.967554	0.972172	0.972774	0.991523	1.04341	1.024483	1.037733	1.021677	1.029142	0.987124	1.02176	1.004644	1.040562	0.982809	1.039605	0.983939	1.047623	1.000306	0.990372	1.005384
RP13-20L14.6	RP13-20L14.6	ASO_G0265458_09	Targeted lncRNA	r9b8p3	0.819271	0.832478	0.995301	1.022158	1.036031	1.043185	0.996117	1.003978	0.986082	0.974936	0.994246	0.960625	1.016484	1.033443	1.011776	1.027477	0.985941	0.996425	0.980725	0.991869	1.00497	1.036157	1.002279	1.032213	1.011633	1.030176	0.986255	0.967252
RP13-20L14.6	RP13-20L14.6	ASO_G0265458_10	Targeted lncRNA	r9b8p3	0.761127	0.825229	0.965244	0.895443	0.934241	0.922518	0.988078	0.989225	1.013746	1.02694	1.027424	1.061442	0.93725	0.894824	0.937358	0.898087	0.993254	0.993621	0.989916	0.98532	1.015912	0.97766	1.017103	0.977309	0.967136	0.908225	0.989504	0.998992
RP13-20L14.6	RP13-20L14.6	ASO_G0265458_AD_01	Targeted lncRNA	r12b2ADp5	0.808051	0.790893	0.959053	0.894559	1.027898	1.081269	0.985616	0.993378	0.989975	0.937484	1.014636	0.922705	0.99191	0.973971	0.976587	0.960622	0.947791	0.90089	0.945425	0.894982	0.983292	0.982358	0.967564	0.962481	0.978508	0.985347	0.972296	0.937055
RP13-20L14.6	RP13-20L14.6	ASO_G0265458_AD_03	Targeted lncRNA	r12b2ADp5	0.371211	0.404579	0.629988	0.724637	0.850443	0.867012	0.96162	0.955674	1.110528	1.104408	1.247413	1.20589	0.71801	0.77869	0.703578	0.763789	0.87016	0.927174	0.906392	0.936803	0.836013	0.895774	0.85976	0.912441	0.711073	0.782245	1.032564	1.02461
RP13-20L14.6	RP13-20L14.6	ASO_G0265458_AD_06	Targeted lncRNA	r12b2ADp5	0.931038	0.88426	0.995508	1.025381	1.07068	1.004878	1.012711	0.992784	0.941542	0.995049	0.980031	1.010302	1.037664	1.01639	1.032495	1.005743	0.978088	1.001683	0.985435	1.007989	0.973513	1.018057	0.967602	1.022347	0.994356	1.002243	1.004395	1.00415
RP13-20L14.6	RP13-20L14.6	ASO_G0265458_AD_07	Targeted lncRNA	r12b2ADp5	0.98473	0.931759	0.916018	0.972055	0.990601	1.05717	0.995759	0.995474	1.009324	0.955042	1.033771	0.990907	0.952019	1.022058	0.943131	1.015507	0.96243	0.989468	0.966566	0.984582	0.957339	0.993788	0.961649	0.987092	0.943036	0.986037	0.997369	0.984155
RP13-20L14.6	RP13-20L14.6	ASO_G0265458_AD_08	Targeted lncRNA	r12b2ADp5	0.819499	0.849931	0.967874	0.864254	1.019289	0.992416	0.992665	0.988821	0.982407	0.997133	0.963308	1.039456	0.987996	0.924068	0.987584	0.91444	0.982493	0.945882	0.971581	0.948316	1.019479	0.943968	1.015295	0.941524	0.997703	0.909646	0.966262	0.989125
LASTR	RP13-463N16.6	ASO_G0242147_01	Targeted lncRNA	r7b6p6	0.991491	1.067658	0.990289	0.971138	0.969449	0.963836	0.991326	0.991993	1.016018	1.036301	1.013726	1.066471	0.981751	0.96551	0.984364	0.963355	1.021764	1.012473	1.016012	1.005908	1.024084	1.002389	1.024702	1.005902	0.987822	0.966771	0.991405	1.006307
LASTR	RP13-463N16.6	ASO_G0242147_05	Targeted lncRNA	r7b6p6	0.826597	0.864595	1.012955	0.998853	0.995086	0.949199	1.002068	0.988837	1.045083	1.017456	1.024154	1.063776	1.01177	0.971893	1.004378	0.96652	0.998031	1.012615	1.002794	1.013117	1.009114	1.024029	1.007296	1.03344	1.011331	0.979018	1.000624	1.012027
LASTR	RP13-463N16.6	ASO_G0242147_07	Targeted lncRNA	r7b6p6	0.404739	0.371113	0.838051	0.842905	0.853347	0.913228	0.9619	0.975724	1.129925	1.11151	1.228378	1.232094	0.840751	0.878623	0.834389	0.852938	0.985453	0.955078	1.009332	0.989398	0.941478	0.925212	0.958551	0.936146	0.827952	0.840946	1.052062	1.050318
LASTR	RP13-463N16.6	ASO_G0242147_08	Targeted lncRNA	r7b6p6	0.70098	0.765228	0.957406	0.998544	0.919509	0.940288	0.993353	0.989763	1.074314	1.042536	1.113955	1.092105	0.933745	0.969722	0.926628	0.968456	1.013424	1.03104	1.016674	1.039558	0.97988	0.999006	0.986201	1.010321	0.927202	0.955231	1.026517	1.032875
MINCR	RP13-582O9.5	ASO_G0253716_01	Targeted lncRNA	r3b2p3	1.050411	1.038606	0.979965	0.943427	1.000906	0.89291	0.998332	0.969046	0.997193	1.052159	1.024037	1.102998	0.993028	0.913053	0.991357	0.91434	1.004764	1.011327	1.012301	1.017722	0.993827	1.030082	0.988482	1.027054	0.981431	0.936042	1.007727	1.009415
MINCR	RP13-582O9.5	ASO_G0253716_04	Targeted lncRNA	r3b2p3	0.866349	0.91466	0.822048	0.903325	0.933024	0.958624	0.982921	0.986077	1.074967	1.037597	1.19391	1.085351	0.883215	0.939556	0.870979	0.930887	0.94934	0.973807	0.987575	0.984622	0.898211	0.984525	0.911996	0.982922	0.845794	0.930366	1.053253	1.009253
MINCR	RP13-582O9.5	ASO_G0253716_06	Targeted lncRNA	r3b2p3	0.94613	0.919326	0.881674	0.936306	0.998294	0.962397	0.996472	0.991096	1.01263	1.053949	1.083391	1.077282	0.956682	0.953154	0.950155	0.953862	0.957225	1.010921	0.976706	1.015549	0.940377	0.984658	0.94738	0.986298	0.933043	0.939687	1.027281	1.01822
MINCR	RP13-582O9.5	ASO_G0253716_07	Targeted lncRNA	r3b2p3	0.91418	1.059742	0.945015	1.033375	1.035914	0.995647	1.009885	1.006007	1.010825	1.01328	1.026689	1.010283	1.00867	1.0194	1.010832	1.019924	0.973934	1.017466	0.98871	1.021971	0.94132	1.011515	0.94545	1.008574	0.965474	1.013208	1.022216	1.008815
TPTEP2	RP3-449O17.1	ASO_G0244627_01	Targeted lncRNA	r7b6p3	1.018165	0.914234	0.945063	0.913806	0.958913	0.947925	0.993862	0.982799	1.013001	1.040276	0.976773	1.045574	0.94073	0.925984	0.950338	0.929875	0.990236	0.975113	0.985875	0.979522	1.011682	0.989484	1.01282	1.003448	0.969442	0.946691	0.987627	0.999241
TPTEP2	RP3-449O17.1	ASO_G0244627_03	Targeted lncRNA	r7b6p3	0.990828	0.816402	0.929935	0.949915	0.974913	0.950127	0.994706	0.991584	1.034561	1.034608	1.031167	1.056146	0.953872	0.948263	0.952388	0.950303	0.985692	1.000862	0.986596	1.002426	0.992571	1.003998	0.989193	1.018957	0.946326	0.95957	0.994674	1.007845
TPTEP2	RP3-449O17.1	ASO_G0244627_05	Targeted lncRNA	r7b6p3	0.804621	0.691561	0.891615	0.846156	0.970948	0.949195	1.0002	0.985179	1.041885	1.053828	1.045027	1.123967	0.93153	0.899211	0.922967	0.894105	0.973447	0.946197	0.974447	0.968229	0.963616	0.915366	0.959179	0.929503	0.918853	0.874232	0.997058	1.026295
TPTEP2	RP3-449O17.1	ASO_G0244627_06	Targeted lncRNA	r7b6p3	0.916148	0.893921	1.012521	0.979601	0.976358	0.971661	0.994807	0.996698	0.996346	1.044309	1.01291	1.044168	0.992752	0.967776	0.994348	0.964849	1.014114	1.003616	1.00499	1.005575	1.033032	1.000923	1.022183	1.005267	1.000526	0.962532	0.986581	1.012691
TPTEP2	RP3-449O17.1	ASO_G0244627_08	Targeted lncRNA	r7b6p3	0.952445	0.925114	1.071081	0.925977	1.029189	0.968479	1.000054	1.000982	0.987619	1.04851	0.977109	1.089675	1.04674	0.954563	1.041909	0.955034	1.020007	0.990113	1.005292	0.997068	1.05196	0.953955	1.034287	0.969767	1.0487	0.933928	0.972183	1.020947
MIR34AHG	RP3-510D11.1	ASO_G0228526_01	Targeted lncRNA	r1b0p2	1.121816	1.129267	1.015479	1.100014	0.954632	1.009919	0.989026	1.005023	1.013155	0.981105	1.053048	0.985429	0.981212	1.056447	0.983918	1.059405	1.027627	1.038574	1.028329	1.028664	1.03963	1.048337	1.042726	1.040628	0.998766	1.068789	1.015186	0.997319
MIR34AHG	RP3-510D11.1	ASO_G0228526_02	Targeted lncRNA	r1b0p2	0.823818	0.954602	0.971214	0.899005	0.90481	0.911726	0.977738	0.981833	1.041475	1.040737	1.115269	1.123481	0.937126	0.904969	0.9353	0.898092	1.018757	0.982013	1.028924	0.987974	1.024401	0.990175	1.0297	0.993696	0.94251	0.911318	1.023054	1.019747
MIR34AHG	RP3-510D11.1	ASO_G0228526_03	Targeted lncRNA	r1b0p2	1.036536	0.966798	1.029667	0.918659	1.067628	1.013763	1.020618	1.001372	0.978976	1.002068	0.980004	1.037438	1.058862	0.972464	1.056962	0.969515	0.982326	0.965832	1.000068	0.985779	0.954427	0.933773	0.953456	0.943066	1.017758	0.940915	1.014363	1.021055
MIR34AHG	RP3-510D11.1	ASO_G0228526_06	Targeted lncRNA	r1b0p2	0.785889	0.944722	0.906519	0.908654	0.730982	0.742251	0.929109	0.924774	1.109518	1.086443	1.131019	1.118963	0.781251	0.779701	0.80105	0.790294	1.082123	1.078298	1.04743	1.046139	1.123518	1.141817	1.130545	1.146347	0.889227	0.889139	0.993461	0.984745
MIR34AHG	RP3-510D11.1	ASO_G0228526_10	Targeted lncRNA	r1b0p2	1.158544	1.122187	1.101494	1.014712	0.979241	0.986132	1.000657	1.004585	0.95523	0.961954	0.989879	0.98008	1.026938	1.008406	1.032067	1.011014	1.059524	1.041595	1.045215	1.030776	1.065965	1.032776	1.063181	1.025797	1.048717	1.003058	1.000941	0.999776
MIR34AHG	RP3-510D11.1	ASO_G0228526_AD_01	Targeted lncRNA	r10b0ADp2	0.996924	0.961331	0.956303	1.056586	1.066957	1.04027	1.010477	0.997815	0.98354	0.951943	0.95367	0.936453	1.018494	1.037175	1.008275	1.036259	0.93833	1.007291	0.949271	0.985225	0.965395	1.047583	0.955116	1.035116	1.002213	1.055311	0.980371	0.967622
MIR34AHG	RP3-510D11.1	ASO_G0228526_AD_03	Targeted lncRNA	r10b0ADp2	0.810422	0.814259	1.020641	1.045026	1.107527	1.118261	1.007199	1.018534	0.968854	0.920922	0.997259	0.939597	1.062889	1.092968	1.050257	1.082916	0.977225	0.972206	0.98352	0.982011	0.990835	0.994351	0.980367	0.983121	1.027065	1.046732	0.995156	0.989626
MIR34AHG	RP3-510D11.1	ASO_G0228526_AD_04	Targeted lncRNA	r10b0ADp2	0.762686	0.778734	1.007946	1.005021	1.117136	1.091411	1.023919	0.999198	1.013369	0.978953	1.03888	1.015531	1.08451	1.067783	1.071366	1.055874	0.978627	0.966243	1.006659	0.988736	0.917593	0.952421	0.910364	0.944093	0.989962	1.00655	1.032385	1.010036
MIR34AHG	RP3-510D11.1	ASO_G0228526_AD_05	Targeted lncRNA	r10b0ADp2	0.855613	0.844287	0.977168	1.034145	1.082901	1.133169	1.012685	1.024109	0.994124	0.924857	1.022398	0.960779	1.047105	1.111172	1.032817	1.094256	0.96197	0.969174	0.978138	0.988185	0.955876	0.98561	0.948813	0.978548	0.990832	1.052186	1.010431	0.999927
MIR34AHG	RP3-510D11.1	ASO_G0228526_AD_10	Targeted lncRNA	r10b0ADp2	0.876337	0.890468	1.032781	1.113221	1.048866	1.09584	1.0072	1.016908	0.990654	0.970888	0.99277	0.945297	1.0512	1.110482	1.054768	1.114486	1.004656	1.027979	1.001798	1.013053	0.994152	1.027494	0.992956	1.009956	1.032453	1.087086	0.998286	0.986276
LNCTAM34A	RP3-510D11.2	ASO_G0234546_01	Targeted lncRNA	r1b0p3	0.957994	1.124067	0.947742	0.871057	0.957327	0.937706	0.987478	0.99254	1.043585	1.008071	1.036893	1.069788	0.945922	0.905449	0.947562	0.903848	0.98455	0.963607	0.988475	0.971926	0.996884	0.95873	1.002264	0.963543	0.967072	0.910027	1.001639	1.010814
LNCTAM34A	RP3-510D11.2	ASO_G0234546_02	Targeted lncRNA	r1b0p3	1.002569	1.013798	0.845885	0.837183	0.81454	0.831118	0.951342	0.962152	1.101564	1.07319	1.14588	1.140571	0.817738	0.829344	0.82649	0.835647	1.023219	0.99891	1.013205	1.007407	1.009819	0.994397	1.02859	1.007121	0.862799	0.855374	1.015554	1.025933
LNCTAM34A	RP3-510D11.2	ASO_G0234546_03	Targeted lncRNA	r1b0p3	0.663219	0.831494	0.809689	0.803694	0.739888	0.763987	0.921794	0.924604	1.148765	1.128879	1.208878	1.219852	0.749074	0.755581	0.759705	0.761106	1.025455	1.032653	1.021532	1.015351	1.03302	1.026189	1.048791	1.038256	0.815506	0.812835	1.017983	1.015261
LNCTAM34A	RP3-510D11.2	ASO_G0234546_05	Targeted lncRNA	r1b0p3	0.915753	1.028524	0.98971	0.910984	1.006747	0.960314	1.002063	0.989709	0.965274	0.986992	0.986544	1.09319	0.994629	0.936024	0.997043	0.929441	0.990047	0.968722	0.9839	0.981128	1.007591	0.940213	1.002045	0.946668	1.014238	0.915275	0.990759	1.025336
LNCTAM34A	RP3-510D11.2	ASO_G0234546_07	Targeted lncRNA	r1b0p3	0.868442	0.861863	0.9092	0.904328	0.754153	0.776331	0.93208	0.928171	1.108815	1.127862	1.131106	1.156643	0.787635	0.809888	0.799607	0.818718	1.075956	1.049401	1.04318	1.031282	1.098596	1.08777	1.107883	1.099708	0.874095	0.892275	0.999114	1.003032
LNCTAM34A	RP3-510D11.2	ASO_G0234546_AD_04	Targeted lncRNA	r10b0ADp3	1.028308	1.084478	0.953577	0.870364	0.930326	0.892225	0.978227	0.964348	1.026123	1.075669	1.059822	1.091725	0.925566	0.864652	0.921011	0.870802	1.002892	0.987357	0.99724	0.985853	1.037178	1.002673	1.026609	1.005658	0.94548	0.891524	0.982673	0.995108
LNCTAM34A	RP3-510D11.2	ASO_G0234546_AD_05	Targeted lncRNA	r10b0ADp3	1.095309	0.900651	0.930553	0.909242	0.960716	0.969887	0.980394	0.991375	1.007205	1.0334	1.02653	1.071211	0.94022	0.941353	0.942614	0.937502	0.999225	0.977851	0.984331	0.985304	1.020987	0.959739	1.010338	0.961801	0.948688	0.927612	0.973274	1.013435
LNCTAM34A	RP3-510D11.2	ASO_G0234546_AD_06	Targeted lncRNA	r10b0ADp3	0.249761	0.11207	0.661006	0.633868	0.831001	0.810833	0.943853	0.925982	1.179223	1.20392	1.299815	1.364284	0.738054	0.707002	0.717568	0.690793	0.884485	0.885477	0.912134	0.918186	0.849222	0.847551	0.864466	0.869328	0.734068	0.698831	1.035314	1.047867
LNCTAM34A	RP3-510D11.2	ASO_G0234546_AD_07	Targeted lncRNA	r10b0ADp3	0.982781	0.993612	0.926276	0.94618	0.940704	0.950537	0.985706	0.986432	1.042489	1.040693	1.076514	1.092658	0.939103	0.949686	0.945893	0.948572	1.003173	1.004557	0.993068	1.009714	0.995807	0.997764	0.996166	0.999159	0.951999	0.950413	0.998947	1.01471
LNCTAM34A	RP3-510D11.2	ASO_G0234546_AD_09	Targeted lncRNA	r10b0ADp3	1.08075	0.990979	0.882002	0.933714	0.970636	0.878282	0.996943	0.962123	1.015004	1.030185	1.019746	1.077814	0.931961	0.885386	0.937161	0.893106	0.982829	1.005103	0.975662	0.99966	0.958025	1.04841	0.953803	1.059799	0.928084	0.937815	0.990097	1.000468
LINC01357	RP3-522D1.1	ASO_G0224167_01	Targeted lncRNA	r4b4p2	0.740292	0.758234	0.950866	0.884954	0.970834	0.925256	0.979387	0.982046	1.046916	1.054608	1.046115	1.107636	0.949137	0.899099	0.94041	0.898167	0.987156	0.969947	0.988462	0.986361	1.005892	0.957398	1.011684	0.964165	0.96547	0.899056	0.993654	1.018954
LINC01357	RP3-522D1.1	ASO_G0224167_04	Targeted lncRNA	r4b4p2	1.003996	0.936567	0.97127	1.119664	1.025976	1.003227	0.996508	0.99251	1.008718	1.02861	1.074744	1.00536	1.007743	1.068457	1.00346	1.074118	1.000153	1.078127	1.0063	1.064765	0.98272	1.069363	0.982756	1.07545	0.973045	1.065238	1.02083	1.007425
LINC01357	RP3-522D1.1	ASO_G0224167_05	Targeted lncRNA	r4b4p2	0.903068	0.951995	0.940909	0.883405	0.899103	0.923037	0.974071	0.981575	1.102637	1.079391	1.149432	1.12943	0.9056	0.903654	0.908057	0.900205	1.033415	0.992433	1.042214	0.996575	0.988251	0.956081	1.006477	0.968258	0.900171	0.895939	1.046266	1.02841
LINC01357	RP3-522D1.1	ASO_G0224167_06	Targeted lncRNA	r4b4p2	0.904883	0.918695	0.990644	0.987059	0.999799	0.992836	0.990355	0.994511	1.062297	1.05614	1.094134	1.067654	0.998193	0.995366	0.985934	0.991798	1.004023	0.999848	1.014116	1.007303	0.969247	0.984967	0.97561	0.986554	0.971605	0.975155	1.023469	1.019332
LINC01357	RP3-522D1.1	ASO_G0224167_09	Targeted lncRNA	r4b4p2	0.854569	0.962308	0.975422	0.977518	0.959754	0.986283	0.994041	1.001168	1.022693	1.033935	1.046146	1.074463	0.965218	0.986418	0.967099	0.980523	1.006656	1.017021	1.006107	1.027304	0.999423	0.984102	1.009525	0.996871	0.970565	0.966531	1.012815	1.021603
ZNF337-AS1	RP4-694B14.5	ASO_G0213742_01	Targeted lncRNA	r2b1p3	1.050613	1.02307	0.922653	0.87312	0.855923	0.820419	0.961601	0.955668	1.084951	1.126236	1.11443	1.195437	0.878494	0.83138	0.887687	0.837333	1.043449	1.056092	1.038185	1.054262	1.021364	0.98833	1.037602	1.006774	0.911366	0.844787	1.018127	1.043501
ZNF337-AS1	RP4-694B14.5	ASO_G0213742_02	Targeted lncRNA	r2b1p3	0.985626	0.946198	1.013933	1.019547	1.031766	1.003684	1.012963	0.997678	1.001566	1.029239	0.999366	1.043058	1.031059	1.012514	1.024933	1.003482	1.011843	1.004028	1.007978	1.009356	0.999479	0.998189	0.991614	1.002256	1.008499	0.984764	1.000117	1.007348
ZNF337-AS1	RP4-694B14.5	ASO_G0213742_05	Targeted lncRNA	r2b1p3	0.910852	0.866142	1.028854	0.885967	0.955537	0.982845	0.989063	1.003694	1.034401	1.065596	1.045734	1.06625	0.974058	0.93621	0.97649	0.924486	1.036132	0.961213	1.032816	0.98721	1.0433	0.952272	1.048715	0.957033	0.985671	0.90619	1.005097	1.009535
ZNF337-AS1	RP4-694B14.5	ASO_G0213742_06	Targeted lncRNA	r2b1p3	0.698206	0.725591	1.061093	0.943317	0.971919	0.937296	0.985385	0.987885	1.009589	1.025281	1.001257	1.048973	0.986299	0.92706	0.982926	0.92299	1.028828	1.003884	1.012409	1.004976	1.090617	1.002151	1.082147	1.001566	1.031735	0.934605	0.975759	1.002097
ZNF337-AS1	RP4-694B14.5	ASO_G0213742_08	Targeted lncRNA	r2b1p3	0.817883	0.793555	0.90131	0.921535	0.872574	0.91047	0.970796	0.96753	1.057681	1.03634	1.081925	1.051796	0.876666	0.901782	0.888835	0.909202	1.008358	1.002939	1.004627	0.99613	0.996393	1.006137	0.999634	1.011529	0.915627	0.941252	1.008861	0.992298
INKA2-AS1	RP4-773A18.4	ASO_G0227811_01	Targeted lncRNA	r4b4p5	0.989616	0.979765	0.986535	0.974041	0.991472	1.015669	0.983565	1.001649	0.987489	1.000689	0.985419	0.971426	0.971569	0.997916	0.976928	1.001336	0.994784	0.984118	0.987614	0.981935	1.028118	0.998194	1.026384	0.994612	1.001653	1.003054	0.973617	0.985007
INKA2-AS1	RP4-773A18.4	ASO_G0227811_02	Targeted lncRNA	r4b4p5	1.03905	1.096445	0.895494	0.947769	1.027816	0.989996	0.995986	0.995917	0.986879	1.009091	0.977297	1.020129	0.95349	0.969349	0.944514	0.962409	0.919149	0.982269	0.92749	0.988903	0.937697	0.983313	0.931556	0.980458	0.940353	0.961223	0.975555	0.992695
INKA2-AS1	RP4-773A18.4	ASO_G0227811_05	Targeted lncRNA	r4b4p5	0.833235	1.013586	0.912554	0.926314	0.992334	0.979408	0.997939	0.998117	0.996865	0.998654	0.986608	1.019057	0.94384	0.954874	0.934403	0.959825	0.934849	0.974867	0.944671	0.98692	0.974149	0.95789	0.964731	0.967415	0.958543	0.949095	0.978599	1.014636
INKA2-AS1	RP4-773A18.4	ASO_G0227811_06	Targeted lncRNA	r4b4p5	0.806548	0.858737	0.830982	0.870639	0.954412	0.950186	0.977805	0.997236	1.050615	1.03684	1.092965	1.074659	0.878563	0.903413	0.871822	0.8912	0.944995	0.951999	0.963714	0.976261	0.934929	0.932769	0.945407	0.937984	0.869494	0.889522	1.006058	1.013492
INKA2-AS1	RP4-773A18.4	ASO_G0227811_10	Targeted lncRNA	r4b4p5	0.953727	1.042669	0.927259	0.944633	1.03792	1.053506	1.004315	1.009095	0.970531	0.96291	0.950733	1.00363	0.981813	1.009616	0.974438	1.009499	0.941543	0.96423	0.948353	0.978573	0.960272	0.946924	0.947551	0.943097	0.974266	0.972277	0.976161	1.003219
INKA2-AS1	RP4-773A18.4	ASO_G0227811_AD_01	Targeted lncRNA	r11b1ADp2	1.015897	0.995052	0.945268	0.986723	0.993943	0.98336	1.002012	0.992295	0.991345	1.022376	1.012163	1.009624	0.976048	0.984732	0.973253	0.988251	0.982749	0.993627	0.983617	0.997686	0.976873	1.00647	0.974149	1.010271	0.967797	0.99856	1.002833	0.996681
INKA2-AS1	RP4-773A18.4	ASO_G0227811_AD_03	Targeted lncRNA	r11b1ADp2	0.89499	0.858606	0.951452	1.021338	0.968851	0.962597	0.990335	0.992862	1.031121	1.04561	1.042812	1.051037	0.954537	0.988641	0.950856	0.981077	1.000504	1.010955	0.998451	1.01495	1.00729	1.026972	1.000748	1.030329	0.956403	0.993824	0.999124	1.010709
INKA2-AS1	RP4-773A18.4	ASO_G0227811_AD_04	Targeted lncRNA	r11b1ADp2	0.851247	0.770527	1.059081	0.962863	1.04675	0.96246	1.006179	0.992336	0.998211	1.045262	0.998392	1.040118	1.056479	0.95226	1.045752	0.941449	1.005708	0.982232	1.006304	0.987739	1.03126	0.990761	1.015441	0.990051	1.044277	0.952278	0.991989	0.9967
INKA2-AS1	RP4-773A18.4	ASO_G0227811_AD_05	Targeted lncRNA	r11b1ADp2	0.850425	0.798187	0.998186	0.962663	0.994024	0.992901	1.002155	0.986778	1.006299	1.015262	1.018956	1.024818	0.993572	0.979641	0.99308	0.973395	1.002956	0.972339	1.000486	0.982064	0.989057	1.004147	0.985881	1.003358	0.978801	0.977843	1.001166	0.98912
INKA2-AS1	RP4-773A18.4	ASO_G0227811_AD_08	Targeted lncRNA	r11b1ADp2	0.857152	0.853223	1.024278	0.992307	1.007625	0.967678	0.992369	0.985131	1.00254	1.049262	1.001086	1.055233	1.007588	0.96853	1.004484	0.966588	0.999352	1.019163	0.990787	1.011586	1.027435	1.023494	1.034622	1.025559	1.020359	0.978504	0.992691	1.003183
RP4-794H19.4	RP4-794H19.4	ASO_G0230812_01	Targeted lncRNA	r6b5p6	0.795142	0.902447	0.934737	0.87955	0.920125	0.965856	0.965555	0.978146	1.032279	1.022159	1.035537	1.050611	0.898331	0.926681	0.887509	0.92619	0.948266	0.967085	0.957948	0.967759	1.061087	0.996821	1.041766	0.989301	0.948342	0.924103	0.962681	0.990123
RP4-794H19.4	RP4-794H19.4	ASO_G0230812_02	Targeted lncRNA	r6b5p6	0.901051	0.915935	0.975875	0.916368	1.007612	0.953795	0.992912	0.983358	0.966709	1.034097	0.937815	1.042758	0.980175	0.927932	0.965422	0.914153	0.956074	0.955699	0.943073	0.960938	1.063266	1.01364	1.047269	1.004314	1.029571	0.942774	0.943483	0.977405
RP4-794H19.4	RP4-794H19.4	ASO_G0230812_05	Targeted lncRNA	r6b5p6	0.912258	0.818483	0.949952	0.90732	1.006911	0.946326	0.988786	0.982423	0.963036	1.052555	0.983399	1.109907	0.96739	0.926304	0.964533	0.913177	0.965066	0.961981	0.966782	0.978099	1.034735	1.003318	1.023534	1.003987	0.993681	0.92369	0.965968	1.007531
RP4-794H19.4	RP4-794H19.4	ASO_G0230812_07	Targeted lncRNA	r6b5p6	0.91062	0.924973	1.00332	0.956861	0.972107	1.006362	0.972561	0.996191	1.01615	1.015605	1.019852	1.021853	0.964308	0.982421	0.955746	0.979647	0.968681	0.988171	0.973914	0.991443	1.071144	1.021057	1.052742	1.012971	0.99627	0.981824	0.972073	0.988485
RP4-794H19.4	RP4-794H19.4	ASO_G0230812_10	Targeted lncRNA	r6b5p6	0.899191	0.917387	0.8939	0.937385	1.036852	1.008668	0.987444	1.001875	0.998173	1.014714	0.984323	1.046304	0.961938	0.980443	0.947614	0.975081	0.91368	0.98661	0.922716	1.002731	0.988697	0.978708	0.979715	0.979805	0.957143	0.949025	0.960584	1.010116
RP5-1050D4.5	RP5-1050D4.5	ASO_G0262227_01	Targeted lncRNA	r9b8p6	0.559887	0.513717	0.838963	0.840617	0.927483	0.92176	0.966673	0.96901	1.060726	1.061616	1.111077	1.138483	0.864872	0.871775	0.858826	0.862814	0.946256	0.957908	0.955992	0.963853	0.953429	0.950272	0.96116	0.957546	0.881981	0.870984	1.00315	1.014962
RP5-1050D4.5	RP5-1050D4.5	ASO_G0262227_04	Targeted lncRNA	r9b8p6	0.876527	0.884976	1.101582	1.136051	1.025697	1.019801	0.993241	0.999393	0.985276	0.999836	0.98157	0.981924	1.048772	1.064429	1.047449	1.064552	1.049696	1.029894	1.035442	1.025078	1.075295	1.077447	1.066401	1.072983	1.064719	1.083372	0.984043	0.986371
RP5-1050D4.5	RP5-1050D4.5	ASO_G0262227_07	Targeted lncRNA	r9b8p6	0.710412	0.728501	1.014852	0.972941	1.006938	0.985265	0.994121	0.99463	1.005169	1.016045	1.052615	1.060051	1.00928	0.979415	1.000376	0.972874	1.015902	1.003932	1.021435	1.012102	1.022108	0.992412	1.013576	0.993558	0.991353	0.971548	1.003173	1.016591
RP5-1050D4.5	RP5-1050D4.5	ASO_G0262227_09	Targeted lncRNA	r9b8p6	0.782292	0.935054	0.96454	0.98901	1.017458	1.01029	0.994737	0.993924	1.008205	0.9921	1.041114	1.0298	0.991469	1.00161	0.985562	0.9929	0.995382	0.988002	0.993172	0.998271	1.00137	1.005149	0.993754	1.0109	0.972138	0.981413	0.998154	1.000315
RP5-1050D4.5	RP5-1050D4.5	ASO_G0262227_10	Targeted lncRNA	r9b8p6	0.887487	0.922065	1.055466	0.975135	1.033022	1.00874	1.000415	0.996588	0.987121	1.012717	1.004502	1.005592	1.051279	0.993617	1.045224	0.994187	1.010704	0.988539	1.004884	0.988896	1.033553	1.001139	1.033022	1.000686	1.053476	0.996665	1.000696	0.993657
NRSN2-AS1	RP5-1103G7.4	ASO_G0225377_05	Targeted lncRNA	r4b4p2	0.784127	0.745032	0.898197	0.920146	0.984487	1.04182	0.98882	0.997653	1.046201	1.016775	1.120611	1.053744	0.949561	0.975329	0.946654	0.969008	0.955829	0.946098	0.972871	0.969059	0.89734	0.928697	0.899849	0.940632	0.906153	0.939746	1.028921	1.013287
NRSN2-AS1	RP5-1103G7.4	ASO_G0225377_06	Targeted lncRNA	r4b4p2	0.803245	0.873532	0.937088	1.03457	0.916191	1.040303	0.97928	0.992466	1.085822	1.044294	1.133347	1.060511	0.914937	1.040894	0.90856	1.02228	1.014644	1.006114	1.031478	1.015951	0.97073	1.014596	0.985712	1.01112	0.902198	1.006537	1.041344	1.009494
NRSN2-AS1	RP5-1103G7.4	ASO_G0225377_07	Targeted lncRNA	r4b4p2	0.909443	1.005104	0.972495	0.962281	0.973176	1.008917	0.986249	1.005009	1.041387	1.044873	1.061418	1.056493	0.962591	0.995484	0.967765	0.983463	1.003686	0.989759	1.020677	1.008185	0.993487	0.954515	1.005488	0.954663	0.959154	0.945729	1.01376	1.024795
NRSN2-AS1	RP5-1103G7.4	ASO_G0225377_08	Targeted lncRNA	r4b4p2	0.854999	0.878794	0.93547	1.06751	0.955731	0.966756	0.986783	0.991136	1.025556	1.043849	1.03142	1.02809	0.942225	1.012185	0.938595	1.009802	0.982238	1.038484	0.978857	1.032464	0.99448	1.036555	1.004177	1.041811	0.955016	1.025288	1.002385	1.006432
NRSN2-AS1	RP5-1103G7.4	ASO_G0225377_AD_05	Targeted lncRNA	r12b2ADp2	0.965172	0.944442	0.98712	1.058418	0.957115	1.024119	0.997899	1.004428	1.029832	1.00268	0.99715	1.006807	0.965312	1.039092	0.969976	1.035054	0.980906	1.012355	0.992471	1.011699	0.993163	1.01543	0.993126	1.008925	0.990661	1.02629	0.999716	0.998856
NRSN2-AS1	RP5-1103G7.4	ASO_G0225377_AD_06	Targeted lncRNA	r12b2ADp2	0.941063	0.89101	1.029673	0.957394	0.992154	0.981845	0.995512	0.998669	0.981199	1.001668	0.955465	1.005546	1.012055	0.97159	1.015982	0.971914	1.010998	0.971715	1.010593	0.985458	1.042212	0.965903	1.026031	0.972311	1.031443	0.965061	0.970957	1.00679
NRSN2-AS1	RP5-1103G7.4	ASO_G0225377_AD_08	Targeted lncRNA	r12b2ADp2	0.85973	0.852183	0.888012	0.9397	1.025823	1.032295	1.008386	0.99744	0.978114	1.001123	0.986255	1.008758	0.965683	0.995009	0.955139	0.982041	0.932955	0.972121	0.948756	0.973085	0.96223	0.999335	0.94356	0.986832	0.940301	0.975216	0.980923	0.980147
NRSN2-AS1	RP5-1103G7.4	ASO_G0225377_AD_09	Targeted lncRNA	r12b2ADp2	0.991743	0.968701	0.956222	0.863843	1.001693	0.992667	1.002186	0.991174	0.995293	0.996064	0.988988	1.019183	0.990465	0.930659	0.988185	0.923126	0.979608	0.9204	0.989084	0.932875	0.985873	0.952775	0.971987	0.943442	0.979245	0.929905	0.99517	0.983564
NRSN2-AS1	RP5-1103G7.4	ASO_G0225377_AD_10	Targeted lncRNA	r12b2ADp2	0.869112	0.813144	0.892024	0.928564	0.955449	0.986251	1.001105	0.99073	1.031051	1.030093	1.08664	1.059675	0.931098	0.966249	0.925146	0.961529	0.965821	0.987245	0.983493	0.986021	0.951306	0.984303	0.945808	0.975826	0.920997	0.95457	1.017457	1.001343
ELOA-AS1	RP5-886K2.3	ASO_G0236810_01	Targeted lncRNA	r7b6p1	0.905418	0.944508	1.040613	0.964587	0.981397	0.90794	1.005135	0.981942	0.993252	1.02259	1.039575	1.072238	1.013747	0.928963	1.020965	0.934073	1.033323	1.017254	1.041315	1.020871	0.998768	1.010374	1.001024	1.020525	1.004809	0.945385	1.026829	1.022975
ELOA-AS1	RP5-886K2.3	ASO_G0236810_02	Targeted lncRNA	r7b6p1	0.750457	0.741972	0.965204	0.881723	0.954484	0.91148	0.999443	0.985646	1.005639	1.041295	1.040472	1.120032	0.945584	0.892769	0.941062	0.892074	0.994917	0.979974	0.993672	0.991497	0.998609	0.935687	0.997914	0.947401	0.955737	0.88158	1.002391	1.031183
ELOA-AS1	RP5-886K2.3	ASO_G0236810_04	Targeted lncRNA	r7b6p1	0.723418	0.615176	0.919924	0.898923	0.960919	0.955105	0.996244	0.997386	1.005317	1.017521	1.02237	1.05225	0.934163	0.92474	0.930124	0.913697	0.967122	0.963841	0.963534	0.968716	0.980877	0.955184	0.981282	0.959096	0.937521	0.925296	0.994357	1.007846
ELOA-AS1	RP5-886K2.3	ASO_G0236810_07	Targeted lncRNA	r7b6p1	0.70028	0.651975	0.948587	0.932271	0.917899	0.950249	0.986352	0.991424	1.041989	1.04374	1.104895	1.074064	0.919542	0.942519	0.916246	0.934011	1.00581	0.990622	1.006222	1.005205	0.997834	0.976817	1.009373	0.981118	0.925927	0.941536	1.020998	1.01371
ELOA-AS1	RP5-886K2.3	ASO_G0236810_09	Targeted lncRNA	r7b6p1	0.77941	0.717455	1.038074	0.970318	0.953079	0.944187	1.000159	0.986133	1.01069	1.00891	1.042073	1.083483	0.984845	0.94415	0.982204	0.948136	1.013487	0.991257	1.013277	1.003841	1.011899	1.012505	1.009275	1.015544	0.988122	0.959636	1.006176	1.015766
ELOA-AS1	RP5-886K2.3	ASO_G0236810_AD_02	Targeted lncRNA	r11b1ADp3	0.985188	1.00861	1.009431	1.039795	1.055004	1.098977	1.008259	1.011968	0.957478	0.940333	0.941528	0.916363	1.026825	1.078961	1.019293	1.075189	0.964395	0.967388	0.954049	0.962222	1.005347	1.019254	0.989424	1.003234	1.027508	1.072516	0.971808	0.954738
ELOA-AS1	RP5-886K2.3	ASO_G0236810_AD_03	Targeted lncRNA	r11b1ADp3	0.816586	0.869009	0.932391	0.965903	0.964352	0.99747	0.992697	0.997071	1.040372	1.023544	1.077043	1.01871	0.939449	0.976257	0.93066	0.962893	0.971818	0.977808	0.976762	0.983841	0.969012	0.997018	0.971026	0.991669	0.937085	0.970932	1.016765	0.999597
ELOA-AS1	RP5-886K2.3	ASO_G0236810_AD_06	Targeted lncRNA	r11b1ADp3	0.448893	0.458835	0.864861	0.889819	1.017975	0.972745	0.991463	0.984342	1.059754	1.072938	1.092371	1.103122	0.937242	0.933867	0.91563	0.920794	0.908448	0.925829	0.941477	0.957443	0.905704	0.935163	0.90297	0.936025	0.91061	0.921637	1.018726	1.016357
ELOA-AS1	RP5-886K2.3	ASO_G0236810_AD_07	Targeted lncRNA	r11b1ADp3	0.789687	0.840334	1.110503	1.095471	1.01707	1.059346	0.991664	0.997909	0.973292	0.979194	0.936973	0.93466	1.048045	1.065826	1.054039	1.066808	1.033819	1.02625	1.010474	0.998139	1.078555	1.040422	1.06165	1.026391	1.083711	1.062596	0.974138	0.96642
ELOA-AS1	RP5-886K2.3	ASO_G0236810_AD_09	Targeted lncRNA	r11b1ADp3	0.914582	0.926296	0.980274	0.98503	0.996115	1.048851	0.990431	1.009241	1.00795	0.960981	1.013655	0.967174	0.979681	1.008351	0.971434	1.00314	0.964625	0.962285	0.96487	0.960368	1.011617	0.998078	1.009848	0.988502	0.999625	1.009214	0.992389	0.983668
PRR34-AS1	RP6-109B7.3	ASO_G0241990_01	Targeted lncRNA	r7b6p2	0.634334	0.615536	0.976653	0.883886	0.934153	0.93874	0.988523	0.990392	1.05211	1.03033	1.08706	1.10847	0.948432	0.914487	0.942942	0.905598	1.028578	0.975757	1.016058	0.986833	1.026203	0.940758	1.022091	0.943459	0.951377	0.891495	1.00769	1.019797
PRR34-AS1	RP6-109B7.3	ASO_G0241990_05	Targeted lncRNA	r7b6p2	0.667331	0.612496	0.941236	0.948652	0.944215	0.885747	0.98672	0.976819	1.039224	1.066736	1.07965	1.1362	0.934492	0.901439	0.925019	0.899874	0.985839	1.019423	0.99519	1.025093	1.000394	0.988	0.997432	1.004072	0.931114	0.910273	0.999681	1.037572
PRR34-AS1	RP6-109B7.3	ASO_G0241990_06	Targeted lncRNA	r7b6p2	0.657151	0.66197	0.989326	1.02443	0.992535	0.985143	0.997954	0.985642	0.995348	1.011987	1.040987	1.050724	0.996067	1.002076	0.989705	0.993333	1.00181	1.03116	1.001631	1.018764	0.99065	1.026722	0.98262	1.024569	0.981104	0.994403	1.002953	1.003143
PRR34-AS1	RP6-109B7.3	ASO_G0241990_07	Targeted lncRNA	r7b6p2	0.684893	0.765699	0.995491	0.983907	0.972737	1.013067	1.003332	0.992278	1.008397	1.015324	1.029179	1.060986	0.99147	0.985899	0.979828	0.969936	1.001045	0.992037	1.003962	0.994179	1.028855	1.001302	1.022344	0.999599	0.992234	0.967828	0.994516	1.00377
PRR34-AS1	RP6-109B7.3	ASO_G0241990_10	Targeted lncRNA	r7b6p2	0.838316	0.820796	1.049118	0.997734	0.985423	0.947432	1.001524	0.989755	0.988288	1.024493	0.987595	1.048678	1.013012	0.965574	1.008837	0.962901	1.028467	1.015117	1.018561	1.01563	1.05064	1.033091	1.054302	1.03077	1.025646	0.980298	0.988768	0.999209
MIR222HG	RP6-99M1.2	ASO_G0270069_01	Targeted lncRNA	r1b0p4	0.951601	1.107939	1.00546	0.963996	0.98345	0.957801	1.005782	0.994462	1.00556	1.046009	1.021854	1.042204	0.995352	0.963308	0.997349	0.962942	1.017082	1.010561	1.026353	1.006281	0.984866	0.993359	0.982605	0.999804	0.976948	0.960817	1.014102	1.011254
MIR222HG	RP6-99M1.2	ASO_G0270069_02	Targeted lncRNA	r1b0p4	0.929017	0.959244	0.945843	0.993004	1.027163	1.00191	1.010922	1.003446	1.045868	1.025835	1.008642	0.997013	0.994019	0.999649	0.991731	0.998198	0.973173	0.990578	0.973715	0.989021	0.942533	0.982132	0.946269	0.988085	0.975034	1.001453	1.011668	1.0023
MIR222HG	RP6-99M1.2	ASO_G0270069_03	Targeted lncRNA	r1b0p4	0.885679	0.907241	0.955344	0.898473	0.945938	0.925053	0.99249	0.995153	1.023706	1.054287	1.063011	1.070143	0.954077	0.91036	0.951156	0.910308	0.979616	0.985916	0.998025	0.993509	0.972166	0.964637	0.981662	0.971659	0.953626	0.9094	1.019853	1.01753
MIR222HG	RP6-99M1.2	ASO_G0270069_04	Targeted lncRNA	r1b0p4	0.928557	0.884161	0.982325	0.96546	1.039018	1.008726	1.00952	0.999252	1.014556	1.031165	0.976021	1.035822	1.022707	0.984542	1.016707	0.984415	0.974535	0.967235	0.97769	0.981399	0.96896	0.974743	0.975296	0.980409	1.010092	0.979625	0.997095	1.007996
MIR222HG	RP6-99M1.2	ASO_G0270069_05	Targeted lncRNA	r1b0p4	0.949184	0.895968	0.904031	0.99946	0.905691	1.027741	0.987344	1.012821	1.070003	1.067467	1.076674	0.973031	0.902485	1.020854	0.901893	1.015733	0.999711	0.97545	1.006491	0.986114	0.982879	0.982683	0.991909	0.988227	0.908454	1.017969	1.018652	0.992861
MIR222HG	RP6-99M1.2	ASO_G0270069_AD_01	Targeted lncRNA	r10b0ADp4	0.967324	0.906685	1.184172	1.050283	1.069092	1.112885	1.008262	1.022228	0.976765	0.974992	0.944681	0.933249	1.107549	1.098335	1.098052	1.094093	1.04791	0.979216	1.039258	0.978104	1.073264	0.976972	1.068353	0.964408	1.097183	1.063201	0.97627	0.984036
MIR222HG	RP6-99M1.2	ASO_G0270069_AD_02	Targeted lncRNA	r10b0ADp4	0.985915	1.011961	0.990237	1.054988	1.038403	1.038029	1.01406	1.012196	0.993935	0.958292	0.99809	0.945562	1.018405	1.051108	1.015445	1.048866	0.977683	1.003377	0.982079	0.997285	0.950987	1.000945	0.95779	0.996934	0.993298	1.048226	1.013616	0.997669
MIR222HG	RP6-99M1.2	ASO_G0270069_AD_03	Targeted lncRNA	r10b0ADp4	0.969759	1.025085	1.00424	1.122993	1.034964	1.05617	1.016589	1.02291	1.030853	0.973517	1.045108	0.995279	1.032876	1.102445	1.024098	1.0973	0.978721	1.023522	0.999347	1.02459	0.946214	0.983984	0.956893	0.986793	1.000031	1.066862	1.030296	1.023791
MIR222HG	RP6-99M1.2	ASO_G0270069_AD_07	Targeted lncRNA	r10b0ADp4	0.935483	0.960506	1.047853	1.158111	1.034569	1.015585	1.013154	1.004337	1.028936	1.019251	1.001327	0.984895	1.052385	1.079384	1.044556	1.078036	1.001165	1.063625	1.011698	1.042792	0.994976	1.054002	1.000425	1.060004	1.028684	1.092359	1.012134	1.005987
MIR222HG	RP6-99M1.2	ASO_G0270069_AD_09	Targeted lncRNA	r10b0ADp4	0.85249	0.928888	1.010765	1.0678	0.998357	1.048913	1.007435	1.013884	1.004151	1.01498	1.029542	0.994279	1.009935	1.061086	1.003198	1.059895	1.002003	1.021268	1.011978	1.020759	0.978596	0.9788	0.976565	0.984817	0.982343	1.030529	1.014983	1.016101
APTR	RSBN1L-AS1	ASO_G0214293_01	Targeted lncRNA	r3b2p1	0.971807	1.014332	0.933864	0.976989	0.998871	1.044831	1.006909	1.000872	0.996873	0.994196	0.972397	0.996495	0.972284	1.004212	0.965906	0.99388	0.956671	0.977666	0.958376	0.980694	0.971522	0.980048	0.97429	0.982318	0.980304	0.996692	0.981406	0.996104
APTR	RSBN1L-AS1	ASO_G0214293_02	Targeted lncRNA	r3b2p1	0.856266	0.981127	0.875559	0.936001	0.994935	0.941624	0.998001	0.993553	1.074276	1.070553	1.129299	1.113152	0.946079	0.941302	0.929346	0.938154	0.949286	1.004552	0.982411	1.024988	0.905856	0.961262	0.924862	0.974598	0.898289	0.918225	1.044274	1.033081
APTR	RSBN1L-AS1	ASO_G0214293_03	Targeted lncRNA	r3b2p1	0.840045	0.858858	0.936648	0.860069	0.998229	0.904949	0.996493	0.985206	1.086252	1.062727	1.120542	1.155865	0.972123	0.878936	0.95863	0.872486	0.97134	0.970653	1.001751	0.998423	0.942061	0.939788	0.949805	0.951091	0.927644	0.863784	1.034794	1.03545
APTR	RSBN1L-AS1	ASO_G0214293_04	Targeted lncRNA	r3b2p1	0.833825	0.879295	0.978229	0.897264	1.056303	0.969034	1.015661	1.00399	1.009109	1.03725	1.040118	1.115009	1.037189	0.948315	1.022155	0.928118	0.98035	0.965199	0.996982	0.98977	0.955059	0.943175	0.95308	0.953442	0.978719	0.913278	1.019774	1.032185
APTR	RSBN1L-AS1	ASO_G0214293_05	Targeted lncRNA	r3b2p1	0.882101	1.02653	1.015016	0.943788	1.02245	0.976127	1.010209	0.993618	0.99624	1.038749	1.00932	1.082782	1.031434	0.957964	1.028403	0.952315	1.003684	0.992137	1.011651	1.011373	0.999239	0.974319	1.005329	0.980562	1.020919	0.93427	1.008427	1.019477
SBF2-AS1	SBF2-AS1	ASO_G0246273_01	Targeted lncRNA	r7b6p4	1.002756	0.990594	1.042401	1.01489	1.017091	0.961368	1.001018	0.982299	0.991041	1.007857	0.969194	1.00274	1.025277	0.977293	1.017509	0.976854	1.018705	1.013619	1.007452	1.004552	1.032827	1.058663	1.023526	1.058608	1.026218	1.014594	0.98454	0.981862
SBF2-AS1	SBF2-AS1	ASO_G0246273_02	Targeted lncRNA	r7b6p4	0.575853	0.492505	0.876897	0.839455	0.935904	0.884617	0.986088	0.972814	1.056694	1.08423	1.111112	1.174999	0.904615	0.85544	0.894772	0.848041	0.982052	0.96847	0.982696	0.985158	0.975259	0.958424	0.983635	0.9737	0.89599	0.848695	1.012542	1.031095
SBF2-AS1	SBF2-AS1	ASO_G0246273_05	Targeted lncRNA	r7b6p4	0.742117	0.756588	0.963575	0.913447	0.958086	0.941367	0.981729	0.98308	1.045354	1.054488	1.104262	1.091065	0.944897	0.919917	0.937944	0.911226	0.982189	0.977649	0.985884	0.983395	0.995273	0.99007	1.007289	0.99275	0.950986	0.926175	1.019717	1.011723
SBF2-AS1	SBF2-AS1	ASO_G0246273_08	Targeted lncRNA	r7b6p4	0.831	0.786089	0.976822	0.930581	0.95551	0.9743	0.986389	0.99576	1.049905	1.01917	1.075405	1.030531	0.960079	0.949615	0.944795	0.948125	1.008867	0.964621	1.012763	0.97299	1.016101	0.976951	1.017859	0.983971	0.959595	0.954499	1.001728	1.001853
SBF2-AS1	SBF2-AS1	ASO_G0246273_AD_01	Targeted lncRNA	r11b1ADp4	0.917368	0.90283	0.995377	1.007827	0.98945	1.002122	0.996122	0.989579	1.016056	1.002159	1.028575	1.008825	0.983311	0.994425	0.97817	0.985285	0.99966	0.986217	0.992767	0.983083	0.987001	1.00543	0.977202	1.00342	0.973792	0.987872	1.00111	0.990539
SBF2-AS1	SBF2-AS1	ASO_G0246273_AD_02	Targeted lncRNA	r11b1ADp4	0.88639	0.8653	1.022093	1.007551	0.979009	1.018613	0.999379	0.990958	1.002897	0.98541	1.015531	0.976046	0.99946	1.01154	0.995349	1.01192	0.99938	0.985978	0.995755	0.985428	1.016548	1.028262	1.010415	1.023085	1.007169	1.020323	1.002402	0.979462
SBF2-AS1	SBF2-AS1	ASO_G0246273_AD_06	Targeted lncRNA	r11b1ADp4	0.738243	0.772211	1.050845	0.97605	1.002823	1.053565	1.000933	0.998161	1.001895	0.969985	1.008561	0.974656	1.033059	1.012979	1.025492	1.000949	1.01837	0.948004	1.015488	0.955746	1.017371	1.00834	1.02314	1.004952	1.024397	1.013056	1.002631	0.982555
SBF2-AS1	SBF2-AS1	ASO_G0246273_AD_08	Targeted lncRNA	r11b1ADp4	0.846502	0.808546	1.037287	1.063292	1.050464	1.055786	1.010757	1.004726	0.979373	0.978817	0.980814	0.973749	1.051112	1.062815	1.046565	1.046077	0.985649	0.99272	1.004979	0.993153	1.000642	1.020454	0.996128	1.00113	1.029335	1.048503	0.998252	0.985271
SBF2-AS1	SBF2-AS1	ASO_G0246273_AD_09	Targeted lncRNA	r11b1ADp4	0.789125	0.770759	1.085158	1.244754	1.156679	1.127961	1.02213	1.01077	0.913783	0.942352	0.915649	0.937804	1.14057	1.191833	1.13303	1.180426	0.961551	1.041006	0.9722	1.025775	1.004133	1.094654	0.978365	1.068982	1.089449	1.167786	0.972032	0.976337
SERTAD4-AS1	SERTAD4-AS1	ASO_G0203706_01	Targeted lncRNA	r2b1p4	-0.055489	-0.020753	0.823288	0.759884	0.893257	0.881558	0.96013	0.968524	1.110324	1.135379	1.21427	1.270747	0.861882	0.82766	0.859219	0.819469	0.952547	0.952833	0.970709	0.982134	0.903696	0.839753	0.907554	0.857542	0.853358	0.784962	1.045788	1.076372
SERTAD4-AS1	SERTAD4-AS1	ASO_G0203706_02	Targeted lncRNA	r2b1p4	0.905692	0.960154	0.908835	0.836084	0.916133	0.953109	0.980642	0.987914	1.063797	1.062751	1.06784	1.106582	0.903924	0.907392	0.908626	0.899024	1.000226	0.956355	1.011822	0.972564	1.001309	0.942623	1.009718	0.944577	0.918616	0.883497	1.00712	1.016449
SERTAD4-AS1	SERTAD4-AS1	ASO_G0203706_03	Targeted lncRNA	r2b1p4	0.994114	0.983515	1.065881	1.050276	0.921293	0.923224	0.978847	0.982815	1.063459	1.032217	1.06597	1.045212	0.97761	0.972495	0.984355	0.973612	1.055996	1.042181	1.047663	1.029019	1.060515	1.074559	1.061944	1.078335	1.008651	1.008788	1.011609	0.995662
SERTAD4-AS1	SERTAD4-AS1	ASO_G0203706_04	Targeted lncRNA	r2b1p4	1.042278	1.056566	1.034735	0.962088	1.045968	1.018873	1.011683	0.999254	0.974847	0.999189	0.99363	1.026836	1.048743	1.003049	1.041627	0.999699	1.011388	0.99082	1.012309	0.99596	1.003929	0.965107	0.999757	0.965421	1.028329	0.974271	0.995643	1.007024
SERTAD4-AS1	SERTAD4-AS1	ASO_G0203706_07	Targeted lncRNA	r2b1p4	1.030625	1.010788	1.077583	0.969526	0.965642	0.925051	0.974352	0.972986	0.952727	0.978649	0.903616	0.945741	0.993392	0.919507	1.001135	0.93489	1.052832	1.011659	1.006109	0.976091	1.148274	1.079964	1.131118	1.075726	1.084819	0.998981	0.943828	0.946543
SERTAD4-AS1	SERTAD4-AS1	ASO_G0203706_AD_02	Targeted lncRNA	r11b1ADp1	0.955684	0.93177	0.949464	0.969723	1.041384	1.020199	1.007673	0.99467	0.975827	0.982475	0.947714	0.991417	0.998962	0.991991	0.996144	0.98952	0.962265	0.978559	0.955128	0.972565	0.981929	1.014004	0.970331	1.00535	0.999966	1.004849	0.97463	0.977392
SERTAD4-AS1	SERTAD4-AS1	ASO_G0203706_AD_03	Targeted lncRNA	r11b1ADp1	0.801199	0.845491	1.032053	1.000047	1.00459	0.965622	0.994032	0.997754	0.984854	1.026991	1.005432	1.06763	1.01468	0.983182	1.010655	0.976181	1.014468	1.016526	1.009185	1.024588	1.043281	1.000527	1.025676	0.994805	1.015041	0.971145	0.99634	1.01658
SERTAD4-AS1	SERTAD4-AS1	ASO_G0203706_AD_07	Targeted lncRNA	r11b1ADp1	0.90963	0.910559	0.973673	1.003256	1.029834	0.99365	0.99648	0.999258	1.010209	0.990509	1.006333	0.994901	1.006988	0.991877	0.999621	0.993045	0.969699	0.988119	0.977832	0.989496	0.991695	1.016787	0.987768	1.009514	0.997465	1.011446	0.983688	0.991226
SERTAD4-AS1	SERTAD4-AS1	ASO_G0203706_AD_09	Targeted lncRNA	r11b1ADp1	0.910763	0.937539	0.941803	0.938538	1.021052	1.024038	0.995136	0.998676	0.991882	1.0037	0.997008	1.002577	0.982646	0.979969	0.982108	0.969989	0.970312	0.960376	0.97705	0.969705	0.969247	0.961472	0.964852	0.962676	0.970246	0.971297	0.999297	1.000228
SERTAD4-AS1	SERTAD4-AS1	ASO_G0203706_AD_10	Targeted lncRNA	r11b1ADp1	0.849795	0.894947	1.010351	1.030587	1.024388	0.999254	0.995035	0.996313	0.989019	1.023644	0.98886	1.03169	1.020446	1.014076	1.017752	1.010169	0.99562	1.017553	0.998281	1.020595	1.009947	1.00637	0.997262	1.013697	1.004386	1.00316	0.987751	1.012221
SMURF2P1	SMURF2P1	ASO_G0248121_02	Targeted lncRNA	r8b7p6	0.918213	1.001853	0.933739	0.980983	1.053376	1.021286	1.011083	1.000691	0.973989	1.007511	0.989419	1.038472	1.005534	1.010355	0.99881	1.000519	0.946645	0.993144	0.960347	1.003022	0.951605	0.988669	0.946839	0.979953	0.979467	0.97972	0.999727	1.007008
SMURF2P1	SMURF2P1	ASO_G0248121_04	Targeted lncRNA	r8b7p6	0.859999	0.83845	1.008052	0.98747	0.994462	0.958238	0.990387	0.985895	1.011119	1.048969	1.026872	1.070051	0.993338	0.965766	0.994505	0.96308	1.000954	0.994476	1.003728	1.005995	1.026609	0.995449	1.027915	1.006741	1.000172	0.967598	0.992792	1.010477
SMURF2P1	SMURF2P1	ASO_G0248121_07	Targeted lncRNA	r8b7p6	0.789815	0.827761	0.950236	0.958617	1.009632	0.986231	0.991177	1.00265	1.000393	1.03929	1.006743	1.062986	0.980563	0.97548	0.970165	0.965631	0.962256	0.979711	0.966738	0.994802	0.982276	0.982825	0.980582	0.981083	0.971815	0.963987	0.991573	1.012373
SMURF2P1	SMURF2P1	ASO_G0248121_09	Targeted lncRNA	r8b7p6	0.421873	0.421297	0.885989	0.84245	0.978081	0.917768	0.98539	0.969114	1.038187	1.079509	1.097062	1.18721	0.929401	0.874342	0.91572	0.866145	0.948503	0.941285	0.955491	0.959774	0.955343	0.932203	0.94354	0.932917	0.910073	0.862572	0.997754	1.023982
SMURF2P1	SMURF2P1	ASO_G0248121_10	Targeted lncRNA	r8b7p6	0.952345	0.899242	1.067782	1.012986	1.017203	1.037233	1.010163	1.008307	0.98684	0.981753	0.989814	1.02431	1.047077	1.028087	1.048875	1.023966	1.041164	0.993906	1.036758	1.005656	1.005613	0.97402	1.008268	0.974553	1.024273	1.004275	1.012014	1.019885
SNAI3-AS1	SNAI3-AS1	ASO_G0260630_01	Targeted lncRNA	r9b8p1	0.988298	0.962653	1.032287	0.966822	1.054585	1.012711	1.015214	1.004012	0.93891	0.99797	0.954609	0.980708	1.058357	1.004253	1.061433	1.003678	0.993043	0.98163	0.994588	0.979351	1.001936	0.993131	1.000345	0.99362	1.044656	1.001463	0.995899	0.992875
SNAI3-AS1	SNAI3-AS1	ASO_G0260630_02	Targeted lncRNA	r9b8p1	0.933445	0.8954	1.00765	1.023006	1.017378	1.107833	0.997111	1.011478	0.953496	0.943768	0.967926	0.916027	1.013379	1.071104	1.021748	1.0657	1.005215	0.981087	0.990205	0.974306	1.037303	1.019081	1.032564	1.017178	1.027188	1.055137	0.977805	0.969708
SNAI3-AS1	SNAI3-AS1	ASO_G0260630_03	Targeted lncRNA	r9b8p1	0.82233	0.790772	1.11076	0.994662	1.111487	1.08881	1.017889	1.009115	0.934122	0.967989	0.913991	0.991223	1.112885	1.056622	1.113159	1.047343	1.012352	0.986043	0.999422	0.981582	1.032372	0.985364	1.02325	0.970974	1.101368	1.014814	0.970961	0.991306
SNAI3-AS1	SNAI3-AS1	ASO_G0260630_07	Targeted lncRNA	r9b8p1	0.79258	0.775336	1.006408	1.024178	1.128524	1.124318	1.0186	1.014194	0.953146	0.933172	0.962102	0.931736	1.078745	1.091802	1.065819	1.082178	0.965062	0.974525	0.979358	0.96766	0.969276	0.986602	0.95546	0.975049	1.023145	1.045554	0.993692	0.972905
SNAI3-AS1	SNAI3-AS1	ASO_G0260630_09	Targeted lncRNA	r9b8p1	0.814686	0.76772	1.028899	0.996542	1.042298	1.006071	0.991078	0.994535	0.989809	0.99275	0.985117	1.017274	1.037785	0.994067	1.025319	0.987859	0.997679	0.994254	1.000061	0.986595	1.037188	1.015158	1.029447	1.011999	1.03776	0.980849	0.984188	0.993865
SNHG18	SNHG18	ASO_G0250786_01	Targeted lncRNA	r1b0p4	0.962802	1.024228	1.071113	1.082495	1.003256	1.095708	1.001841	1.022138	1.016478	0.916826	0.933622	0.943841	1.035566	1.096207	1.04541	1.092602	1.020077	0.997446	1.008622	1.000964	1.055044	0.983136	1.053151	0.978362	1.063271	1.077703	0.974023	1.000189
SNHG18	SNHG18	ASO_G0250786_02	Targeted lncRNA	r1b0p4	0.961028	0.949372	0.962295	1.035958	0.97162	1.028363	0.997265	1.001579	1.00147	1.048139	1.029532	1.023088	0.970925	1.030863	0.974422	1.026674	0.998764	1.008796	1.005266	1.004311	0.986645	1.009908	0.989247	1.00588	0.96271	1.032742	1.015468	1.002807
SNHG18	SNHG18	ASO_G0250786_03	Targeted lncRNA	r1b0p4	0.930988	0.789068	0.995426	0.983485	0.983774	1.075528	0.995877	1.015487	1.046558	1.081833	1.000889	0.998909	0.99097	1.045047	0.989949	1.038641	1.010044	0.963894	1.006653	0.977269	1.004575	0.939042	1.004428	0.945131	0.989828	1.010486	1.003846	1.005118
SNHG18	SNHG18	ASO_G0250786_04	Targeted lncRNA	r1b0p4	1.00267	0.926017	0.982962	0.974969	0.99259	0.999054	0.993268	1.006835	1.106915	1.047338	1.019417	1.026	0.983073	0.997127	0.982363	0.989023	0.998561	0.993956	0.995393	1.000796	0.988637	0.966825	1.000402	0.975306	0.9829	0.973176	1.001459	1.011173
SNHG18	SNHG18	ASO_G0250786_05	Targeted lncRNA	r1b0p4	1.011599	1.014217	1.024848	0.971653	1.002791	0.966795	0.992956	0.998046	1.057305	1.042959	1.008962	1.01817	1.008159	0.96964	1.004094	0.970219	1.023769	0.999184	1.015967	0.999747	1.021341	1.000226	1.022101	1.010733	1.006326	0.979015	0.999758	1.000842
SNHG18	SNHG18	ASO_G0250786_AD_03	Targeted lncRNA	r10b0ADp3	1.006547	0.985589	1.039269	1.082632	0.924822	0.976348	0.979712	0.991392	1.072167	1.007121	1.054043	1.009928	0.966483	1.018237	0.966598	1.023569	1.049394	1.039521	1.034953	1.026069	1.064358	1.048791	1.065105	1.041191	0.995366	1.043338	0.994989	1.00016
SNHG18	SNHG18	ASO_G0250786_AD_04	Targeted lncRNA	r10b0ADp3	0.964421	0.9863	0.893866	1.054178	0.931548	0.99972	0.982627	0.99324	1.037596	1.013114	1.092563	1.004677	0.908099	1.024054	0.906555	1.023032	0.988518	1.02046	0.988451	1.012382	0.977814	1.046354	0.978757	1.040385	0.909663	1.041008	1.011522	0.992741
SNHG18	SNHG18	ASO_G0250786_AD_07	Targeted lncRNA	r10b0ADp3	0.969501	1.012116	0.993941	0.950439	0.903792	0.989352	0.983903	0.998448	1.07581	1.027973	1.094038	1.050051	0.928941	0.975782	0.936323	0.974303	1.033722	0.978874	1.040963	0.989059	1.005358	0.958964	1.015197	0.968624	0.940338	0.969943	1.022939	1.014635
SNHG18	SNHG18	ASO_G0250786_AD_08	Targeted lncRNA	r10b0ADp3	0.817138	0.883687	0.972298	1.005298	0.927974	0.973244	0.975403	0.984079	1.037785	1.010972	1.054006	1.054046	0.943169	0.983625	0.938788	0.982586	1.012503	1.023711	1.010235	1.020823	1.027757	1.011672	1.028562	1.010033	0.961689	0.985643	0.995137	1.005421
SNHG18	SNHG18	ASO_G0250786_AD_10	Targeted lncRNA	r10b0ADp3	0.534077	0.647272	0.725996	0.783161	0.837076	0.880979	0.949492	0.960484	1.144895	1.097417	1.243897	1.196071	0.767111	0.827878	0.762551	0.823364	0.925159	0.943921	0.943792	0.959816	0.907118	0.911346	0.925107	0.922362	0.781767	0.826036	1.024449	1.020001
SOCS2-AS1	SOCS2-AS1	ASO_G0246985_02	Targeted lncRNA	r7b6p4	1.001071	1.041953	0.997266	0.923523	0.980201	1.064169	0.998579	1.011889	1.002019	1.005648	1.018042	0.974752	0.990891	0.995333	0.986739	0.994755	1.001547	0.945627	0.998577	0.951137	1.026074	0.934224	1.022037	0.936885	1.005178	0.983289	0.995401	0.997586
SOCS2-AS1	SOCS2-AS1	ASO_G0246985_03	Targeted lncRNA	r7b6p4	0.886973	0.973542	0.972074	0.976648	0.96023	1.017369	0.986527	1.011033	1.010583	0.985123	1.015993	0.984555	0.942889	0.986311	0.939274	0.980735	0.996677	0.954712	0.997249	0.969683	1.037309	0.964169	1.038847	0.969814	0.964994	0.988653	0.99367	1.008541
SOCS2-AS1	SOCS2-AS1	ASO_G0246985_05	Targeted lncRNA	r7b6p4	0.859149	0.881628	0.890755	1.026772	0.931669	0.976	0.976166	0.998644	1.034063	1.011708	1.059971	1.013421	0.897578	0.997582	0.894418	0.993995	0.985935	1.012823	0.981312	1.009201	1.002119	1.03569	1.009589	1.026107	0.914749	1.010279	0.993279	1.002229
SOCS2-AS1	SOCS2-AS1	ASO_G0246985_07	Targeted lncRNA	r7b6p4	0.818669	0.859825	0.897567	1.05153	0.902643	0.998725	0.978611	1.003487	1.09113	1.015117	1.141378	1.011162	0.887678	1.01675	0.876928	1.006263	0.975253	1.000498	0.996944	1.007773	0.97643	1.018178	0.994047	1.015654	0.896924	1.016472	1.028191	1.00305
SOCS2-AS1	SOCS2-AS1	ASO_G0246985_10	Targeted lncRNA	r7b6p4	0.77193	0.801221	0.92407	1.013623	1.018433	1.142467	0.997968	1.027317	1.032052	0.942009	1.053066	0.944842	0.971877	1.086021	0.955606	1.079643	0.957074	0.929714	0.983273	0.949007	0.957063	0.917001	0.961839	0.916858	0.937284	1.050637	1.010538	1.010905
SOCS2-AS1	SOCS2-AS1	ASO_G0246985_AD_01	Targeted lncRNA	r11b1ADp4	0.923445	0.920345	0.952744	1.001758	1.010137	1.010972	0.995662	1.000231	0.978562	0.964761	0.96532	0.948895	0.984902	1.003294	0.981372	1.002835	0.960806	0.985729	0.95881	0.97536	0.982824	1.010004	0.976443	1.001733	0.997604	1.019591	0.976447	0.974184
SOCS2-AS1	SOCS2-AS1	ASO_G0246985_AD_02	Targeted lncRNA	r11b1ADp4	0.83116	0.833039	1.04161	0.962646	1.025691	1.007801	0.997818	0.997019	0.986565	1.002671	0.996084	1.005198	1.026118	0.978224	1.020856	0.965471	1.003798	0.97425	0.99139	0.970961	1.030884	1.003937	1.033014	0.993192	1.026424	0.978389	0.995585	0.983906
SOCS2-AS1	SOCS2-AS1	ASO_G0246985_AD_03	Targeted lncRNA	r11b1ADp4	0.714424	0.786968	0.981175	1.041179	0.997888	0.99732	0.995455	0.994852	1.01182	0.98753	1.002067	0.994306	0.990818	1.011545	0.977936	1.001671	0.970845	1.006679	0.978325	0.990744	1.000286	1.05298	0.995767	1.045573	0.988059	1.032476	0.985512	0.979627
SOCS2-AS1	SOCS2-AS1	ASO_G0246985_AD_04	Targeted lncRNA	r11b1ADp4	0.727882	0.820195	1.079225	0.980515	1.051445	1.019005	1.002336	0.99975	0.961784	0.975379	0.941416	0.944642	1.054205	1.002005	1.045274	1.000359	0.996681	0.962531	0.97578	0.957679	1.030727	1.001353	1.014106	0.992476	1.066056	1.018939	0.97162	0.974499
SOCS2-AS1	SOCS2-AS1	ASO_G0246985_AD_07	Targeted lncRNA	r11b1ADp4	0.824896	0.849876	1.064078	0.96891	1.032181	1.049355	1.009589	1.002918	0.964911	0.966802	0.941044	0.968822	1.046383	1.015023	1.044093	1.009524	0.987043	0.963943	0.980043	0.965451	1.0392	0.992845	1.018259	0.986973	1.063974	1.000544	0.972213	0.977882
SRP14-AS1	SRP14-AS1	ASO_G0248508_04	Targeted lncRNA	r8b7p2	0.849766	0.775103	0.972572	0.875474	0.994887	0.96026	0.98363	0.979996	1.007302	1.037033	1.017759	1.071614	0.97618	0.905706	0.972917	0.898814	0.991601	0.943749	0.980855	0.956292	1.04343	0.963749	1.036716	0.972922	0.996533	0.915339	0.978757	1.001616
SRP14-AS1	SRP14-AS1	ASO_G0248508_07	Targeted lncRNA	r8b7p2	0.875016	0.910982	0.886634	0.964749	0.983414	0.896367	0.982817	0.968823	1.000561	1.043327	0.978088	1.056043	0.924502	0.915147	0.925576	0.927611	0.955483	1.044597	0.940302	1.031171	0.972117	1.050032	0.963965	1.053596	0.939251	0.949864	0.968006	0.998808
SRP14-AS1	SRP14-AS1	ASO_G0248508_08	Targeted lncRNA	r8b7p2	0.897028	0.837946	0.922811	0.951958	1.015646	0.983169	0.984451	0.993828	0.972518	1.007471	0.963742	0.993375	0.965113	0.961155	0.95468	0.961202	0.94231	0.984918	0.932564	0.990752	1.019581	1.000176	1.004694	1.005679	0.990317	0.974452	0.956473	0.992944
SRP14-AS1	SRP14-AS1	ASO_G0248508_09	Targeted lncRNA	r8b7p2	0.659703	0.570517	0.95889	0.872881	0.980654	0.936002	0.961232	0.968378	1.015497	1.049391	0.947635	1.043192	0.929394	0.888319	0.923217	0.885934	0.948888	0.969146	0.921266	0.942747	1.099161	0.99719	1.089879	0.999473	1.043952	0.934358	0.936251	0.969064
SRP14-AS1	SRP14-AS1	ASO_G0248508_10	Targeted lncRNA	r8b7p2	0.935279	0.976822	0.963112	0.994385	1.019637	0.982349	0.975511	0.98496	0.955948	0.990005	0.903701	0.98028	0.976736	0.979913	0.977515	0.986466	0.974379	1.008943	0.939946	0.984219	1.059905	1.017765	1.04705	1.019097	1.037588	1.01502	0.929261	0.979666
ST7-AS1	ST7-AS1	ASO_G0227199_01	Targeted lncRNA	r4b4p4	1.098751	1.02172	1.109809	0.980454	0.934518	0.987356	0.976571	0.98302	1.042423	1.002805	0.988417	1.004966	0.973957	0.977861	0.972002	0.98668	1.034067	0.994791	1.004549	0.97854	1.097274	0.998661	1.092989	0.99695	1.05499	1.000048	0.976475	0.998982
ST7-AS1	ST7-AS1	ASO_G0227199_05	Targeted lncRNA	r4b4p4	1.013239	1.028953	0.96874	0.949256	0.993077	0.930995	1.002017	0.977023	1.020699	1.036656	1.058588	1.071091	0.970118	0.937933	0.96215	0.937305	0.978265	1.019494	0.993886	1.01026	0.980563	1.016044	0.979794	1.021734	0.958651	0.958298	1.006392	1.012993
ST7-AS1	ST7-AS1	ASO_G0227199_06	Targeted lncRNA	r4b4p4	1.026913	1.013447	0.922589	1.045349	0.991143	0.988121	0.988794	1.003093	1.015276	1.023797	1.037629	1.052841	0.949217	1.010319	0.935953	1.015723	0.956527	1.031714	0.959768	1.030328	0.964531	0.998658	0.961534	0.996611	0.951371	1.006234	1.001041	1.016598
ST7-AS1	ST7-AS1	ASO_G0227199_08	Targeted lncRNA	r4b4p4	1.044525	1.042838	1.034606	1.042104	0.991153	1.009091	0.999919	1.00178	1.007365	0.988501	1.052347	0.978556	1.012951	1.022321	1.009132	1.026864	1.015393	1.020035	1.023395	1.011508	0.996975	1.018818	0.992518	1.022374	0.989615	1.03645	1.020326	1.0067
STX18-AS1	STX18-AS1	ASO_G0247708_01	Targeted lncRNA	r8b7p6	0.935698	1.019712	0.98954	0.968782	0.967874	0.978484	0.995179	0.991832	0.982824	1.017201	0.972884	1.021887	0.96706	0.968662	0.974766	0.967873	1.006422	0.990548	0.99925	0.994111	1.033241	0.990507	1.028516	0.987581	0.989379	0.96596	0.981413	1.004077
STX18-AS1	STX18-AS1	ASO_G0247708_02	Targeted lncRNA	r8b7p6	0.97114	0.944248	1.03794	1.034363	1.028349	0.957471	0.98647	0.980982	0.977724	1.013846	0.957856	1.014589	1.025855	0.982845	1.021284	0.981355	0.99399	1.025991	0.982615	1.025434	1.070141	1.047938	1.053557	1.048492	1.047457	0.993071	0.953581	0.992018
STX18-AS1	STX18-AS1	ASO_G0247708_03	Targeted lncRNA	r8b7p6	1.00474	0.911936	0.938579	0.984053	0.987742	0.977635	0.984441	0.988711	1.003378	1.003044	1.013073	1.025659	0.960146	0.971918	0.963709	0.965065	0.987082	1.003511	0.977149	1.006065	0.978001	1.020586	0.977813	1.016852	0.955056	0.97258	0.991801	0.995054
STX18-AS1	STX18-AS1	ASO_G0247708_05	Targeted lncRNA	r8b7p6	0.958074	0.870608	0.975649	1.00528	0.9618	0.943793	0.981354	0.974582	1.005117	1.035145	1.007546	1.044626	0.953641	0.955609	0.958343	0.948422	0.989838	1.007035	0.981907	1.004247	1.024006	1.044017	1.010938	1.038649	0.976242	0.978933	0.975474	0.985904
STX18-AS1	STX18-AS1	ASO_G0247708_09	Targeted lncRNA	r8b7p6	1.005209	0.957679	0.970613	1.00837	1.007604	0.954049	1.00177	0.9892	1.008127	1.047688	0.997431	1.070114	0.99058	0.971664	0.993144	0.967699	0.982082	1.015131	0.985347	1.022168	0.983823	1.000815	0.981272	1.005539	0.975688	0.97244	0.989162	1.015955
SUGT1P1	SUGT1P	ASO_G0226823_01	Targeted lncRNA	r4b4p4	1.118938	1.016965	0.924206	0.975401	0.951582	0.925019	0.984458	0.97614	1.030246	1.030981	1.035984	1.041274	0.925535	0.925091	0.929719	0.932576	0.984959	1.006889	0.983143	0.999244	0.98935	1.020482	0.987866	1.027597	0.932589	0.966885	1.001207	0.998146
SUGT1P1	SUGT1P	ASO_G0226823_03	Targeted lncRNA	r4b4p4	1.011087	1.03111	0.981318	0.976046	0.988847	0.976896	1.002751	0.990194	1.019311	1.022984	1.029678	1.078296	0.980518	0.971068	0.981193	0.960679	0.985554	1.002833	0.991132	1.017967	0.982116	1.002794	0.979102	1.004253	0.97345	0.954282	1.008759	1.019967
SUGT1P1	SUGT1P	ASO_G0226823_04	Targeted lncRNA	r4b4p4	0.580913	0.404441	1.037726	0.977491	0.942251	0.926816	0.973347	0.980343	1.067688	1.075523	1.097823	1.12833	0.975566	0.940806	0.962897	0.943812	1.030876	1.023534	1.030059	1.036223	1.043899	1.005759	1.051159	1.020046	0.981501	0.941538	1.016832	1.039273
SUGT1P1	SUGT1P	ASO_G0226823_06	Targeted lncRNA	r4b4p4	0.941607	0.928341	0.925263	1.0017	0.926461	0.955374	0.986	0.98285	1.026023	1.006121	1.086068	1.065827	0.913739	0.957582	0.914291	0.961857	0.985374	1.021325	0.99905	1.013838	0.988538	1.0217	0.999684	1.024963	0.925321	0.977543	1.017992	1.011549
SUGT1P1	SUGT1P	ASO_G0226823_08	Targeted lncRNA	r4b4p4	0.982118	1.021281	0.893152	0.990343	0.960409	1.011859	0.993742	1.009132	1.038342	1.025008	1.070167	1.011802	0.923146	0.999736	0.919151	0.998212	0.960887	0.981092	0.982752	0.990136	0.939871	0.980914	0.947065	0.982909	0.906325	0.990553	1.020659	1.006741
TERC	TERC	ASO_G0270141_01	Targeted lncRNA	r1b0p5	0.668182	0.737277	0.918089	0.857495	0.783073	0.792223	0.941505	0.958645	1.131923	1.101359	1.181484	1.17151	0.827122	0.811613	0.827462	0.806196	1.067476	1.032915	1.044571	1.022268	1.089661	1.043405	1.094479	1.049928	0.884856	0.850911	1.001217	1.011324
TERC	TERC	ASO_G0270141_03	Targeted lncRNA	r1b0p5	1.108385	1.011521	1.005803	1.044146	0.96013	0.941509	0.990506	0.988374	1.007234	1.020936	1.070387	1.047127	0.97785	0.988457	0.975322	0.990081	1.03035	1.047971	1.033338	1.045628	1.006722	1.05824	1.008742	1.055129	0.965747	0.997304	1.02125	1.003334
TERC	TERC	ASO_G0270141_04	Targeted lncRNA	r1b0p5	0.900297	0.892623	0.931276	0.902542	1.013332	0.999483	0.996807	0.994722	1.081764	0.974807	1.002988	1.051206	0.97687	0.95712	0.97218	0.952547	0.969941	0.959521	0.973165	0.97206	0.96803	0.934004	0.972422	0.945515	0.970341	0.932992	0.999156	1.02189
TERC	TERC	ASO_G0270141_05	Targeted lncRNA	r1b0p5	0.905131	0.89431	0.953326	1.021617	0.883742	0.831924	0.976971	0.957924	1.083341	1.052938	1.073478	1.059313	0.919817	0.893151	0.923416	0.903054	1.057729	1.100041	1.042194	1.072368	1.03922	1.119231	1.036806	1.115687	0.928282	0.952868	1.000764	0.991868
TERC	TERC	ASO_G0270141_07	Targeted lncRNA	r1b0p5	0.588849	0.640673	1.078145	0.951324	0.816362	0.803351	0.954575	0.942221	1.105928	1.106605	1.089545	1.146389	0.914798	0.846491	0.922523	0.852795	1.108335	1.054903	1.078306	1.036428	1.146971	1.10213	1.155647	1.107055	1.000429	0.921513	0.992862	1.002321
TERC	TERC	ASO_G0270141_AD_01	Targeted lncRNA	r10b0ADp5	0.978951	0.980095	0.962544	0.989658	1.000031	0.946168	0.985577	0.982528	0.983812	1.038457	0.948712	1.019629	0.9686	0.958084	0.971997	0.964452	0.966553	1.035721	0.954531	1.022484	1.028458	1.038644	1.024887	1.033118	1.002838	0.97003	0.956035	0.98867
TERC	TERC	ASO_G0270141_AD_06	Targeted lncRNA	r10b0ADp5	0.980146	1.033993	0.937722	0.989299	0.995946	0.977961	0.998544	0.997587	0.976756	0.999786	0.97886	1.028117	0.970441	0.996648	0.972523	1.003551	0.97708	1.011254	0.972515	1.007745	1.009892	1.0115	0.996662	1.005453	0.980426	0.984449	0.965947	1.003484
TERC	TERC	ASO_G0270141_AD_07	Targeted lncRNA	r10b0ADp5	1.054764	0.960024	0.952706	0.987658	0.952085	0.951135	0.984086	0.993891	1.024011	1.027635	1.01437	1.041654	0.942879	0.974457	0.945782	0.976945	1.015756	1.014962	0.996392	1.01468	1.040611	1.033191	1.033833	1.03597	0.957266	0.973093	0.972826	0.996003
TERC	TERC	ASO_G0270141_AD_09	Targeted lncRNA	r10b0ADp5	0.921174	0.897082	0.950685	0.979563	0.963587	0.927481	0.983436	0.982093	1.027337	1.061011	1.002983	1.046859	0.940209	0.948593	0.941941	0.95036	0.980477	1.014044	0.974005	1.011391	1.016768	1.037192	1.009923	1.046547	0.966703	0.980785	0.970578	0.994528
TERC	TERC	ASO_G0270141_AD_10	Targeted lncRNA	r10b0ADp5	0.997536	1.047777	0.941685	0.955407	0.958156	0.978333	0.991163	0.991327	1.015172	1.023129	1.029369	1.057043	0.942487	0.968081	0.943966	0.956265	0.986797	0.9923	0.991596	0.998288	1.023229	1.006649	1.015002	1.005908	0.950632	0.959456	0.985774	1.003436
TMCC1-AS1	TMCC1-AS1	ASO_G0271270_03	Targeted lncRNA	r3b2p5	1.054201	1.085181	0.923521	0.993329	0.894438	1.014498	0.982292	1.009145	1.019629	0.941853	1.058251	0.962702	0.895608	1.007707	0.908997	1.012369	1.020099	0.998374	1.014512	0.996827	1.025862	1.005245	1.018332	1.000928	0.922295	1.00723	0.998121	0.982252
TMCC1-AS1	TMCC1-AS1	ASO_G0271270_04	Targeted lncRNA	r3b2p5	0.995109	1.166828	0.954064	0.933617	0.860295	0.907362	0.966859	0.982012	1.037998	1.057972	1.086574	1.087142	0.883557	0.906532	0.888184	0.911188	1.041107	1.010721	1.033367	1.016436	1.061066	1.031366	1.062524	1.0378	0.926513	0.934404	0.99624	1.001206
TMCC1-AS1	TMCC1-AS1	ASO_G0271270_05	Targeted lncRNA	r3b2p5	0.940343	1.056843	0.962906	0.945653	0.962513	0.986333	0.981362	0.995092	1.006424	1.031438	1.010862	1.045366	0.949129	0.962662	0.955052	0.966223	1.001735	0.986593	0.996998	0.997228	1.012683	0.984528	1.00445	0.979482	0.961993	0.958602	0.981652	1.008984
TMCC1-AS1	TMCC1-AS1	ASO_G0271270_07	Targeted lncRNA	r3b2p5	1.048154	1.035776	0.942996	0.911155	0.957597	0.943614	0.977858	0.982795	1.020723	1.024029	1.025943	1.076814	0.934091	0.918572	0.938039	0.916908	0.99047	0.987083	0.976752	0.988365	1.026166	0.985932	1.026648	0.98136	0.967324	0.915986	0.979055	1.004702
TMCC1-AS1	TMCC1-AS1	ASO_G0271270_09	Targeted lncRNA	r3b2p5	1.038418	0.996129	0.83735	1.017784	0.973999	0.960636	0.992316	0.993598	1.042731	1.024793	1.110912	1.042739	0.91023	0.980146	0.90989	0.993316	0.953096	1.050044	0.968505	1.035282	0.943196	1.020724	0.943733	1.022491	0.887304	0.980663	1.01606	1.009713
TMCC1-AS1	TMCC1-AS1	ASO_G0271270_AD_02	Targeted lncRNA	r13b3ADp6	1.012592	1.023024	0.966937	1.005981	0.96856	0.965823	0.98264	0.979179	1.016919	1.042772	1.021036	1.053953	0.959336	0.968013	0.963335	0.966818	0.987147	1.015096	0.985404	1.014918	1.004432	1.016814	0.998461	1.020751	0.97414	0.973512	0.997038	1.001992
TMCC1-AS1	TMCC1-AS1	ASO_G0271270_AD_05	Targeted lncRNA	r13b3ADp6	0.866391	0.877342	1.045681	1.028322	0.979124	0.965464	0.995881	0.984929	1.024953	1.031672	1.031777	1.030448	0.996325	0.993392	0.997295	0.992484	1.025987	1.021522	1.019991	1.020903	1.022515	1.024893	1.019594	1.036332	0.995564	0.993404	1.00293	1.010125
TMCC1-AS1	TMCC1-AS1	ASO_G0271270_AD_06	Targeted lncRNA	r13b3ADp6	0.781777	0.797005	0.988495	1.048515	0.991177	0.933621	0.982126	0.972151	1.034216	1.071616	1.071194	1.092078	0.98398	0.965636	0.981186	0.968537	0.998186	1.031931	0.997273	1.02588	0.990463	1.032812	0.989381	1.035922	0.971643	0.977276	1.015389	1.010846
TMCC1-AS1	TMCC1-AS1	ASO_G0271270_AD_08	Targeted lncRNA	r13b3ADp6	0.837461	0.876982	0.956904	1.025125	0.964008	1.005934	0.992069	0.994481	1.030636	1.009181	1.066816	0.990986	0.95138	1.014148	0.944358	1.009132	0.997751	1.010518	1.002507	1.005182	0.967434	1.031495	0.965247	1.026602	0.9298	1.019699	1.021027	0.990131
TMCC1-AS1	TMCC1-AS1	ASO_G0271270_AD_10	Targeted lncRNA	r13b3ADp6	0.830148	0.939286	1.019869	1.007153	0.974091	0.939534	0.977	0.993318	1.054138	1.061357	1.094633	1.075734	0.986188	0.96774	0.97476	0.967709	1.029684	1.026906	1.040599	1.036699	1.012505	1.009021	1.023588	1.009995	0.964415	0.965281	1.021763	1.017381
TMEM44-AS1	TMEM44-AS1	ASO_G0231770_01	Targeted lncRNA	r6b5p1	0.950641	1.009042	0.966467	0.958372	0.986741	1.018945	1.000617	0.99879	1.013919	0.977137	1.031407	0.969738	0.978425	0.983992	0.968809	0.982908	0.973739	0.967199	0.985286	0.964496	0.984688	0.984606	0.987904	0.981977	0.975967	0.995187	1.000153	0.970982
TMEM44-AS1	TMEM44-AS1	ASO_G0231770_02	Targeted lncRNA	r6b5p1	0.876622	1.054377	0.968339	0.986331	0.970481	1.046024	0.986227	1.00613	1.00919	0.957239	1.04326	0.96135	0.955203	1.018226	0.953032	1.015565	0.972205	0.963743	0.985199	0.96648	1.010282	1.004339	1.017548	0.999968	0.974502	1.02773	1.001414	0.980659
TMEM44-AS1	TMEM44-AS1	ASO_G0231770_03	Targeted lncRNA	r6b5p1	0.850088	0.88566	0.989382	1.041115	0.964805	0.969395	0.997814	0.992923	0.998913	1.022209	1.039043	1.006867	0.975947	0.99609	0.974023	0.993956	1.006359	1.004076	0.99946	1.001652	1.013272	1.037497	1.019539	1.029203	0.983842	1.020995	1.007954	0.987015
TMEM44-AS1	TMEM44-AS1	ASO_G0231770_04	Targeted lncRNA	r6b5p1	0.900332	1.014199	0.911005	1.027295	0.994566	0.972964	0.994343	0.99139	1.009449	1.02124	1.050643	1.019081	0.954035	0.996082	0.94324	0.989346	0.960025	1.029344	0.96949	1.017735	0.962816	1.050714	0.968165	1.058997	0.939489	1.015622	1.007462	0.999303
TMEM44-AS1	TMEM44-AS1	ASO_G0231770_05	Targeted lncRNA	r6b5p1	0.904944	0.917625	0.935969	0.924126	1.03453	0.995586	0.999919	0.998424	0.998003	1.019595	1.040198	1.033937	0.993699	0.960844	0.97874	0.963226	0.943637	0.955269	0.955654	0.97171	0.949041	0.946043	0.94846	0.952183	0.966212	0.952237	1.004212	1.011656
TMEM9B-AS1	TMEM9B-AS1	ASO_G0254860_02	Targeted lncRNA	r8b7p3	0.997637	1.013038	1.050354	1.009323	0.909245	0.899902	0.977514	0.982559	1.037282	1.048144	0.982879	1.020644	0.953518	0.937077	0.960812	0.945779	1.06291	1.041092	1.028369	1.025235	1.091561	1.074037	1.089216	1.07151	1.012272	0.996707	0.973068	0.990981
TMEM9B-AS1	TMEM9B-AS1	ASO_G0254860_03	Targeted lncRNA	r8b7p3	0.639486	0.657862	0.897664	0.853172	0.888615	0.868051	0.965221	0.965788	1.092215	1.104	1.179256	1.183966	0.885614	0.846564	0.882042	0.840546	1.003203	0.982515	1.017333	1.001226	0.992634	0.978926	1.004688	0.98597	0.884344	0.852466	1.028267	1.022948
TMEM9B-AS1	TMEM9B-AS1	ASO_G0254860_05	Targeted lncRNA	r8b7p3	0.849979	0.799541	0.937214	0.934155	0.943002	0.954214	0.987056	0.997116	1.060766	1.04568	1.075557	1.072817	0.939464	0.937116	0.93378	0.92331	0.985642	0.974666	0.989273	0.984624	0.99612	0.988935	0.991708	0.993363	0.953372	0.941757	1.000254	1.010419
TMEM9B-AS1	TMEM9B-AS1	ASO_G0254860_09	Targeted lncRNA	r8b7p3	0.234051	0.308425	0.723	0.732059	0.792658	0.785898	0.948737	0.944711	1.200223	1.196173	1.345065	1.361337	0.742442	0.749012	0.727583	0.738912	0.95398	0.959559	0.985444	0.997568	0.88678	0.89566	0.909973	0.915183	0.731446	0.734896	1.065436	1.069705
TP53TG1	TP53TG1	ASO_G0182165_01	Targeted lncRNA	r1b0p5	1.125817	0.920853	0.991231	1.038277	0.999262	1.003427	1.00856	1.000285	1.077672	1.051265	1.017009	1.01425	1.007827	1.023822	1.008273	1.020254	1.016462	1.016007	1.01631	1.015039	0.981488	1.007809	0.988324	1.006312	0.984067	1.016955	1.006621	1.000843
TP53TG1	TP53TG1	ASO_G0182165_02	Targeted lncRNA	r1b0p5	1.056279	0.957225	0.933739	0.980708	0.9115	0.962183	0.984198	0.996266	1.044532	1.034515	1.086144	1.058706	0.909988	0.981211	0.913219	0.97996	1.004105	1.006233	1.002998	1.015187	1.010994	0.989778	1.014225	0.996142	0.922696	0.978142	1.010591	1.020275
TP53TG1	TP53TG1	ASO_G0182165_03	Targeted lncRNA	r1b0p5	1.07435	0.916063	0.98304	1.071585	0.88362	1.032831	0.974234	1.013088	1.080561	0.990043	1.089898	1.028487	0.925622	1.059976	0.92483	1.050439	1.05408	1.02909	1.053388	1.036804	1.070856	1.002389	1.067728	0.989488	0.943958	1.023925	1.010639	1.016518
TP53TG1	TP53TG1	ASO_G0182165_04	Targeted lncRNA	r1b0p5	0.930571	0.810229	0.946391	0.957928	0.908885	0.924137	0.977948	0.990528	1.049924	1.096782	1.098303	1.1128	0.920787	0.944198	0.920519	0.940984	1.021915	1.007832	1.019439	1.013628	1.005688	0.978419	1.014194	0.986159	0.925808	0.94045	1.016926	1.02404
TP53TG1	TP53TG1	ASO_G0182165_05	Targeted lncRNA	r1b0p5	0.794111	0.702611	0.935282	0.906503	0.834887	0.799098	0.952419	0.951044	1.095421	1.139993	1.121118	1.185566	0.869624	0.837229	0.8734	0.83881	1.034449	1.042805	1.025661	1.037269	1.082255	1.043708	1.095038	1.059327	0.925864	0.875588	0.999181	1.023432
TP53TG1	TP53TG1	ASO_G0182165_AD_01	Targeted lncRNA	r10b0ADp5	1.116474	1.102363	0.944038	0.940689	1.01804	0.958691	1.00692	0.993595	0.970329	1.019495	0.991328	1.027002	0.992143	0.961492	0.998242	0.968206	0.994774	1.008179	0.989981	1.007259	0.96808	1.001493	0.964499	1.011381	0.969348	0.96902	1.005374	1.00192
TP53TG1	TP53TG1	ASO_G0182165_AD_03	Targeted lncRNA	r10b0ADp5	0.928724	0.984226	0.89855	0.960217	1.002206	0.9655	1.002211	1.004331	1.035917	1.015522	1.033658	1.066939	0.957434	0.967836	0.951833	0.968143	0.950473	0.997263	0.959779	1.014915	0.949409	0.981014	0.960492	0.982561	0.938251	0.939685	1.005843	1.018768
TP53TG1	TP53TG1	ASO_G0182165_AD_04	Targeted lncRNA	r10b0ADp5	0.883715	0.899395	0.893832	0.927767	0.940429	0.958863	0.993169	0.998376	1.035324	1.048055	1.105217	1.088504	0.926251	0.948151	0.923653	0.938725	0.983745	0.979238	0.997807	0.996867	0.944969	0.959142	0.949487	0.96686	0.899207	0.922096	1.032087	1.022731
TP53TG1	TP53TG1	ASO_G0182165_AD_08	Targeted lncRNA	r10b0ADp5	0.795021	0.768273	1.074213	1.086955	0.934143	0.92008	0.982041	0.967952	1.054959	1.030214	0.999589	1.010616	0.989539	0.971997	0.989703	0.972213	1.038794	1.057637	1.014193	1.030986	1.119495	1.127926	1.109061	1.125718	1.043206	1.038693	0.970393	0.970469
TP53TG1	TP53TG1	ASO_G0182165_AD_10	Targeted lncRNA	r10b0ADp5	1.043402	0.989129	0.99814	0.929582	0.99414	1.007542	1.000734	1.011751	1.00589	0.982951	1.020686	1.001776	1.003378	0.981153	1.004199	0.988818	1.016665	0.976845	1.021728	0.98346	0.987638	0.95366	0.986815	0.95367	0.974386	0.960981	1.014657	1.006771
TRAM2-AS1	TRAM2-AS1	ASO_G0225791_01	Targeted lncRNA	r2b1p2	1.001372	0.986074	1.110423	1.072685	1.15282	1.087205	1.027539	1.009501	0.963365	0.97261	0.938046	0.951416	1.139053	1.074755	1.130329	1.070364	0.986927	0.994066	0.991892	0.997685	0.985181	1.010055	0.972072	1.001842	1.089188	1.056806	0.996507	0.983113
TRAM2-AS1	TRAM2-AS1	ASO_G0225791_02	Targeted lncRNA	r2b1p2	0.920938	0.949354	0.917307	0.975246	0.980078	0.90238	0.997799	0.979877	1.055784	1.059362	1.104648	1.079615	0.961554	0.927666	0.949053	0.927615	0.993644	1.026136	1.010185	1.032143	0.947238	1.037127	0.943968	1.04682	0.911997	0.945187	1.03255	1.017971
TRAM2-AS1	TRAM2-AS1	ASO_G0225791_03	Targeted lncRNA	r2b1p2	0.777783	0.778531	0.947787	0.989009	0.980264	0.940658	0.983758	0.975556	1.029892	1.039468	1.034498	1.040403	0.95675	0.955426	0.948213	0.954528	0.989208	1.022351	0.988972	1.013288	1.011999	1.037986	1.009197	1.042027	0.958664	0.983029	0.987743	0.995477
TRAM2-AS1	TRAM2-AS1	ASO_G0225791_05	Targeted lncRNA	r2b1p2	0.953303	1.01827	0.957573	0.938049	1.044914	0.959456	1.004523	0.984914	0.985091	1.03133	0.975105	1.083749	1.013728	0.955698	1.013518	0.949174	0.982056	0.996266	0.975265	0.997926	0.96649	0.981669	0.962229	0.981574	0.985131	0.939526	0.993681	1.013141
TRAM2-AS1	TRAM2-AS1	ASO_G0225791_AD_03	Targeted lncRNA	r13b3ADp2	0.9576	1.102024	0.997834	0.92378	0.999803	0.937905	0.995077	0.983849	0.984578	1.021767	0.972382	1.022863	0.990123	0.920639	0.985108	0.925585	0.988783	0.993219	0.986526	0.991463	1.040074	1.020011	1.040187	1.030439	1.019919	0.958753	0.977927	0.989476
TRAM2-AS1	TRAM2-AS1	ASO_G0225791_AD_05	Targeted lncRNA	r13b3ADp2	0.990574	1.035155	1.051482	1.018791	0.972017	0.988494	0.99319	0.98826	0.998894	1.002985	0.977294	1.024272	0.995703	0.998572	0.992502	0.996233	1.027063	1.030942	1.007634	1.023105	1.074445	1.034959	1.059298	1.0257	1.03424	0.996491	0.965006	0.998322
TRAM2-AS1	TRAM2-AS1	ASO_G0225791_AD_07	Targeted lncRNA	r13b3ADp2	0.970879	0.925006	0.986148	0.99606	0.969445	0.96535	0.994228	0.996404	1.013023	1.021562	1.021352	1.012649	0.975282	0.977785	0.968093	0.975847	0.995565	1.027514	1.000855	1.015263	1.014482	1.017664	1.018363	1.013501	0.982515	0.977527	0.995489	0.996871
TRAM2-AS1	TRAM2-AS1	ASO_G0225791_AD_09	Targeted lncRNA	r13b3ADp2	0.903529	1.014155	1.000386	0.936423	1.011818	1.003882	0.999717	0.993317	0.978753	1.025051	0.986328	1.047141	0.996854	0.976116	0.984401	0.972728	0.986511	0.980628	0.993084	0.986966	1.023954	0.980281	1.020149	0.981678	0.999713	0.965983	0.983666	0.996733
TRAM2-AS1	TRAM2-AS1	ASO_G0225791_AD_10	Targeted lncRNA	r13b3ADp2	0.911002	0.995529	1.015669	1.040431	0.936001	0.926377	0.987689	0.984263	1.018339	1.026886	1.046289	1.01759	0.966221	0.97172	0.967187	0.979117	1.016737	1.02744	1.018557	1.021658	1.027499	1.056395	1.03521	1.053891	0.988779	1.00705	1.010911	0.995595
TTN-AS1	TTN-AS1	ASO_G0237298_01	Targeted lncRNA	r3b2p2	1.04467	1.135598	0.927752	0.9269	0.970947	0.957791	1.002586	0.983695	1.021493	1.021797	1.012595	1.004344	0.953591	0.939196	0.951908	0.932975	0.98377	0.969685	0.985249	0.968993	0.99118	1.017069	0.989383	1.021182	0.95923	0.964479	0.999697	0.982683
TTN-AS1	TTN-AS1	ASO_G0237298_02	Targeted lncRNA	r3b2p2	1.002271	0.986075	0.893352	0.937021	0.976116	0.939047	0.987337	0.988675	1.054469	1.032954	1.106426	1.066033	0.93221	0.937525	0.918535	0.933106	0.965709	0.99763	0.990185	0.99983	0.935079	1.013708	0.94129	1.00964	0.906312	0.943248	1.030701	1.000257
TTN-AS1	TTN-AS1	ASO_G0237298_05	Targeted lncRNA	r3b2p2	0.898126	0.961344	0.910448	0.900591	0.951078	0.944915	0.997379	0.985717	1.064028	1.015647	1.095376	1.097865	0.934839	0.922569	0.932358	0.918183	0.988816	0.986508	1.00374	0.993217	0.940944	0.981727	0.953642	0.992686	0.904717	0.922142	1.032916	1.019085
TTN-AS1	TTN-AS1	ASO_G0237298_07	Targeted lncRNA	r3b2p2	0.899482	0.937111	0.953328	0.88776	0.900054	0.944775	0.98593	0.984925	1.080137	1.055634	1.128384	1.076145	0.927431	0.911595	0.929788	0.909808	1.036489	0.972628	1.043798	0.983542	0.993353	0.975637	0.998492	0.981381	0.918014	0.906703	1.032564	1.006583
TTN-AS1	TTN-AS1	ASO_G0237298_09	Targeted lncRNA	r3b2p2	0.912963	0.932638	0.964746	0.961232	0.958192	0.923105	1.000933	0.983761	1.009086	1.062125	1.056595	1.079058	0.978404	0.939857	0.973615	0.936772	0.989634	1.007425	1.013725	1.022556	0.962726	1.017305	0.967686	1.025873	0.95287	0.956888	1.030407	1.012906
TUG1	TUG1	ASO_G0253352_01	Targeted lncRNA	r1b0p4	1.149631	1.217576	0.999368	0.954726	0.922322	0.935588	0.994211	0.989485	1.042335	1.04865	1.025597	1.046036	0.9538	0.941934	0.960815	0.94471	1.032332	1.005671	1.02422	1.001863	1.032212	0.995267	1.033891	1.003284	0.977065	0.958662	1.004711	1.011811
TUG1	TUG1	ASO_G0253352_02	Targeted lncRNA	r1b0p4	0.995081	1.023612	0.992992	0.973548	0.871145	0.899622	0.978854	0.978839	1.068166	1.07257	1.108024	1.090539	0.924969	0.931884	0.927879	0.932609	1.057218	1.034694	1.056426	1.025777	1.046914	1.028807	1.054057	1.033839	0.946898	0.951466	1.024387	1.019984
TUG1	TUG1	ASO_G0253352_03	Targeted lncRNA	r1b0p4	0.818862	0.920418	0.937582	0.905836	0.989892	0.922641	0.995561	0.99065	1.060959	1.045506	1.089621	1.104494	0.96985	0.916583	0.961825	0.920556	0.976173	0.992331	0.990374	1.001941	0.941012	0.968439	0.953143	0.976708	0.943015	0.911401	1.034485	1.029651
TUG1	TUG1	ASO_G0253352_04	Targeted lncRNA	r1b0p4	1.065094	0.923901	0.99279	0.997464	0.987039	0.910359	1.005211	0.988551	0.991441	1.111019	1.060101	1.086232	0.995205	0.940712	0.988383	0.942109	1.002082	1.039454	1.009637	1.034476	0.963942	1.022862	0.970567	1.033675	0.967781	0.95036	1.029006	1.015466
TUG1	TUG1	ASO_G0253352_06	Targeted lncRNA	r1b0p4	1.009917	0.958745	0.969575	0.962148	0.92092	0.956312	0.98528	0.998012	1.039016	1.066651	1.052377	1.016612	0.944803	0.956735	0.951258	0.960456	1.028647	1.00155	1.016512	0.999065	1.01511	1.002301	1.017199	1.001078	0.954837	0.970592	1.007983	1.000811
TUG1	TUG1	ASO_G0253352_AD_01	Targeted lncRNA	r10b0ADp4	0.989996	1.026309	0.91543	0.980046	1.014068	1.00283	1.003945	1.007575	0.953861	0.975288	0.973426	0.997386	0.964555	0.999294	0.975099	1.004938	0.971319	1.005066	0.967953	1.005091	0.952024	0.9829	0.95396	0.986742	0.955343	0.993424	0.997481	1.010631
TUG1	TUG1	ASO_G0253352_AD_02	Targeted lncRNA	r10b0ADp4	0.976731	0.987902	0.881448	0.983233	1.010291	0.975921	0.99897	0.9945	0.996841	1.041121	1.04854	1.05725	0.953171	0.979877	0.951148	0.97412	0.964395	1.004845	0.970289	1.007639	0.928758	0.987067	0.937613	1.000415	0.919407	0.977632	1.014108	1.021583
TUG1	TUG1	ASO_G0253352_AD_07	Targeted lncRNA	r10b0ADp4	1.03267	0.92285	1.041471	0.989688	1.013943	0.99316	1.000468	1.00355	0.969437	1.02125	0.980468	1.04594	1.025736	0.99175	1.027743	0.990236	1.029726	1.007309	1.005762	1.017689	1.034533	0.971122	1.026272	0.978755	1.021454	0.967488	0.984803	1.028822
TUG1	TUG1	ASO_G0253352_AD_08	Targeted lncRNA	r10b0ADp4	1.015056	0.967706	0.967333	0.997859	1.033437	0.990096	0.998919	0.98903	0.976559	1.02175	0.999074	1.037028	1.003404	0.989202	1.000457	0.982552	0.979201	1.011684	0.976429	1.00739	0.988978	1.012448	0.984227	1.021774	0.98593	0.993225	0.991073	1.013183
TUG1	TUG1	ASO_G0253352_AD_09	Targeted lncRNA	r10b0ADp4	1.013396	0.994002	0.963458	1.001395	1.015565	1.014823	1.001699	1.002381	0.981863	1.004226	0.980378	1.029182	0.98241	1.01417	0.985138	1.003831	0.987103	0.996114	0.983466	1.004469	0.986872	0.982668	0.984394	0.984002	0.975256	0.992805	0.991913	1.009264
U52111.14	U52111.14	ASO_G0232725_01	Targeted lncRNA	r6b5p2	0.369267	0.314162	0.755148	0.783741	0.887051	0.892267	0.959919	0.969391	1.140946	1.150656	1.256912	1.239937	0.814686	0.833859	0.795737	0.814635	0.889689	0.907832	0.934798	0.94154	0.874067	0.90042	0.897963	0.923449	0.808076	0.823868	1.060183	1.04825
U52111.14	U52111.14	ASO_G0232725_02	Targeted lncRNA	r6b5p2	0.711317	0.692698	0.971958	1.028829	0.972034	0.973749	0.993952	0.995444	1.029289	1.046375	1.018524	1.061396	0.967038	0.996459	0.94974	0.983084	0.97503	1.009398	0.977636	1.022331	1.029465	1.037516	1.020013	1.035651	0.98737	1.002178	0.990287	1.012832
U52111.14	U52111.14	ASO_G0232725_03	Targeted lncRNA	r6b5p2	0.642577	0.650123	0.812396	0.836637	0.823564	0.893899	0.959425	0.977673	1.155621	1.118366	1.226047	1.223551	0.802671	0.858382	0.796013	0.850331	0.978169	0.986497	0.9886	1.004829	0.951144	0.910235	0.970706	0.931383	0.83135	0.833528	1.047233	1.068752
U52111.14	U52111.14	ASO_G0232725_05	Targeted lncRNA	r6b5p2	0.694946	0.66711	0.956953	0.897681	0.998957	0.915343	1.001262	0.975993	1.020367	1.105851	1.049131	1.151538	0.967633	0.89803	0.948244	0.88328	0.971779	0.96481	0.989256	0.986936	0.986148	0.977104	0.975048	0.991333	0.947414	0.903703	1.012854	1.023921
U52111.14	U52111.14	ASO_G0232725_07	Targeted lncRNA	r6b5p2	0.954907	0.86931	1.029701	0.990185	1.003005	1.011299	0.996114	1.009381	1.029385	1.03412	1.042617	1.044238	1.014446	0.998787	1.007995	0.989276	1.003057	0.968485	1.007916	0.990122	0.998596	0.971622	1.000186	0.972064	1.007972	0.986785	1.01202	1.012913
U52111.14	U52111.14	ASO_G0232725_AD_02	Targeted lncRNA	r13b3ADp3	0.994256	0.953082	1.028447	1.003717	1.06069	0.986987	1.011772	0.991248	0.987209	0.995973	0.974688	0.999149	1.054622	0.999095	1.052323	0.994051	0.997207	0.98753	0.997277	0.985432	0.973704	1.01929	0.973579	1.026303	1.021375	1.023595	1.000096	0.992373
U52111.14	U52111.14	ASO_G0232725_AD_05	Targeted lncRNA	r13b3ADp3	0.888402	0.926569	1.196228	0.989899	0.982314	1.004737	0.993226	0.988326	0.987515	0.974349	0.973836	0.970825	1.063317	0.991563	1.073515	0.993237	1.102539	1.007987	1.066682	0.99324	1.118401	1.022609	1.11445	1.01048	1.110511	0.998625	0.983488	0.982847
U52111.14	U52111.14	ASO_G0232725_AD_07	Targeted lncRNA	r13b3ADp3	0.858911	0.895093	1.063348	1.027202	0.995254	0.992248	0.998299	0.993169	1.00769	1.01059	1.034138	0.999479	1.023905	0.995056	1.0207	0.990671	1.025925	0.995817	1.017511	0.990873	1.026177	1.02992	1.030989	1.028772	1.025247	1.023932	1.002288	0.990684
U52111.14	U52111.14	ASO_G0232725_AD_09	Targeted lncRNA	r13b3ADp3	0.822247	0.876377	0.926343	0.956505	0.982601	1.012359	0.992507	0.994721	1.019006	1.000741	1.046413	1.011087	0.949112	0.983059	0.946032	0.97706	0.981632	0.968752	0.980546	0.978189	0.976493	0.978608	0.983082	0.978848	0.947514	0.972359	1.003815	0.999887
U52111.14	U52111.14	ASO_G0232725_AD_10	Targeted lncRNA	r13b3ADp3	0.908807	0.931324	1.028105	1.015002	1.026172	1.099126	1.003969	1.016987	0.996303	0.937344	1.001847	0.930112	1.035623	1.067455	1.030406	1.05726	0.997649	0.976394	1.003088	0.970615	0.992575	1.007027	0.993945	0.99356	1.012003	1.042097	1.006926	0.965989
UBL7-AS1	UBL7-AS1	ASO_G0247240_01	Targeted lncRNA	r7b6p5	1.016993	1.015344	0.968493	1.074677	1.023559	0.98349	0.990162	0.997424	1.00223	0.994059	1.03017	0.990728	1.004228	1.031636	0.996921	1.03117	0.9807	1.043111	0.988313	1.025989	0.975101	1.072142	0.971846	1.067611	0.969993	1.043906	1.004287	0.97961
UBL7-AS1	UBL7-AS1	ASO_G0247240_02	Targeted lncRNA	r7b6p5	0.88919	0.842071	0.856621	0.926379	0.949674	0.946278	0.984016	0.980132	1.038579	1.057079	1.091503	1.081678	0.9066	0.935123	0.895571	0.926493	0.969364	0.97977	0.975306	0.992462	0.962678	1.003282	0.967055	1.008956	0.892266	0.938858	1.003913	1.012152
UBL7-AS1	UBL7-AS1	ASO_G0247240_07	Targeted lncRNA	r7b6p5	0.842572	0.755229	0.94194	1.013829	1.005125	0.955373	0.991866	0.980572	1.023582	1.046512	1.042813	1.07191	0.975773	0.979083	0.965455	0.970164	0.971341	1.017922	0.982256	1.013458	0.981031	1.040054	0.984934	1.045552	0.961208	0.989547	1.010323	0.997971
UBL7-AS1	UBL7-AS1	ASO_G0247240_AD_01	Targeted lncRNA	r12b2ADp3	1.010521	1.035814	1.035847	1.002257	1.029257	1.041357	1.004117	1.017148	0.977105	0.984964	1.00195	1.027235	1.045043	1.045353	1.038387	1.033342	1.015512	0.996184	1.014327	1.01578	1.034637	0.966136	1.026505	0.958153	1.029374	0.993777	0.996734	1.018967
UBL7-AS1	UBL7-AS1	ASO_G0247240_AD_02	Targeted lncRNA	r12b2ADp3	1.027987	1.055874	0.980733	1.00414	1.011398	1.002821	1.012848	1.015587	0.998669	0.978376	1.01737	1.021671	1.002673	1.008257	1.000554	1.008275	0.982582	1.011989	0.993084	1.021278	0.952856	0.986939	0.961735	0.989789	0.980793	0.984787	1.013788	1.017577
UBL7-AS1	UBL7-AS1	ASO_G0247240_AD_03	Targeted lncRNA	r12b2ADp3	0.993657	1.035826	1.008362	1.018343	0.984216	1.031567	0.999254	1.008711	1.02506	0.973449	1.026623	0.999902	1.007855	1.035624	1.007038	1.032719	1.016245	0.996577	1.011129	1.002264	1.015843	1.010638	1.014179	1.010232	1.010501	1.02349	1.006226	0.996697
UBL7-AS1	UBL7-AS1	ASO_G0247240_AD_05	Targeted lncRNA	r12b2ADp3	0.948193	0.964246	1.120592	0.974258	1.025357	1.092202	1.007401	1.021693	0.976592	0.943815	1.011962	0.948767	1.0836	1.05479	1.076832	1.049663	1.060053	0.955563	1.043522	0.961697	1.047345	0.952111	1.036844	0.94978	1.056372	1.014361	0.998251	0.993718
UBL7-AS1	UBL7-AS1	ASO_G0247240_AD_06	Targeted lncRNA	r12b2ADp3	0.917763	0.917209	1.044539	1.159689	1.020773	0.938941	1.001036	0.976348	0.97021	1.00573	0.974504	0.985199	1.030846	1.034811	1.028982	1.043847	1.02128	1.092204	1.007143	1.060389	1.02829	1.107647	1.029254	1.106032	1.03424	1.084059	0.990798	0.99038
USP46-DT	USP46-AS1	ASO_G0248866_01	Targeted lncRNA	r15bALLp1	1.070074	1.05255	0.879592	0.995659	0.941967	0.962336	0.987296	0.999113	1.03374	1.03282	1.055747	1.040994	0.903036	0.979783	0.901015	0.979174	0.981916	1.014512	0.992581	1.012974	0.960624	0.989445	0.963779	0.988386	0.897937	0.9735	1.009833	1.014698
USP46-DT	USP46-AS1	ASO_G0248866_02	Targeted lncRNA	r15bALLp1	0.931215	0.877122	0.968051	0.996955	0.9746	1.004994	0.988912	1.005476	1.024201	1.020204	1.002687	1.012729	0.967061	1.007359	0.968658	1.006253	0.986781	1.003921	0.985909	1.004533	1.00417	0.976449	1.002686	0.983273	0.979852	0.99468	0.997109	1.009257
USP46-DT	USP46-AS1	ASO_G0248866_03	Targeted lncRNA	r15bALLp1	0.826117	0.891466	0.864318	0.950646	0.920252	0.914201	0.973433	0.970656	1.060004	1.02875	1.051515	1.041635	0.880187	0.92005	0.879381	0.923988	0.967086	1.013859	0.976385	1.012798	0.984357	1.022983	0.986759	1.029058	0.904629	0.945694	0.990968	0.996521
USP46-DT	USP46-AS1	ASO_G0248866_05	Targeted lncRNA	r15bALLp1	0.932144	0.984536	0.939412	0.994407	0.969958	0.981975	1.001644	0.995133	1.009986	0.977939	1.00877	0.974156	0.958563	0.993361	0.952845	0.99225	0.973243	0.988412	0.981837	0.985828	0.980204	1.012945	0.975474	1.009394	0.950537	1.011214	0.99577	0.990237
USP46-DT	USP46-AS1	ASO_G0248866_06	Targeted lncRNA	r15bALLp1	0.707483	0.635761	0.863097	0.954154	0.932239	0.943056	0.976881	0.979072	1.006975	1.016758	0.982071	1.008149	0.873214	0.935388	0.875325	0.938521	0.940232	0.990275	0.932806	0.985547	0.990611	1.015747	0.984725	1.016367	0.928337	0.968207	0.967043	0.982963
WDFY3-AS2	WDFY3-AS2	ASO_G0180769_01	Targeted lncRNA	r5b3p3	1.009465	0.981727	0.937318	0.947933	0.962256	1.007878	0.98618	1.006743	0.993208	0.975403	1.026861	0.980762	0.953108	0.980237	0.95702	0.982117	0.994419	0.976551	1.003923	0.974038	0.981874	0.981326	0.992189	0.986211	0.954074	0.980942	1.012339	0.990309
WDFY3-AS2	WDFY3-AS2	ASO_G0180769_03	Targeted lncRNA	r5b3p3	0.948511	0.98209	0.915051	0.949307	0.881711	0.877356	0.974801	0.968152	1.068498	1.044955	1.133515	1.09986	0.889805	0.89617	0.890151	0.900999	1.020949	1.02549	1.025119	1.016139	0.998997	1.040462	1.013545	1.054516	0.905347	0.945104	1.025189	1.007451
WDFY3-AS2	WDFY3-AS2	ASO_G0180769_04	Targeted lncRNA	r5b3p3	0.928727	0.932282	0.879851	0.997723	1.047082	1.00568	1.016114	1.014196	0.966946	0.990928	1.026462	1.038867	0.979039	1.007763	0.97267	1.002314	0.93844	0.989503	0.969325	1.010413	0.892063	0.972782	0.898447	0.97582	0.91789	0.975712	1.030311	1.018772
WDFY3-AS2	WDFY3-AS2	ASO_G0180769_05	Targeted lncRNA	r5b3p3	0.978028	0.97402	0.906082	0.901709	0.99934	1.003004	1.006429	1.005526	1.040584	0.999911	1.058907	1.031619	0.959402	0.963234	0.944887	0.952143	0.953379	0.952161	0.976742	0.978768	0.927823	0.943103	0.93707	0.947483	0.922653	0.932228	1.019708	1.013347
WDFY3-AS2	WDFY3-AS2	ASO_G0180769_08	Targeted lncRNA	r5b3p3	1.04006	1.008767	1.056513	1.063734	0.981823	1.005581	1.006416	1.005147	1.019961	0.959433	1.040146	0.996085	1.017964	1.031649	1.014075	1.035064	1.038759	1.030061	1.042752	1.026411	1.007563	1.007053	1.009171	1.006346	1.001794	1.023046	1.026836	1.013207
WDFY3-AS2	WDFY3-AS2	ASO_G0180769_AD_03	Targeted lncRNA	r13b3ADp2	0.906786	0.889954	0.971054	0.88361	0.916197	0.897992	0.976594	0.975194	1.030732	1.065144	1.052364	1.120757	0.934588	0.88209	0.934179	0.880983	1.032618	0.997532	1.02433	1.006262	1.043115	0.987314	1.050008	0.994481	0.969309	0.893806	1.000427	1.01469
WDFY3-AS2	WDFY3-AS2	ASO_G0180769_AD_04	Targeted lncRNA	r13b3ADp2	0.911838	0.881915	0.945272	1.047075	0.932295	0.959137	0.986448	0.999641	1.032547	1.014711	1.049935	1.01957	0.936538	0.995402	0.93599	1.000966	0.999776	1.035103	1.002928	1.029847	1.009206	1.051259	1.015232	1.050764	0.948649	1.013746	1.0033	1.00282
WDFY3-AS2	WDFY3-AS2	ASO_G0180769_AD_06	Targeted lncRNA	r13b3ADp2	0.787553	0.83292	0.986616	0.962775	1.013855	1.018036	1.00308	1.010749	0.987584	1.015877	1.015132	1.016805	1.01043	0.999963	1.000391	0.990036	0.99763	0.971276	1.002632	0.980006	1.003518	0.977769	1.003825	0.98434	0.987863	0.979552	1.003699	1.004179
WDFY3-AS2	WDFY3-AS2	ASO_G0180769_AD_07	Targeted lncRNA	r13b3ADp2	0.866	0.873197	1.029807	1.053019	0.99135	1.00051	0.993818	0.997478	1.010287	1.004394	1.046716	1.024008	1.009069	1.022973	1.002295	1.017407	1.0116	1.018836	1.021132	1.021288	1.019532	1.017477	1.017873	1.021585	1.003518	1.012767	1.010277	1.006203
WDFY3-AS2	WDFY3-AS2	ASO_G0180769_AD_09	Targeted lncRNA	r13b3ADp2	0.848275	0.848385	0.937782	0.968795	0.989437	0.989276	1.001644	0.994465	1.005356	1.019282	1.055928	1.038911	0.966675	0.982577	0.961885	0.969928	0.984539	0.988617	0.99749	0.987443	0.951807	0.987007	0.956535	0.988074	0.938238	0.975222	1.021286	1.002857
ZBED5-AS1	ZBED5-AS1	ASO_G0247271_01	Targeted lncRNA	r8b7p1	1.020915	0.977287	0.939751	0.964111	0.967084	0.940027	0.989273	0.989044	0.979565	1.006214	0.989825	1.028878	0.94725	0.948056	0.947388	0.950869	0.97886	1.016239	0.970083	1.000927	1.034011	1.019814	1.010065	1.010302	0.968799	0.964889	0.964639	0.99537
ZBED5-AS1	ZBED5-AS1	ASO_G0247271_02	Targeted lncRNA	r8b7p1	0.811425	0.851742	0.922342	0.966815	1.018575	1.017366	0.962209	0.984801	0.961963	0.961426	0.955473	0.961852	0.948132	0.983529	0.938039	0.97606	0.919473	0.966704	0.906716	0.961954	1.084136	1.063025	1.073907	1.046087	1.01123	1.017566	0.921381	0.946164
ZBED5-AS1	ZBED5-AS1	ASO_G0247271_03	Targeted lncRNA	r8b7p1	0.627489	0.560509	0.75622	0.788148	0.923978	0.900146	0.959136	0.970401	1.092525	1.098014	1.153613	1.167487	0.829752	0.837005	0.802044	0.829506	0.882279	0.947308	0.903766	0.958268	0.920342	0.918994	0.905932	0.926811	0.831506	0.8289	0.99142	1.014843
ZBED5-AS1	ZBED5-AS1	ASO_G0247271_05	Targeted lncRNA	r8b7p1	0.808255	0.894485	0.974552	0.953369	0.978463	0.966633	0.988434	0.983439	0.994276	1.014592	0.981971	1.043181	0.968977	0.954051	0.964222	0.946612	0.974944	0.994776	0.956598	0.989044	1.035652	1.026184	1.00959	1.019732	0.995391	0.959405	0.959763	0.990319
ZBED5-AS1	ZBED5-AS1	ASO_G0247271_07	Targeted lncRNA	r8b7p1	0.872019	0.874569	0.899116	0.876579	0.876228	0.852167	0.968122	0.968329	1.062091	1.118384	1.095428	1.183331	0.871601	0.856268	0.86852	0.851808	1.01148	1.027655	0.994048	1.028073	1.029425	0.983999	1.026903	0.996771	0.901305	0.861262	0.991586	1.036466
ZFP62	ZFP62	ASO_C0009766_01	Positive Control	r5b3p1	0.95618	0.916639	0.988451	0.878849	0.947351	0.976317	0.977449	0.989435	1.032872	1.054691	1.033878	1.091929	0.962617	0.935998	0.963335	0.919492	1.01929	0.957563	1.014825	0.975444	1.046571	0.963426	1.053157	0.966857	0.97754	0.910435	0.988255	1.01374
ZFP62	ZFP62	ASO_C0009766_02	Positive Control	r5b3p1	1.015965	1.036423	0.963839	0.921474	1.018652	1.001629	0.995635	1.000612	0.988446	1.028065	0.994835	1.041954	0.984735	0.966099	0.985055	0.963889	0.967079	0.974609	0.975561	0.989697	0.987433	0.9574	0.988754	0.962965	0.99407	0.939002	0.990742	1.015021
ZFP62	ZFP62	ASO_C0009766_05	Positive Control	r5b3p1	0.892516	0.961334	0.985297	1.03844	1.009213	0.976252	0.999888	0.992721	1.005593	1.030016	1.027069	1.027926	1.007043	1.006083	1.012698	1.016244	1.011043	1.043443	1.009893	1.030827	0.964484	1.012043	0.975172	1.013854	0.980718	1.006377	1.020083	1.017233
ZFP62	ZFP62	ASO_C0009766_06	Positive Control	r5b3p1	0.897049	0.953462	0.987467	0.997176	0.993444	0.984252	0.990827	0.994699	1.020105	1.042633	1.030222	1.041606	0.996454	0.988009	0.997365	0.979281	1.001724	1.004169	1.008701	1.008097	0.995157	1.000371	0.99895	1.005141	0.988423	0.979615	1.007974	1.009672
ZFP62	ZFP62	ASO_C0009766_07	Positive Control	r5b3p1	0.96468	0.963489	1.056814	1.062928	0.97233	0.988176	0.981698	0.992464	1.045714	1.025739	1.06024	1.00234	1.005253	1.018898	1.003839	1.015262	1.050524	1.028307	1.047561	1.020021	1.052002	1.040472	1.060076	1.042661	1.007499	1.03863	1.013978	1.000862
ZMYM2	ZMYM2	ASO_C0020171_02	Positive Control	r5b3p6	0.991198	0.980867	0.984686	0.972698	1.021255	0.904451	0.999378	0.980945	0.983265	1.037425	1.021426	1.105253	1.018124	0.930698	1.006456	0.93152	0.988594	1.028937	0.991638	1.022995	0.989372	1.007947	0.988037	1.021054	1.003346	0.938934	1.001465	1.022346
ZMYM2	ZMYM2	ASO_C0020171_03	Positive Control	r5b3p6	0.931263	0.950885	0.999098	0.920066	0.974933	0.99852	0.991667	0.986786	1.007814	1.033109	1.041486	1.033248	0.991552	0.964474	0.992804	0.956575	1.022319	0.960472	1.018475	0.965468	1.00475	0.967204	1.009248	0.986442	0.977509	0.965129	1.010277	1.001192
ZMYM2	ZMYM2	ASO_C0020171_05	Positive Control	r5b3p6	1.007644	0.983409	0.891856	0.966103	0.918926	0.906973	0.970587	0.971722	1.051375	1.056214	1.098773	1.096393	0.900132	0.929539	0.900811	0.932086	1.011487	1.03879	1.005329	1.029537	0.9923	1.02999	0.999137	1.042753	0.902587	0.953242	1.010383	1.018423
ZMYM2	ZMYM2	ASO_C0020171_08	Positive Control	r5b3p6	0.949858	0.996644	1.047678	1.050665	1.029679	1.136344	0.998985	1.020745	0.994081	0.931096	0.990973	0.942478	1.04513	1.113185	1.046201	1.114964	1.036518	0.990702	1.028385	0.989082	1.014816	0.971061	1.020271	0.963744	1.032864	1.068284	1.001504	0.997894
ZMYM2	ZMYM2	ASO_C0020171_09	Positive Control	r5b3p6	0.828981	1.023418	1.020235	0.984523	1.085203	0.932265	1.00838	0.989581	0.928931	1.047195	0.970211	1.057004	1.065072	0.963462	1.067151	0.965714	1.008966	1.02658	0.997238	1.033689	0.985029	1.013415	0.980625	1.020443	1.035833	0.964015	0.99702	1.023216
ZNF131	ZNF131	ASO_C0008543_01	Positive Control	r3b2p1	1.016213	1.073432	1.038508	0.924415	0.961257	1.026307	1.007189	1.008125	1.038439	0.986904	1.018798	1.001034	0.99141	0.975906	0.997045	0.974761	1.017442	0.966914	1.023665	0.971551	1.007885	0.957252	1.006237	0.95905	0.995027	0.957996	1.011711	1.000502
ZNF131	ZNF131	ASO_C0008543_02	Positive Control	r3b2p1	1.062022	0.93639	0.970704	0.980271	0.950919	0.975421	0.987052	0.993189	0.980648	1.012107	1.013532	1.021944	0.96254	0.974553	0.964158	0.977098	1.009452	1.009957	1.009163	1.006869	1.022967	0.996492	1.021877	0.998987	0.982022	0.96784	0.995753	1.002772
ZNF131	ZNF131	ASO_C0008543_03	Positive Control	r3b2p1	0.927655	0.864545	1.009995	0.922089	0.913098	0.96081	0.989337	0.989358	1.031206	1.008616	1.071263	1.018558	0.955804	0.933094	0.959329	0.937601	1.036863	0.995005	1.032385	0.993236	1.034437	1.014125	1.033051	1.012044	0.97273	0.947223	1.007636	0.97962
ZNF131	ZNF131	ASO_C0008543_04	Positive Control	r3b2p1	1.052875	1.030256	0.903877	0.919168	0.903828	0.973995	0.975331	0.992814	1.061589	1.023399	1.104673	1.060371	0.884487	0.953588	0.886728	0.946837	0.999742	0.975854	1.007935	0.990509	0.995435	1.000202	1.005	1.005461	0.900902	0.946543	1.005913	1.003215
ZNF131	ZNF131	ASO_C0008543_05	Positive Control	r3b2p1	0.967149	0.939698	0.864918	0.968822	0.996494	1.04542	0.986533	1.007321	0.991859	0.985565	1.00456	1.010503	0.917286	1.018358	0.920208	1.010624	0.94024	0.971386	0.930217	0.977595	0.972792	0.963959	0.96224	0.962103	0.929486	0.98712	0.971556	1.004138
ZNF131	ZNF131	ASO_C0008543_AD_02	Positive Control	r13b3ADp1	0.990037	0.959204	1.161791	1.287726	0.972659	0.930151	0.990778	0.980757	1.003463	1.024738	0.928677	0.972704	1.054704	1.05719	1.066211	1.0698	1.077126	1.130179	1.049505	1.093602	1.107031	1.177797	1.098221	1.164496	1.113409	1.126995	0.967063	0.979123
ZNF131	ZNF131	ASO_C0008543_AD_03	Positive Control	r13b3ADp1	0.992697	0.921365	0.925622	0.9829	0.975365	0.97625	0.989264	0.991287	1.022979	0.998352	1.021086	1.027847	0.958454	0.982912	0.961638	0.985167	0.982857	1.009212	0.973823	1.001187	0.999957	1.024859	1.005247	1.025203	0.969101	0.987463	0.988553	0.993351
ZNF131	ZNF131	ASO_C0008543_AD_04	Positive Control	r13b3ADp1	0.946486	0.894822	1.014736	0.942749	1.023347	1.016159	1.00291	0.988958	1.002934	1.035177	0.988809	1.023028	1.026959	0.974212	1.023729	0.967969	0.984037	0.970959	0.991532	0.968214	1.017644	0.993769	1.010553	1.001291	1.032968	0.984953	0.984015	0.989441
ZNF131	ZNF131	ASO_C0008543_AD_05	Positive Control	r13b3ADp1	0.977392	0.941251	1.01399	0.999854	1.047135	1.016793	1.007464	1.004477	0.987757	0.98748	0.998357	0.9823	1.038498	1.017096	1.033716	1.011523	0.980503	0.984344	0.987615	0.985208	0.986016	1.012773	0.990195	1.008824	1.018273	1.015494	0.997252	0.982884
ZNF131	ZNF131	ASO_C0008543_AD_10	Positive Control	r13b3ADp1	0.988778	0.953285	0.976363	0.960937	0.995348	1.035615	0.993724	1.006138	1.031333	1.00285	0.995323	1.004438	0.978309	1.009027	0.977502	1.000771	0.969227	0.967415	0.975004	0.980944	1.003993	0.972186	1.013835	0.975527	1.008687	0.990304	0.987406	1.000647
ZNF37BP	ZNF37BP	ASO_G0234420_01	Targeted lncRNA	r6b5p3	0.861572	0.884464	1.040423	0.987939	0.983087	0.974742	1.000626	0.98627	0.993718	1.03993	0.99253	1.033288	1.013302	0.972098	1.00771	0.971515	1.034461	1.018723	1.019083	1.017127	1.065791	1.009907	1.0546	1.014531	1.029059	0.977375	0.983005	1.000404
ZNF37BP	ZNF37BP	ASO_G0234420_02	Targeted lncRNA	r6b5p3	0.708903	0.650498	1.008075	0.969281	0.977954	0.966132	1.008068	0.996718	0.999932	1.025713	1.047911	1.089788	0.996278	0.97692	0.990072	0.963952	1.028235	1.007977	1.023392	1.017396	1.006318	1.002106	1.002167	0.990337	0.966703	0.947288	1.019279	1.008458
ZNF37BP	ZNF37BP	ASO_G0234420_04	Targeted lncRNA	r6b5p3	0.294678	0.412933	0.758529	0.776468	0.899974	0.887847	0.978622	0.970368	1.131145	1.156902	1.24252	1.302265	0.829254	0.833641	0.805314	0.809529	0.911174	0.937758	0.942753	0.977199	0.861261	0.884392	0.871748	0.898132	0.793007	0.790248	1.060936	1.070649
ZNF37BP	ZNF37BP	ASO_G0234420_08	Targeted lncRNA	r6b5p3	0.294467	0.311627	0.766643	0.755506	0.828981	0.848726	0.956406	0.954203	1.176242	1.154858	1.322263	1.305288	0.787712	0.795086	0.771872	0.774797	0.954607	0.922468	0.976957	0.962779	0.892697	0.885147	0.910479	0.903357	0.78019	0.777541	1.067906	1.063759
ZNF37BP	ZNF37BP	ASO_G0234420_AD_03	Targeted lncRNA	r11b1ADp3	1.021614	1.018735	0.983181	0.949338	0.975733	0.982555	0.992371	0.994936	1.007063	0.997768	0.988828	1.012262	0.973807	0.962472	0.980175	0.968272	1.005853	0.973606	0.996637	0.972669	1.022203	0.989955	1.021384	0.995428	0.990789	0.974719	0.988213	0.994182
ZNF37BP	ZNF37BP	ASO_G0234420_AD_04	Targeted lncRNA	r11b1ADp3	0.99676	0.99331	0.996252	0.983934	1.005702	0.981329	0.996151	0.993077	1.026269	1.012907	1.018308	1.022583	0.993203	0.9803	0.989458	0.978737	0.99538	0.997173	0.991907	0.995319	0.97494	1.009186	0.976322	1.0169	0.983507	0.990498	1.009678	1.007578
ZNF37BP	ZNF37BP	ASO_G0234420_AD_07	Targeted lncRNA	r11b1ADp3	0.684875	0.608031	0.948047	0.929575	1.009773	0.962866	0.988208	0.99319	1.019911	1.02309	1.000192	1.043036	0.972784	0.932772	0.964563	0.919277	0.95311	0.956266	0.949199	0.958424	0.983575	0.98639	0.971023	0.978154	0.991644	0.962112	0.985227	0.991999
ZNF37BP	ZNF37BP	ASO_G0234420_AD_09	Targeted lncRNA	r11b1ADp3	0.955417	0.850717	1.047337	0.988655	0.983775	1.030704	0.994187	0.99038	0.994037	0.995105	1.018249	0.977184	1.008552	0.999398	1.00593	0.989849	1.025802	0.97964	1.018391	0.970559	1.031471	1.016463	1.027932	1.012152	1.021685	1.003313	1.00195	0.977083
ZNF37BP	ZNF37BP	ASO_G0234420_AD_10	Targeted lncRNA	r11b1ADp3	0.984077	0.932125	1.00832	0.936211	0.981648	0.967891	0.991198	0.980266	1.026239	1.014519	1.015159	1.02849	0.990783	0.949621	0.992201	0.950903	1.006929	0.979783	1.009066	0.981914	1.028357	1.002269	1.030396	1.000588	1.005785	0.960419	0.999774	1.000062
ZNF667-AS1	ZNF667-AS1	ASO_G0166770_01	Targeted lncRNA	r16bALLp1	1.045835	1.09501	0.992528	1.014436	1.013114	1.023025	1.004075	0.999838	0.984537	0.977136	0.973452	0.95826	1.002089	1.01405	1.004223	1.013521	0.994224	0.996756	0.995499	0.989243	1.003851	1.02255	0.999584	1.016408	0.991475	1.024994	0.986618	0.979834
ZNF667-AS1	ZNF667-AS1	ASO_G0166770_02	Targeted lncRNA	r16bALLp1	1.010271	1.003886	1.013786	1.040036	1.026147	1.010567	1.002396	0.992802	1.010546	0.989401	0.98051	0.993552	1.022079	1.018447	1.023905	1.017342	0.981107	1.013806	0.991183	1.013708	1.013234	1.033807	1.016173	1.031469	1.028764	1.022188	0.986332	0.995662
ZNF667-AS1	ZNF667-AS1	ASO_G0166770_03	Targeted lncRNA	r16bALLp1	0.57847	0.51291	0.866333	0.884482	0.940192	0.930913	0.940255	0.931466	1.066309	1.057307	1.086593	1.085987	0.876455	0.885314	0.865097	0.886202	0.964192	0.984341	0.963278	0.973638	0.975071	0.990049	0.976202	1.00111	0.90321	0.918193	0.987395	0.989893
ZNF667-AS1	ZNF667-AS1	ASO_G0166770_05	Targeted lncRNA	r16bALLp1	0.950512	0.931312	1.04118	1.079515	0.998454	1.047928	0.996691	1.001121	1.019276	0.975449	1.009198	0.945326	1.0204	1.064528	1.018647	1.061318	1.014551	1.004681	1.017529	0.997313	1.005693	1.048008	1.006565	1.043874	1.012534	1.072374	1.006716	0.973139
ZNF667-AS1	ZNF667-AS1	ASO_G0166770_07	Targeted lncRNA	r16bALLp1	0.982643	0.990585	1.013817	0.958866	0.980131	0.979223	0.996827	0.988239	0.998149	0.994639	1.003267	0.987993	1.00694	0.957058	1.006702	0.954411	1.009247	0.979725	1.018442	0.98153	1.011168	1.006816	1.012582	1.003462	0.99984	0.975159	1.007835	0.986341
ZNF674-AS1	ZNF674-AS1	ASO_G0230844_01	Targeted lncRNA	r3b2p6	0.851867	0.90426	0.868116	0.898334	1.01522	1.024681	0.990212	0.991031	1.011613	1.026065	1.061345	1.081291	0.941476	0.973194	0.929694	0.959063	0.918623	0.952591	0.943121	0.972456	0.933348	0.926217	0.934456	0.934863	0.921385	0.926844	1.002532	1.025384
ZNF674-AS1	ZNF674-AS1	ASO_G0230844_02	Targeted lncRNA	r3b2p6	1.034278	0.879453	0.930677	0.988716	0.958206	0.964986	0.986093	0.988348	1.038777	1.019216	1.037283	1.019051	0.944618	0.963165	0.943799	0.954942	0.985807	1.010785	0.987159	1.0007	0.985004	1.026974	0.989533	1.029166	0.937534	0.968173	1.009112	0.995502
ZNF674-AS1	ZNF674-AS1	ASO_G0230844_04	Targeted lncRNA	r3b2p6	0.978095	0.966	0.813527	0.913506	0.991496	1.014393	0.985194	1.0155	1.051938	1.005495	1.108588	1.047487	0.892396	0.976614	0.881282	0.967601	0.912928	0.961609	0.940773	0.984973	0.910268	0.924326	0.917809	0.929668	0.863213	0.925985	1.017117	1.026659
ZNF674-AS1	ZNF674-AS1	ASO_G0230844_05	Targeted lncRNA	r3b2p6	0.872127	0.881644	0.937189	0.933835	1.104873	1.092126	1.0155	1.019899	1.014686	0.973398	1.011052	1.002604	1.039751	1.023054	1.025618	1.013395	0.93023	0.933467	0.956097	0.952793	0.909582	0.910583	0.918821	0.914951	0.978596	0.960631	1.018558	1.010718
ZNF674-AS1	ZNF674-AS1	ASO_G0230844_06	Targeted lncRNA	r3b2p6	0.86979	0.961227	0.985281	0.938683	1.009553	0.937573	0.99926	0.997575	1.018355	1.045566	1.02491	1.080782	1.00138	0.941119	1.002076	0.939019	0.993226	1.000363	0.997798	1.016096	0.993195	0.975443	0.994507	0.980154	0.985355	0.918118	1.00459	1.021451
ZNF674-AS1	ZNF674-AS1	ASO_G0230844_AD_01	Targeted lncRNA	r13b3ADp3	0.996454	0.910366	1.062765	1.134694	1.015651	1.007881	1.00776	0.995332	1.005433	0.987236	0.995242	0.982493	1.046641	1.059602	1.045633	1.057159	1.013611	1.040408	1.013438	1.036616	1.008959	1.068072	1.016085	1.059942	1.051037	1.066184	1.009823	0.991075
ZNF674-AS1	ZNF674-AS1	ASO_G0230844_AD_02	Targeted lncRNA	r13b3ADp3	0.878022	0.792851	0.991035	1.003985	0.990455	1.002379	0.990798	0.998309	0.999468	1.001684	0.966796	1.013195	0.981602	1.00086	0.985765	1.003566	1.00511	1.007891	0.981073	0.999147	1.012267	0.985453	1.007023	0.976518	1.004667	0.999575	0.973079	1.000724
ZNF674-AS1	ZNF674-AS1	ASO_G0230844_AD_06	Targeted lncRNA	r13b3ADp3	0.85628	0.877267	1.024794	1.034321	1.020548	0.981654	0.998809	0.992849	1.001201	1.005907	1.015132	1.022364	1.016106	1.006125	1.008796	1.005509	1.009314	1.023297	1.004187	1.014034	1.010063	1.025482	1.013728	1.018334	1.004696	1.008359	0.99923	1.003603
ZNF674-AS1	ZNF674-AS1	ASO_G0230844_AD_07	Targeted lncRNA	r13b3ADp3	-0.077097	-0.051146	0.597619	0.587983	0.759291	0.748634	0.911828	0.89636	1.274493	1.285898	1.51145	1.529803	0.662403	0.653359	0.649067	0.63992	0.906932	0.908705	0.95212	0.95936	0.783419	0.786293	0.817897	0.822236	0.643229	0.637457	1.109319	1.110245
ZNF674-AS1	ZNF674-AS1	ASO_G0230844_AD_08	Targeted lncRNA	r13b3ADp3	0.474239	0.461101	0.887332	0.842137	0.987936	0.983214	0.986053	0.997431	1.05799	1.044505	1.147232	1.131451	0.941295	0.916814	0.927015	0.899148	0.950165	0.924799	0.978587	0.955766	0.913096	0.886465	0.911739	0.891063	0.893542	0.866599	1.035888	1.03614
ZNF730	ZNF730	ASO_G0267886_01	Positive Control	r14b9plusp1	1.016426	0.935331	0.96428	0.955547	1.008441	1.008567	1.006547	1.001003	0.971431	0.999411	0.972628	1.011728	0.991448	0.977481	0.987745	0.977542	0.971152	0.971281	0.976437	0.980553	0.996927	0.971785	0.9902	0.970493	1.000471	0.970766	0.990188	1.003093
ZNF730	ZNF730	ASO_G0267886_02	Positive Control	r14b9plusp1	1.006535	0.911932	0.919449	0.965943	1.036203	1.02584	1.004404	0.99929	0.985535	1.007806	0.995668	1.031708	0.986406	1.008658	0.984752	1.001167	0.94703	0.976083	0.958051	0.999348	0.947543	0.975703	0.955523	0.984006	0.97494	0.979749	1.004407	1.011227
ZNF730	ZNF730	ASO_G0267886_03	Positive Control	r14b9plusp1	0.987221	0.984726	0.937705	0.87178	0.850648	0.886744	0.962403	0.971643	1.052265	1.057147	1.054644	1.090298	0.880418	0.873295	0.890232	0.880028	1.04112	1.002838	1.025219	1.002294	1.057403	0.985676	1.071199	0.998638	0.941678	0.891769	1.003959	1.016315
ZNF730	ZNF730	ASO_G0267886_04	Positive Control	r14b9plusp1	0.962922	0.925755	0.950518	1.057477	1.000446	0.977237	1.004834	0.99077	0.979184	1.029082	1.016118	1.053892	0.978376	1.015639	0.973432	1.013146	0.977001	1.038365	0.982215	1.04158	0.998403	1.041053	0.994484	1.037483	0.969123	1.000885	0.995439	1.002933
ZNF730	ZNF730	ASO_G0267886_06	Positive Control	r14b9plusp1	0.97049	0.936814	0.961863	0.862787	0.991034	0.961197	1.000461	0.996504	1.004891	1.045257	1.048901	1.091643	0.980209	0.913949	0.980832	0.908662	0.994319	0.95589	1.003062	0.973108	0.971322	0.938096	0.977007	0.947997	0.960682	0.901093	1.01659	1.020665
ZNF730	ZNF730	ASO_G0267886_AD_01	Positive Control	r12b2ADp6	1.036485	1.010348	0.833449	0.86034	0.927342	0.922538	0.980751	0.984578	1.032504	1.073187	1.135825	1.113354	0.881702	0.894707	0.876358	0.892228	0.975353	0.99498	0.986153	0.991379	0.940593	0.96856	0.949435	0.973797	0.867026	0.893226	1.030686	1.021209
ZNF730	ZNF730	ASO_G0267886_AD_02	Positive Control	r12b2ADp6	0.97059	0.938598	0.899304	0.876233	0.975471	0.983196	0.989646	1.001127	1.014274	1.023683	1.054619	1.059943	0.932056	0.933116	0.930295	0.927991	0.981688	0.94694	0.978293	0.957961	0.972435	0.939387	0.979576	0.947494	0.9293	0.91856	1.00704	1.013763
ZNF730	ZNF730	ASO_G0267886_AD_04	Positive Control	r12b2ADp6	1.042727	0.961024	0.897757	1.063774	1.011569	0.988146	1.001673	0.995376	0.969409	0.970764	0.981262	0.961175	0.963659	1.010891	0.958359	1.018236	0.965654	1.049525	0.955322	1.033135	0.966038	1.064911	0.96448	1.053239	0.963189	1.030691	0.990476	0.986595
ZNF730	ZNF730	ASO_G0267886_AD_05	Positive Control	r12b2ADp6	0.878769	0.779315	0.972257	0.918285	1.056151	0.981779	1.001563	0.993768	1.011691	1.01671	1.049704	1.086434	1.018646	0.954507	0.994933	0.942953	0.986223	0.975033	0.997753	0.985533	0.973321	0.987335	0.97157	0.981554	0.960223	0.930963	1.006559	1.008795
ZNF730	ZNF730	ASO_G0267886_AD_09	Positive Control	r12b2ADp6	0.990027	0.987736	0.95388	1.008307	1.064827	1.096031	1.013899	1.013681	0.96648	0.985482	1.031906	0.989535	1.021965	1.060726	1.005152	1.054653	0.943574	0.984721	0.975656	0.985352	0.934348	0.965319	0.934131	0.962688	0.97547	1.013831	1.020337	1.002065
ZSCAN16-AS1	ZSCAN16-AS1	ASO_G0269293_01	Targeted lncRNA	r14b9plusp1	0.99767	0.997797	0.950255	1.030785	0.997916	1.003222	1.001291	0.997566	0.995062	1.021289	1.025114	1.006059	0.982453	1.009134	0.979607	1.004672	0.977132	1.013848	0.992261	1.003943	0.974795	1.015126	0.977513	1.020146	0.961764	1.01466	1.010957	0.997663
ZSCAN16-AS1	ZSCAN16-AS1	ASO_G0269293_02	Targeted lncRNA	r14b9plusp1	1.036288	1.038551	0.992531	0.925833	0.978556	0.957518	0.989234	0.996064	1.030584	1.032591	1.022464	1.049357	0.996098	0.943734	0.991796	0.944975	1.013413	0.987514	1.007069	0.99436	1.00163	0.975273	1.00321	0.984288	0.992525	0.939728	1.002355	1.010487
ZSCAN16-AS1	ZSCAN16-AS1	ASO_G0269293_03	Targeted lncRNA	r14b9plusp1	0.899981	0.874511	0.976114	0.964273	0.976247	0.984204	0.986207	0.999283	1.01556	1.006604	1.062149	1.047324	0.977232	0.980106	0.976033	0.972159	0.999473	0.997309	1.007385	1.01106	1.00282	0.987611	1.009974	0.986858	0.971995	0.956207	1.011466	1.016839
ZSCAN16-AS1	ZSCAN16-AS1	ASO_G0269293_04	Targeted lncRNA	r14b9plusp1	0.874316	0.889471	1.037301	0.984203	1.05081	0.984185	0.999537	0.992551	0.942119	1.007957	0.965282	1.05043	1.043484	0.988006	1.035631	0.983705	0.995375	1.001984	0.980258	1.00865	1.046008	1.009291	1.043507	1.00873	1.046898	0.974803	0.982249	1.011965
ZSCAN16-AS1	ZSCAN16-AS1	ASO_G0269293_08	Targeted lncRNA	r14b9plusp1	0.76752	0.761457	1.075187	1.027559	1.044762	1.050846	1.005611	1.005119	1.001697	0.957831	0.997894	0.974407	1.065629	1.048049	1.058885	1.044166	1.028325	1.004981	1.023731	1.000356	1.016679	1.014514	1.009694	1.003833	1.046008	1.031755	0.996902	0.987862
ZSCAN16-AS1	ZSCAN16-AS1	ASO_G0269293_AD_02	Targeted lncRNA	r13b3ADp6	0.982378	0.944855	1.050153	0.992168	1.001015	1.00318	1.003915	1.000602	0.992775	1.018463	0.99031	1.004681	1.017533	1.005542	1.019956	1.000976	1.012441	0.994019	1.006783	0.9961	1.02442	0.976591	1.021191	0.980682	1.028096	0.989439	0.99715	1.008158
ZSCAN16-AS1	ZSCAN16-AS1	ASO_G0269293_AD_04	Targeted lncRNA	r13b3ADp6	0.863226	0.892097	1.066011	1.038989	1.03159	0.990769	0.996911	1.006163	1.002803	1.013505	1.01026	1.010107	1.046086	1.01875	1.038661	1.009176	1.022132	1.022877	1.01463	1.027178	1.039776	1.010882	1.027373	1.004439	1.027464	1.00032	0.994895	1.005747
ZSCAN16-AS1	ZSCAN16-AS1	ASO_G0269293_AD_07	Targeted lncRNA	r13b3ADp6	0.837843	0.84699	1.027006	1.07644	1.035276	0.950491	0.999932	0.980626	1.005572	1.027148	1.010645	1.040861	1.037298	0.98482	1.025269	0.988314	1.01984	1.043331	1.015289	1.021868	1.027837	1.055349	1.025318	1.052925	1.017506	1.011758	0.998161	0.999689
ZSCAN16-AS1	ZSCAN16-AS1	ASO_G0269293_AD_09	Targeted lncRNA	r13b3ADp6	0.825688	0.803515	1.0288	1.126316	0.989051	1.010629	1.001225	0.994434	1.022071	1.011306	1.034745	1.01609	1.005381	1.071435	0.999519	1.068612	1.009444	1.049508	1.007216	1.039847	1.008239	1.068676	1.008823	1.065772	0.992877	1.076741	1.007454	0.999521
ZSCAN16-AS1	ZSCAN16-AS1	ASO_G0269293_AD_10	Targeted lncRNA	r13b3ADp6	0.847384	0.832316	1.03783	1.070426	1.024085	1.014571	0.991268	1.009694	1.008681	1.024816	1.011934	1.006105	1.035076	1.044511	1.023981	1.036484	1.009012	1.018655	1.004667	1.019724	1.026441	1.020206	1.030182	1.013901	1.018198	1.029161	0.991673	1.001519
